#include "gui.h"

static const binfile_t background_a26 = {"background_a26.png", 2525, {
"\x89\x50\x4E\x47\x0D\x0A\x1A\x0A\x00\x00\x00\x0D\x49\x48\x44\x52\x00\x00\x01\x40\x00\x00\x00\xF0\x08"
"\x03\x00\x00\x00\x46\xF3\x4D\x59\x00\x00\x03\x00\x50\x4C\x54\x45\xFB\xF8\xF1\xFA\xF7\xF0\xFB\xF7\xED"
"\xF9\xF6\xF0\xF9\xF6\xEF\xF8\xF5\xEF\xF7\xF4\xEE\xF6\xF4\xED\xFB\xF2\xE3\xFA\xF2\xE2\xF6\xF3\xED\xF5"
"\xF3\xED\xF5\xF3\xEC\xF4\xF2\xEC\xF3\xF1\xEB\xFA\xF0\xD9\xFA\xEF\xD9\xF2\xF0\xEA\xF1\xEF\xEA\xF0\xEE"
"\xEA\xF0\xEE\xE9\xEF\xED\xE9\xEE\xEC\xE8\xED\xEC\xE7\xED\xEB\xE7\xEC\xEB\xE7\xEC\xEB\xE6\xFB\xEA\xCC"
"\xFA\xE9\xCB\xFB\xE7\xC6\xFA\xE7\xC6\xFA\xE7\xC5\xFA\xE6\xC5\xFA\xE6\xC3\xEB\xEA\xE6\xEA\xE9\xE5\xE9"
"\xE8\xE4\xE8\xE8\xE4\xE8\xE8\xE3\xE7\xE7\xE3\xE7\xE6\xE2\xE6\xE6\xE2\xE6\xE5\xE1\xE5\xE5\xE0\xE5\xE4"
"\xE0\xE4\xE4\xE0\xE4\xE4\xDF\xE3\xE3\xDF\xE2\xE2\xDE\xE1\xE1\xDD\xE0\xE0\xDD\x00\x00\x00\x00\x00\x00"
"\x00\x00\x00\x00\x00\x00\x00\x00\x00\x00\x00\x00\x00\x00\x00\x00\x00\x00\x00\x00\x00\x00\x00\x00\x00"
"\x00\x00\x00\x00\x00\x00\x00\x00\x00\x00\x00\x00\x00\x00\x00\x00\x00\x00\x00\x00\x00\x00\x00\x00\x00"
"\x00\x00\x00\x00\x00\x00\x00\x00\x00\x00\x00\x00\x00\x00\x00\x00\x00\x00\x00\x00\x00\x00\x00\x00\x00"
"\x00\x00\x00\x00\x00\x00\x00\x00\x00\x00\x00\x00\x00\x00\x00\x00\x00\x00\x00\x00\x00\x00\x00\x00\x00"
"\x00\x00\x00\x00\x00\x00\x00\x00\x00\x00\x00\x00\x00\x00\x00\x00\x00\x00\x00\x00\x00\x00\x00\x00\x00"
"\x00\x00\x00\x00\x00\x00\x00\x00\x00\x00\x00\x00\x00\x00\x00\x00\x00\x00\x00\x00\x00\x00\x00\x00\x00"
"\x00\x00\x00\x00\x00\x00\x00\x00\x00\x00\x00\x00\x00\x00\x00\x00\x00\x00\x00\x00\x00\x00\x00\x00\x00"
"\x00\x00\x00\x00\x00\x00\x00\x00\x00\x00\x00\x00\x00\x00\x00\x00\x00\x00\x00\x00\x00\x00\x00\x00\x00"
"\x00\x00\x00\x00\x00\x00\x00\x00\x00\x00\x00\x00\x00\x00\x00\x00\x00\x00\x00\x00\x00\x00\x00\x00\x00"
"\x00\x00\x00\x00\x00\x00\x00\x00\x00\x00\x00\x00\x00\x00\x00\x00\x00\x00\x00\x00\x00\x00\x00\x00\x00"
"\x00\x00\x00\x00\x00\x00\x00\x00\x00\x00\x00\x00\x00\x00\x00\x00\x00\x00\x00\x00\x00\x00\x00\x00\x00"
"\x00\x00\x00\x00\x00\x00\x00\x00\x00\x00\x00\x00\x00\x00\x00\x00\x00\x00\x00\x00\x00\x00\x00\x00\x00"
"\x00\x00\x00\x00\x00\x00\x00\x00\x00\x00\x00\x00\x00\x00\x00\x00\x00\x00\x00\x00\x00\x00\x00\x00\x00"
"\x00\x00\x00\x00\x00\x00\x00\x00\x00\x00\x00\x00\x00\x00\x00\x00\x00\x00\x00\x00\x00\x00\x00\x00\x00"
"\x00\x00\x00\x00\x00\x00\x00\x00\x00\x00\x00\x00\x00\x00\x00\x00\x00\x00\x00\x00\x00\x00\x00\x00\x00"
"\x00\x00\x00\x00\x00\x00\x00\x00\x00\x00\x00\x00\x00\x00\x00\x00\x00\x00\x00\x00\x00\x00\x00\x00\x00"
"\x00\x00\x00\x00\x00\x00\x00\x00\x00\x00\x00\x00\x00\x00\x00\x00\x00\x00\x00\x00\x00\x00\x00\x00\x00"
"\x00\x00\x00\x00\x00\x00\x00\x00\x00\x00\x00\x00\x00\x00\x00\x00\x00\x00\x00\x00\x00\x00\x00\x00\x00"
"\x00\x00\x00\x00\x00\x00\x00\x00\x00\x00\x00\x00\x00\x00\x00\x00\x00\x00\x00\x00\x00\x00\x00\x00\x00"
"\x00\x00\x00\x00\x00\x00\x00\x00\x00\x00\x00\x00\x00\x00\x00\x00\x00\x00\x00\x00\x00\x00\x00\x00\x00"
"\x00\x00\x00\x00\x00\x00\x00\x00\x00\x00\x00\x00\x00\x00\x00\x00\x00\x00\x00\x00\x00\x00\x00\x00\x00"
"\x00\x00\x00\x00\x00\x00\x00\x00\x00\x00\x00\x00\x00\x00\x00\x00\x00\x00\x00\x00\x00\x00\x00\x00\x00"
"\x00\x00\x00\x00\x00\x00\x00\x00\x00\x00\x00\x00\x00\x00\x00\x00\x00\x00\x00\x00\x00\x00\x00\x00\x00"
"\x00\x00\x00\x00\x00\x00\x00\x00\x00\x00\x00\x00\x00\x00\x00\x00\x00\x00\x00\x00\x00\x00\x00\x00\x00"
"\x00\x00\x00\x00\x00\x00\x00\x00\x00\x16\x64\xD4\x28\x00\x00\x06\x98\x49\x44\x41\x54\x78\xDA\xED\x9D"
"\x6B\x57\xE2\x3C\x14\x85\x45\x0B\x8C\x0A\x8C\x52\xC1\xDB\xAB\xE3\x00\x52\xC1\x62\x2F\xFF\xFF\xC7\xBD"
"\xCB\x4B\xD3\x14\x7A\xB3\x99\x42\xCE\xF2\x79\xBE\x8D\x76\x16\xAE\x4D\x76\x4F\xB2\x7B\x92\x1E\x1D\x01"
"\x00\x00\x00\x00\x00\x00\x00\x00\x00\x00\x00\x00\x00\x00\x00\x00\x00\x00\x00\x00\x00\x00\x00\x00\x00"
"\x00\x00\x00\x00\x80\x10\x7A\xEE\x7C\xB5\x09\xA3\x28\xDC\xAC\xE6\x6E\x0F\x3D\xBE\x47\x7F\x16\xC4\x19"
"\x82\xDB\x3E\xAA\xD4\x66\xB4\x8E\x73\x58\x8F\x50\xA6\x16\x83\x5C\xF9\x3E\x24\x1C\xA0\x4E\x25\x9D\x59"
"\x5C\xC2\xAC\x83\x42\x15\xA5\xC3\x8F\x4B\xF1\x29\x27\xE5\xF6\x0D\xE3\x0A\xC2\x21\x2A\x95\x54\x8F\x28"
"\xAE\x24\xA2\x96\x14\x32\xCC\xE8\xB7\x99\x8D\xFB\x4E\xA7\xE3\xF4\xC7\xB3\x4D\x46\x41\x4A\x49\xD1\xFD"
"\x4F\xF7\xEF\x22\x23\xD3\x60\xA1\xBB\x98\xFB\x60\x7E\xFD\xD5\xEA\x87\xB7\xA3\x51\xCF\xD3\x2A\x09\xB5"
"\x38\x8F\x74\xFE\x12\xB9\x79\xBF\x77\x53\x83\xCF\x50\x2B\xA7\x00\xA7\x16\x1D\x54\x96\x68\xD6\x75\xBB"
"\xAC\xAB\x6F\x71\xE9\x4D\x72\x8D\x5E\x3B\x33\x98\x3A\x45\x76\xA0\x5C\xCC\x5C\xA6\x70\x00\xBA\x65\x57"
"\xB9\x0C\xC1\x02\xFA\xAA\xFE\x96\x5F\xE7\x71\x17\xAC\x28\xC1\x15\x73\xBC\xB3\xE4\xBA\x5B\x34\xCB\x90"
"\xE4\xA7\x8B\xAA\x0B\x93\x19\x75\x80\x66\x99\xFA\x9A\x0C\xAC\xCA\x65\xDA\xB0\xE6\x50\xFD\x61\x24\xC5"
"\xE1\xAD\xFA\xD2\x4D\x9D\x62\xF3\xE3\x98\xD7\x5F\x62\xCC\x59\x8D\xE4\xB0\xFA\x52\x65\x5C\x7D\xE9\xF8"
"\xEB\xD2\x15\xAA\xE5\xF8\xB2\xC6\xE4\x24\x99\xF0\x6C\x50\x4D\x23\x59\xA3\x39\xD5\x97\x9E\x24\x2B\x3E"
"\x54\xD3\x48\x96\x68\x35\x72\xAA\x4E\xB2\xE4\x43\x35\x04\xC4\xC2\x14\x11\xA6\x31\xC0\x44\xFA\x5F\x2E"
"\xE5\x36\xF5\xDD\xCE\x52\x8E\x30\xE1\x5F\x52\x3B\xCE\x5A\x12\x67\xE5\x72\x5B\x73\x60\xF5\x09\x54\x2B"
"\x84\xC9\x89\xF4\x07\x93\xC9\x60\xBB\x5C\x13\xE9\x6F\x53\xF8\x50\xC9\xF9\x78\x0C\xE2\x7D\x4E\xB1\x27"
"\xC9\x55\x2F\x28\xB6\x45\xE1\x63\x4D\x4F\x1B\x99\x3C\xD6\xAC\x33\x04\xB3\x0F\xD6\x55\xC3\xC2\x90\x07"
"\xEB\xE5\x14\xB4\x76\x4C\x93\x9F\xCE\x69\xED\xA8\x20\xBF\xB9\x48\x09\x18\x4E\xD2\xE6\x22\x4A\x70\x1E"
"\x7A\x7B\xDB\xEA\x6C\x77\x60\x6A\xDD\xFA\xB4\xB7\xE5\x2F\x47\x32\x0D\x96\xE7\x5B\x4B\x37\x1A\x2C\x6B"
"\xDC\x06\xB3\x2D\xBE\xF3\x8F\x16\xDF\x9D\x6D\x0F\xB4\xF8\x96\xCC\x65\x68\x32\x37\x1D\x83\xD5\xDB\x1C"
"\xCE\x51\xA9\xF4\x3E\x58\xB1\xD1\x66\xCD\xFD\xAF\xAA\x16\x97\x6E\xF5\xBA\xA5\xFE\xD6\xC8\x15\x0A\x37"
"\x1B\x46\xCC\x9F\x6B\xD6\x92\x22\x09\xF1\x6F\xED\x51\x78\x1B\xE4\x09\x38\x45\x99\x6F\x94\x13\x77\xB6"
"\x7A\x7B\xDF\xF2\xFF\xB6\x52\x62\xBE\x22\x4B\x23\xC6\x84\x08\x86\x95\x59\xCD\xAF\xEF\x10\xA3\x11\x6A"
"\xAB\x21\x8F\x92\x1A\x96\xE5\x58\x8B\x55\xA1\x81\x87\xC3\x34\x56\x85\x26\xCC\xD5\x52\x98\xA5\x48\x23"
"\x54\x3F\x02\x4F\x93\x1A\xA2\x62\xD5\x05\x5A\x34\x42\x75\x2E\x44\x78\xB8\xD9\xDA\x4E\x79\x78\x8C\x18"
"\x8D\xF0\x6B\x6E\xE7\x84\x02\xD4\xE3\xCD\xF8\x04\x31\x9A\xD0\x55\x02\x4E\x10\xA3\x11\x6B\xDA\x3A\xCC"
"\x98\x10\xAB\x9A\x71\x12\x11\xAB\x9A\xE1\x11\xAB\x9A\x41\xAC\x6A\x08\xB1\xAA\x29\xC4\xAA\x86\x10\xAB"
"\x9A\x7A\x98\x58\xD5\x10\x62\x55\x43\x88\x55\x4D\x21\x56\x35\x84\x58\xD5\x10\x62\x55\x53\x88\x55\x0D"
"\x21\x56\x35\x84\x58\xD5\x14\x62\x55\x43\x88\x55\x0D\x21\x56\x35\x85\x58\x75\x87\xDE\xB2\xC6\xFE\xA4"
"\xD6\x88\x96\xD2\xEF\x05\xBD\x30\x3E\x2C\xD2\xF7\x2E\x2E\xE3\x43\xB3\x14\xAD\x9F\x13\x1D\x5C\xC0\xB8"
"\x2B\x59\x40\xF7\xF0\xFA\xC9\x9E\x94\x7B\x16\x08\xB8\xC6\xC1\x86\xF4\x70\xB0\x19\x37\xF2\x1D\xFC\x9D"
"\x78\x2A\x73\x96\x51\x25\xB9\xDB\x67\xBF\x0E\x1F\x5C\x88\x9F\x94\x2B\x07\x5F\x7D\xEB\xBF\xE9\xA7\x69"
"\x55\x7C\xC0\x2A\x7F\xCC\x7D\xCA\x3F\x12\xDF\xEB\x90\x38\x38\x72\x5A\xFA\x82\x5E\x8B\x5C\xFB\xFA\xF1"
"\x89\xA1\xF4\x83\x68\x9A\x38\xF8\x3B\xA8\xF1\x17\xCC\x46\xDD\x4E\xA7\x3B\x4A\xDF\x5B\xEC\xE9\xFE\x0E"
"\x7E\x96\x83\x6B\xA3\xF4\xD1\x8E\x42\x72\x03\xED\x3E\x38\x14\xDE\xEB\xD0\xB2\x83\x13\x79\x96\x99\x67"
"\x78\x9D\xE7\xAF\x1F\xBF\x9F\xFF\xB1\x91\xDD\xEB\xD0\xB2\x83\xD7\x05\xE7\xFD\xCE\xD2\xF9\xF3\x9D\xE8"
"\x5E\x87\x96\x1D\x7C\x59\x98\x15\x7C\x8D\xC1\x4B\xED\x1D\x4D\x97\x38\xB8\xA0\x82\x04\x9F\x63\xEB\xF8"
"\xF7\xFD\x9F\x3F\xF7\x17\xC7\x9F\x2E\x0E\xD4\x59\xDE\xBE\xE4\x48\xA6\x5D\x07\x3B\xFA\xE8\x3E\x7D\xF8"
"\xFB\xC1\xC3\xA9\xFE\xD5\x39\xE9\x83\xD2\xB6\x26\x52\x82\x1D\x3C\xD6\x26\x28\xA7\x7F\x15\x9F\x0A\x06"
"\x49\x7F\x83\x7A\x50\x7A\x85\x83\xB7\x58\xA4\x15\xE4\xF8\x21\x15\xF0\xF1\x38\xAD\x23\xEF\x3D\x4A\x2F"
"\x72\x7B\x1D\x5A\xAE\xC1\x7E\xDA\x08\xF7\xFB\xAF\xC6\x45\xBA\x88\xF3\xF5\x38\xA3\x8B\x83\xB3\x84\xA9"
"\x2C\xFF\xE9\x02\xDE\xBF\xFF\xA4\xAB\xDE\x49\xA2\xFE\x8C\x09\x0E\xCE\x12\xA5\xEF\xC8\x79\xD2\x05\x7C"
"\xF8\xA8\xC3\xE9\x5B\x71\x9E\xA5\xC6\xAA\x6D\xAF\x83\x35\x01\x1F\x74\x01\x1F\xB7\x04\xBC\x14\x1A\xAB"
"\xB6\xED\x60\xDD\xC2\xF7\x25\x16\x4E\x7B\xD7\xAF\x71\x70\x51\x11\xB9\x28\x28\x22\x6B\xAD\x5C\x8B\x7B"
"\xC9\x50\xDB\x0E\xAE\x3B\x8D\xD1\x62\xD5\x01\x0E\xAE\x31\x91\xFE\x95\x9D\x48\xA7\xFF\x10\xF6\x96\xA1"
"\xD6\x1D\x9C\x2C\xE5\x3E\xA3\xC0\xD3\xC7\xAF\xF1\xF7\x4B\xFB\xF4\xE4\xB3\x67\x12\xDF\xB4\xE6\xB5\xBF"
"\x00\xC8\x86\x09\x17\xF7\x4F\x4F\x49\x98\xE0\x04\x99\x17\x83\x0D\x04\x6E\x3F\x69\xDF\xC1\x6A\x7E\xE2"
"\x15\x7E\x7B\x2A\xC2\x7A\x93\xB7\xFD\xC4\xDD\x47\x08\x52\x11\xA8\xA6\x2F\x75\xB9\x96\xB7\xFD\xC4\xDB"
"\xC7\x12\x3E\x89\xF4\x9F\x33\xBA\x38\xDE\x4E\xD1\xED\x89\x8B\x55\xF7\xE1\xE0\xA3\x8A\x87\x4A\xB7\xBB"
"\x63\x35\x7E\xC6\xC1\xF9\x03\xBD\xE8\xB1\x66\xC2\x44\x5A\xAC\xEA\xED\x29\x84\xAB\x7A\xB0\x9E\xD0\x8D"
"\x65\xBD\x2F\x71\x4F\x0E\xD6\x6F\x78\xB9\xAD\x1D\xDB\x53\x1E\x31\x6F\x0B\x73\xF7\xE8\x98\xB2\xE6\xA2"
"\x94\x2B\x59\xB1\xAA\xB7\xCF\x18\x7D\xF0\xB2\xD3\x50\x39\x2C\xF6\xC4\x14\x07\xE7\xCC\xA8\x33\x2D\x5A"
"\xAB\xDC\xB9\x4A\xD2\xEB\xEE\xE3\xE0\xDC\xAF\x6C\xBC\xF0\xDF\x8F\x95\xF7\x17\x63\xA7\x74\xD9\x22\xA3"
"\xD3\xCD\xB3\xF0\x41\x98\x8A\x55\xEF\x70\x70\x33\xE6\x72\x3A\xDD\x5C\x2B\x67\xAD\xAA\xD3\xED\x1C\x07"
"\x37\x43\x4C\xAC\x6A\xA7\x83\xD3\x23\x41\xAC\xEF\x74\x73\x2D\x5D\x77\xF6\xA5\xC4\xAA\x25\x0E\x76\x26"
"\x53\x53\x26\xCD\xBF\x16\x5F\x46\xAC\x5A\xE2\x60\x27\xF8\x07\x9B\x66\x82\xC6\x0A\xDE\xC8\x88\x55\x4B"
"\x1C\x3C\x39\xEC\xD6\xC1\xAE\x8C\x53\x7D\x4A\x1C\x7C\x60\x01\x55\xAC\x6A\x75\xA7\x5B\xA7\xA4\x06\x1F"
"\xD8\xC2\x69\xAC\x6A\xB3\x87\x47\x65\x35\xD8\x99\xDC\x99\x62\x50\x44\x8E\x4E\x24\xD4\xE1\xA9\xCD\x36"
"\x59\x09\xC8\xB4\x16\x36\xFF\x8D\x53\x01\xDB\x6E\x3C\x9B\x5D\x72\x29\xA0\x8A\xBC\xD8\xBC\x39\x2D\x09"
"\x14\x56\x8C\x40\xB3\x0A\x67\xF3\x08\x14\x71\x0F\xB4\x79\x31\x77\x6D\xB3\x4B\x5E\x04\x9C\xA1\x60\x73"
"\x3B\xA8\x88\x36\x37\xB5\x12\xF1\xAD\x9B\xEE\x77\x7C\x11\x69\x82\x3A\x2B\x6B\x65\x59\x1E\x98\x9E\x4F"
"\x61\x77\x9E\xA5\x7C\x12\x6F\xAC\x72\xCA\x48\x9D\xF2\x6D\x7B\xB3\xB9\xD6\xAD\xE2\xDF\x0C\xBB\x16\xD8"
"\xA5\xD3\x1D\xDE\xF8\x5A\xDF\x8C\xDD\xFA\x1D\xF5\xAC\x38\xED\xA9\xE4\x48\x46\xEB\x77\x2C\x5D\xD9\x2D"
"\xA0\x80\x8D\xC3\xD7\x36\xEB\x27\x62\xC3\xD7\x14\xFD\x4C\x63\x8F\xD0\x4E\xF9\x42\x31\x5D\xE6\xDD\xB9"
"\x8D\xFA\xCD\x25\xED\x5A\x3F\x9B\x59\x36\x0A\xC3\xD9\xD9\x91\x2C\x3A\xC3\xEB\xE5\x6B\x68\xC1\xA4\x26"
"\x0A\x5F\x97\xD7\x43\xDE\xF1\x02\x00\x00\x00\x00\x00\x00\x00\x00\x00\x00\x00\x00\x00\x00\x00\x00\x00"
"\x00\xF0\xD3\xF8\x1F\x29\xD5\x60\x23\x73\xD6\xC5\x0B\x00\x00\x00\x00\x49\x45\x4E\x44\xAE\x42\x60\x82"
}
};

static const binfile_t background_col = {"background_col.png", 3495, {
"\x89\x50\x4E\x47\x0D\x0A\x1A\x0A\x00\x00\x00\x0D\x49\x48\x44\x52\x00\x00\x01\x40\x00\x00\x00\xF0\x08"
"\x03\x00\x00\x00\x46\xF3\x4D\x59\x00\x00\x03\x00\x50\x4C\x54\x45\xFC\xF8\xEF\xFB\xF8\xF1\xF8\xF6\xEF"
"\xF8\xF5\xEF\xFC\xF4\xE5\xFC\xF4\xE4\xFC\xF3\xE2\xF5\xF3\xED\xFC\xF2\xDF\xF4\xF2\xEC\xF3\xF1\xEB\xFB"
"\xEF\xD8\xF4\xF0\xE6\xF0\xEE\xE9\xF4\xEC\xDD\xF4\xEB\xD9\xEF\xEE\xE8\xEE\xED\xE8\xEC\xEA\xE6\xE9\xE8"
"\xE4\xE9\xE7\xE3\xE5\xE4\xE1\xE4\xE4\xE0\xE4\xE3\xE0\xE1\xE1\xDE\xE0\xE0\xDD\x00\x00\x00\x00\x00\x00"
"\x00\x00\x00\x00\x00\x00\x00\x00\x00\x00\x00\x00\x00\x00\x00\x00\x00\x00\x00\x00\x00\x00\x00\x00\x00"
"\x00\x00\x00\x00\x00\x00\x00\x00\x00\x00\x00\x00\x00\x00\x00\x00\x00\x00\x00\x00\x00\x00\x00\x00\x00"
"\x00\x00\x00\x00\x00\x00\x00\x00\x00\x00\x00\x00\x00\x00\x00\x00\x00\x00\x00\x00\x00\x00\x00\x00\x00"
"\x00\x00\x00\x00\x00\x00\x00\x00\x00\x00\x00\x00\x00\x00\x00\x00\x00\x00\x00\x00\x00\x00\x00\x00\x00"
"\x00\x00\x00\x00\x00\x00\x00\x00\x00\x00\x00\x00\x00\x00\x00\x00\x00\x00\x00\x00\x00\x00\x00\x00\x00"
"\x00\x00\x00\x00\x00\x00\x00\x00\x00\x00\x00\x00\x00\x00\x00\x00\x00\x00\x00\x00\x00\x00\x00\x00\x00"
"\x00\x00\x00\x00\x00\x00\x00\x00\x00\x00\x00\x00\x00\x00\x00\x00\x00\x00\x00\x00\x00\x00\x00\x00\x00"
"\x00\x00\x00\x00\x00\x00\x00\x00\x00\x00\x00\x00\x00\x00\x00\x00\x00\x00\x00\x00\x00\x00\x00\x00\x00"
"\x00\x00\x00\x00\x00\x00\x00\x00\x00\x00\x00\x00\x00\x00\x00\x00\x00\x00\x00\x00\x00\x00\x00\x00\x00"
"\x00\x00\x00\x00\x00\x00\x00\x00\x00\x00\x00\x00\x00\x00\x00\x00\x00\x00\x00\x00\x00\x00\x00\x00\x00"
"\x00\x00\x00\x00\x00\x00\x00\x00\x00\x00\x00\x00\x00\x00\x00\x00\x00\x00\x00\x00\x00\x00\x00\x00\x00"
"\x00\x00\x00\x00\x00\x00\x00\x00\x00\x00\x00\x00\x00\x00\x00\x00\x00\x00\x00\x00\x00\x00\x00\x00\x00"
"\x00\x00\x00\x00\x00\x00\x00\x00\x00\x00\x00\x00\x00\x00\x00\x00\x00\x00\x00\x00\x00\x00\x00\x00\x00"
"\x00\x00\x00\x00\x00\x00\x00\x00\x00\x00\x00\x00\x00\x00\x00\x00\x00\x00\x00\x00\x00\x00\x00\x00\x00"
"\x00\x00\x00\x00\x00\x00\x00\x00\x00\x00\x00\x00\x00\x00\x00\x00\x00\x00\x00\x00\x00\x00\x00\x00\x00"
"\x00\x00\x00\x00\x00\x00\x00\x00\x00\x00\x00\x00\x00\x00\x00\x00\x00\x00\x00\x00\x00\x00\x00\x00\x00"
"\x00\x00\x00\x00\x00\x00\x00\x00\x00\x00\x00\x00\x00\x00\x00\x00\x00\x00\x00\x00\x00\x00\x00\x00\x00"
"\x00\x00\x00\x00\x00\x00\x00\x00\x00\x00\x00\x00\x00\x00\x00\x00\x00\x00\x00\x00\x00\x00\x00\x00\x00"
"\x00\x00\x00\x00\x00\x00\x00\x00\x00\x00\x00\x00\x00\x00\x00\x00\x00\x00\x00\x00\x00\x00\x00\x00\x00"
"\x00\x00\x00\x00\x00\x00\x00\x00\x00\x00\x00\x00\x00\x00\x00\x00\x00\x00\x00\x00\x00\x00\x00\x00\x00"
"\x00\x00\x00\x00\x00\x00\x00\x00\x00\x00\x00\x00\x00\x00\x00\x00\x00\x00\x00\x00\x00\x00\x00\x00\x00"
"\x00\x00\x00\x00\x00\x00\x00\x00\x00\x00\x00\x00\x00\x00\x00\x00\x00\x00\x00\x00\x00\x00\x00\x00\x00"
"\x00\x00\x00\x00\x00\x00\x00\x00\x00\x00\x00\x00\x00\x00\x00\x00\x00\x00\x00\x00\x00\x00\x00\x00\x00"
"\x00\x00\x00\x00\x00\x00\x00\x00\x00\x00\x00\x00\x00\x00\x00\x00\x00\x00\x00\x00\x00\x00\x00\x00\x00"
"\x00\x00\x00\x00\x00\x00\x00\x00\x00\x00\x00\x00\x00\x00\x00\x00\x00\x00\x00\x00\x00\x00\x00\x00\x00"
"\x00\x00\x00\x00\x00\x00\x00\x00\x00\x00\x00\x00\x00\x00\x00\x00\x00\x00\x00\x00\x00\x00\x00\x00\x00"
"\x00\x00\x00\x00\x00\x00\x00\x00\x00\x00\x00\x00\x00\x00\x00\x00\x00\x00\x00\x00\x00\x00\x00\x00\x00"
"\x00\x00\x00\x00\x00\x00\x00\x00\x00\xCE\xA9\x58\x69\x00\x00\x0A\x62\x49\x44\x41\x54\x78\xDA\xED\x9D"
"\x8B\xB2\xE4\x26\x0E\x86\xA7\xED\x49\xC8\x90\x75\x62\x63\xE3\xA0\xF7\x7F\xD1\x6D\x83\xB1\xC5\xCD\xB7"
"\xF6\x6E\xAA\x2D\xA9\xA6\xCE\x71\x33\x5D\x5D\xD5\xDF\x01\x24\x7E\x84\xF8\xF1\x62\xFB\xC8\x7E\x30\x02"
"\x06\xC8\x00\x19\x20\x03\x64\x63\x80\x0C\x90\x01\x32\x40\x36\x06\xC8\x00\x19\x20\x03\x64\x63\x80\x0C"
"\x90\x01\x32\x40\x36\x06\xC8\x00\x19\x20\x03\x64\x63\x80\x0C\x90\x01\x32\x40\x36\x06\xC8\x00\x19\x20"
"\x03\x64\x63\x80\x0C\x90\x01\x32\x40\x36\x06\xC8\x00\x19\x20\x03\x64\x63\x80\x0C\x90\x01\x32\x40\x36"
"\x06\xC8\x00\x19\x20\x03\x64\x80\x6C\x0C\x90\x01\x32\x40\x06\xC8\xC6\x00\x19\x20\x03\x64\x80\x6C\x0C"
"\x90\x01\x32\xC0\xFF\xBB\x55\x55\xF5\xFE\xF1\xFE\xE5\x9E\x5E\xC1\x2F\xDF\x5E\xCD\x8D\xB6\xD9\xB5\x33"
"\xC0\x57\x25\x95\xD2\x1F\x98\x52\xB2\x22\x0C\x50\xA8\xD1\x80\x99\xCC\xFD\x9C\x1E\xDE\xE6\x7E\x87\xED"
"\xFE\x19\x70\x8B\x6D\x1C\x95\x20\x0A\xB0\x56\x01\x34\x0F\xCE\xD9\x4E\xBB\x09\x80\xAB\x9A\x22\x40\xA9"
"\xA3\x5E\x37\xC1\xCA\x00\x5C\xDB\xA7\x5F\xEE\xD9\xF8\xF6\xF9\xBD\x5A\xD2\x03\xD8\xAC\xE3\x72\xE6\x04"
"\x8E\x0E\xEE\x7B\x6B\x3B\xEA\x87\x06\xFF\xF0\x7F\x84\x86\x1A\xC0\xD6\x64\x00\x2E\x63\x13\xA1\x4B\x06"
"\x2F\xAC\x78\xF1\x58\x6E\x69\x01\x6C\x4C\x38\x4C\x73\x33\xDB\xE1\x67\x8B\xD4\x48\x4A\x00\xEB\x11\x12"
"\x80\x57\x0C\xC1\x87\xB1\x26\x04\x50\xA1\x2F\xAF\xDA\x46\x5E\xB4\xA6\x55\xA8\xF3\x2A\x3A\x00\xE5\xDA"
"\xF7\x3E\x88\x40\x96\x58\xC8\x3B\x13\x49\x06\xA0\x5A\xC6\xA0\xBC\xE3\xAF\xE1\x27\x03\x45\x05\xA0\xB8"
"\x93\x9F\xEF\xCF\x13\x46\x41\x04\x60\xEB\x43\x90\xEE\x9E\xCF\xEB\xE6\xA0\xE6\x4A\x28\xF3\x95\x00\xD5"
"\x1C\xD9\xE9\xEA\x9E\xCF\xAB\x46\xBF\xA4\x23\x02\xD0\xAF\xE1\xF6\xBE\xAF\x90\x4D\xA7\x54\xD7\xC8\xBD"
"\xA1\xA9\x66\xA5\x41\xD3\x00\x58\x1D\x99\x01\x2B\xA9\xF4\x2A\xC6\xE8\x6D\xD5\x4A\xFA\x77\x56\x24\x00"
"\xD6\xF3\xA4\xBF\x31\xE7\x57\xAD\x8E\xA5\x2B\xDD\x56\xFB\x5E\xA9\x26\x04\x70\xCB\x69\x36\x3A\xB7\x46"
"\xD1\xCD\xC6\x27\xBA\xF7\x52\x01\x38\xCB\x00\x85\xAF\x2B\x86\x64\xB5\x36\xEB\x82\x83\x28\xF6\x40\xF7"
"\x89\x82\x10\xC0\x62\x7F\x91\x63\xAA\x44\x7B\x55\x66\x94\xDB\x00\xC9\x0C\xE1\x8D\x01\xD7\x78\xA1\x74"
"\x72\x1D\x6F\x07\xFC\x76\xC5\x4A\xAF\xF2\x4B\x53\x9C\x03\x49\x01\x2C\x4F\xF9\x8D\xD7\xFB\xC6\x0E\x8D"
"\x47\xD1\x69\x2F\x19\x34\x85\x4F\x04\x62\x4E\xA4\xF0\x75\xA5\x57\x9D\xBB\xC8\xE7\x56\x9D\x1F\xD6\xF2"
"\xE4\x9F\xE4\x79\x00\x85\x9F\xDA\xD2\xAF\x2B\x46\x37\x18\x75\xC6\x1B\x88\x39\xFE\x1E\x05\x75\x80\x4B"
"\x18\x93\x7E\xDD\xD9\xFF\xF6\xD9\x90\xCF\xEF\xE2\x0D\xD9\x59\x95\x01\xBE\x96\x8D\x26\x55\x08\x99\xAB"
"\xBE\xB0\x81\x54\x53\xF3\xC2\x90\x8F\xDA\x26\xA1\x7F\x0A\x98\x8B\x4B\x8E\xCA\x05\xD8\xBA\xE6\x40\xDA"
"\xF6\xA4\x18\x60\xEB\xFC\x2C\x6E\x5E\xF2\x61\xD6\xE9\x33\x23\x5B\x2D\x00\x69\x04\xD2\xC2\xFB\x53\x11"
"\xF7\x2F\xDB\xDE\x21\x9F\x3C\x45\x80\x5A\x21\xBF\xDB\xD9\xB1\x1F\xF7\xD1\xDA\xC7\x38\xB4\x01\x4A\x13"
"\x0E\xE0\xB7\xDB\x9D\xBB\xEA\xEA\x94\x2B\xD7\x26\xB3\x3D\x10\xC8\x2C\xE5\xE6\xB8\x37\x9A\xB1\x9C\x93"
"\xED\x50\x48\xE8\xD7\x70\x88\x98\xB2\x2D\x8A\xB4\x17\x2E\x89\x4F\xDA\xE0\x51\x28\xC2\x1D\xE0\xA0\x39"
"\xD6\xB2\x29\xC6\x81\xE9\xD7\x75\xCE\x59\xAF\x38\x5D\xD8\xEC\xA4\x85\xB8\x5D\xE4\x3E\x11\x68\x03\x94"
"\x16\xA0\xC2\x03\xD8\x0C\xA2\xAA\xC4\x10\x64\x6E\xA8\xCC\x7A\x6E\x71\x22\xA4\x01\x36\x76\xBA\x6B\x16"
"\x4E\x6F\x24\x83\x4B\xF4\x1D\xF0\x06\x4A\x93\x89\xA5\xC9\x05\xD2\xD9\x01\xD7\xD9\x36\x89\x47\xAA\x40"
"\x6E\x5B\x07\x5D\xB3\xA3\x0C\x50\xE4\x97\x72\x0A\x4F\x6E\xD5\x3F\x53\xF2\xAE\x4F\x2A\x1F\x61\xDD\x30"
"\x12\x99\x0D\x3D\x62\x7A\xA0\xF0\x92\xD5\x36\x40\x83\x00\x9A\x7D\x80\x40\x5E\x50\xED\x82\x04\x21\x8D"
"\x5E\x08\xBC\xE7\x5B\x18\xC2\x24\xC3\x18\x11\xAD\x84\xB1\x77\xB0\x09\x70\x27\x9C\x08\x3D\x3D\x30\x59"
"\x78\x49\xDB\xAA\x82\x57\x73\x18\x83\xBB\x66\x29\x8C\xA1\x05\xD0\xCD\x81\x22\x5E\x22\xA3\x40\xDA\x2A"
"\x57\x93\x23\x19\x1D\x9C\x28\x90\xAE\x69\x7B\xE1\xFC\xBE\xB0\x0E\xA8\x0A\x7F\x94\x21\xDC\x84\x77\x3E"
"\x44\x17\xE4\x2C\x4A\x00\x33\x62\x42\x98\xF2\x26\xF1\xDE\xBA\x0C\xA2\xC5\x9C\x98\x40\x4A\x0F\xCC\x4F"
"\xF9\x19\x39\xCB\x27\x75\x2C\x60\xEA\x31\x08\xB7\xE3\xA5\x1C\x21\x39\x2B\x03\xD0\x4D\x7B\x3B\x82\xAA"
"\xD5\xFD\xB2\x82\x2A\x25\x3D\xB0\x90\xDA\xD1\x66\xA2\x9B\x50\xD3\x17\xF9\x43\x35\xE4\xBC\x70\x01\xE0"
"\xEC\x79\x75\x11\xC3\x2C\xFA\x27\xBB\x4E\xF4\x00\x16\xC2\x5E\x17\x24\xC3\xC6\xB6\x26\x94\xB6\x35\xB3"
"\x9B\x04\x4F\x03\x58\x2B\x3B\x9D\x6D\xAC\x1B\x06\x17\xFC\xE5\x09\x4E\xDB\xC2\x53\xD7\xCD\x6F\xAC\x2F"
"\x61\x8C\x54\x67\x0E\x10\x7F\x13\xC0\xF7\x00\xB4\xFE\x73\x91\xB3\xD2\xEF\xE9\x52\x3B\xB0\xDB\x45\xFF"
"\xE7\x06\x38\x64\x52\x3B\x70\x7E\xA0\xDC\xDC\x59\xFE\x6A\x80\x56\x72\x56\x1E\x60\x3E\x43\xD5\x9F\x9A"
"\xC9\x25\x17\xCD\x91\xB5\x7C\x95\x01\xD6\xF3\x52\x4F\x52\x00\x98\x9F\xB1\x1A\x9F\x94\xAA\x93\xF4\x36"
"\x17\xEB\x35\xA5\xC8\x92\x06\x40\xA3\x0E\x24\x58\xFA\xEC\xE8\x28\xC1\xD2\x94\xF8\x05\xF9\x81\xAA\xD0"
"\x4B\x9F\x01\xD0\x18\x55\xDE\x17\xF6\x6F\x1B\xC3\x32\x13\xF8\x67\x21\xC5\x17\xBB\x25\x95\xD9\x78\x7F"
"\x18\x40\xB1\x13\xB5\xA1\x24\xF3\xE8\x54\x7A\x29\xC9\x9C\x0E\x40\x3B\x07\x0A\xEF\x28\x8A\x61\x6F\xA3"
"\x83\x93\xEC\x33\xEF\xED\x63\x0E\xB4\x00\xEE\xE9\xC7\xD3\x41\x1B\x7C\x1A\x7D\xE7\xA0\x0D\xD6\x03\x6D"
"\xEE\xC7\x53\x01\x1A\xE4\x85\x77\x16\x5E\xEE\xA8\x97\x39\x76\xD4\x0B\xBB\xA5\x47\x7B\x61\x03\x46\x9D"
"\x48\xC4\xA8\xFD\x61\xC3\xDD\x37\x22\x3D\xF0\xD9\x3D\x70\xF1\xC2\x90\xCF\x91\xBE\x2E\x90\x2D\x7A\xE0"
"\xA3\xE7\xC0\xFF\x29\xC0\x79\x71\x48\x60\x25\xF2\xC1\xD9\xCA\x23\x5E\x98\xCA\x52\xEE\x92\xF8\x74\x0C"
"\x20\x50\x00\x08\xD7\x6A\x44\x6C\x06\xD2\x30\xC7\x81\xF0\xF0\x30\x46\x64\x01\x56\xE2\x4C\xC9\x1D\x51"
"\x15\xC3\x98\x27\x03\x04\xE3\x7A\x60\xBA\x2F\x5C\xAB\xF1\x5C\xD1\xA7\x11\x57\xEC\x89\xE4\x2C\x78\xBC"
"\x17\x86\x58\x8D\x91\x3A\xA8\xA5\x05\x85\x62\x8C\x41\xBD\x2D\xFD\x2B\x0F\x10\x28\x04\xD2\x11\x40\xF1"
"\x0F\xAE\x19\xB8\xFB\x73\xAE\x32\xB8\x4A\xD3\x8B\x1E\xF8\xF4\x40\x1A\x0A\x4B\xB9\x21\x57\x33\x30\x69"
"\xC1\x75\x14\x20\x38\x75\x58\xFB\x73\xED\xE2\xF1\x73\xA0\xC9\xC5\x81\x72\x5E\xEF\x22\x8B\x5F\xBF\x5B"
"\x00\xB7\x84\xB9\xFA\x81\x9C\xF5\xE8\x38\x30\x04\xE8\xBF\xBF\x1D\x75\xE1\x6E\xB0\x4E\x76\xCF\x75\x50"
"\x29\xAA\xD6\x38\x89\x21\x04\x08\x40\x61\x25\x82\xF3\x03\x55\x5A\x0C\x21\x03\x30\x6C\x69\xF0\x81\x25"
"\x62\x81\x74\x12\x07\x0E\x69\x54\x9D\x05\x88\x7A\xA0\x4B\x8B\x1E\xF2\x7A\xE0\xF3\x03\xE9\x28\x0E\x54"
"\xE9\x1E\xA7\x86\x03\x00\xCD\x90\xD7\x03\xE1\xE1\x61\x4C\x92\x1F\xD8\xA7\x7B\x9C\x17\x7A\x20\x2D\x3D"
"\x30\xF0\xC2\x7D\xAA\x2C\x1C\x02\x18\xF6\x40\x60\x80\x67\x00\xFE\xB2\xC5\x29\x72\x7A\xE0\xA3\xC5\x84"
"\x75\x29\x07\x77\x00\x1C\x72\x5E\x98\x82\x22\x1D\x01\x1C\x6E\x05\x68\x08\x6C\xAC\x47\xDB\x9A\x83\x39"
"\x1F\xC6\xFC\x8A\x9C\xC8\x12\x9A\x3F\x7B\x2D\x9C\x5F\xCA\x5D\x01\x68\x77\xE7\x0B\x61\xCC\x53\x01\xDA"
"\x0C\xDE\x5C\x7E\xA0\x0D\xA4\x9B\x1A\xD9\x94\x0B\xA8\xEA\xAD\x96\x06\x3B\x11\x22\xF9\x81\x2F\x81\x33"
"\x54\xF1\x4A\xC4\x5C\xAC\xA7\xDF\x67\xF4\xC0\x07\x67\xA8\xBE\x82\x19\x0B\xC5\xCE\x7D\xF6\x9A\x81\x10"
"\x2A\xC4\x37\x3F\x00\x72\x22\x04\xEB\x07\x42\x12\x07\x16\xEE\x69\x28\x5F\xE4\xF0\xFE\xD7\x97\x3E\x91"
"\x40\x0F\x4C\xE2\xC0\x56\x20\x9B\xAE\x0B\x52\x62\xAB\xA5\x8D\xC2\x18\x62\xF5\x03\x61\x7F\x25\x02\xE7"
"\xD6\xC2\xB4\x00\x46\xF9\x81\xB9\x40\x1A\xE0\xE4\x5A\x98\x16\x40\x73\x3F\x40\xCA\x35\x13\xAE\x0A\xAA"
"\xB1\x98\x40\xB6\x6E\xCC\x7D\x00\xE9\x1C\x77\x0D\xD2\xDB\x94\xB9\x45\xD2\xA7\x0B\xB0\x4F\xCF\x7D\x1D"
"\x13\x13\x72\x7A\x20\xD1\x39\xF0\x80\x9C\x05\xC7\xE4\x2C\x4A\x00\x57\x31\xE1\x88\x1E\x08\xB0\x2F\x67"
"\x11\x5A\xCA\x81\x39\xBF\xAD\xD9\x6E\x84\x31\xC4\xEA\x07\x86\x75\x63\x2E\x7A\x61\x48\x37\x95\x88\xD6"
"\x8D\xC9\x39\x11\x38\x1D\xC6\x90\x2A\xBC\x63\xD2\x4D\x25\x94\x39\xD4\xF7\x43\x92\x5C\xD4\x47\x2D\x1A"
"\xD7\xD3\xA2\x58\x3F\x30\x27\x67\xC5\x17\x33\x03\xCA\xB0\x44\x37\x0B\x2F\x57\x41\x02\x61\x3D\xF0\x3A"
"\x40\xFC\x1F\x18\x20\x50\x07\x38\xA8\x33\xF9\x81\x6A\xA0\xAD\x07\x46\x6B\xE1\x43\xFB\xC2\x6F\xB7\xF2"
"\xE3\xE7\xEF\xB3\xFD\xFC\x45\x18\x60\x72\x1D\xC6\xD1\x6D\xCD\xF6\xB7\x3F\x17\xFB\x2B\x5E\x0B\x33\xC0"
"\x03\x71\xE0\xEF\x2B\xC0\xBF\x49\xEB\x81\xD1\x7D\x22\x87\x03\xE9\x18\x20\x59\x3D\x30\xBA\x4F\xE4\x72"
"\x0F\x24\xAA\x07\x26\xD7\x61\xF4\x47\x25\xFD\xED\x21\xCC\x00\xCF\x02\x24\xAD\x07\x5E\xCA\x0F\x0C\x00"
"\x02\x59\x2F\x2C\x8E\x64\xA8\xEE\xF7\x40\xA0\x1D\xC6\x5C\xDA\xD6\x8C\x00\x62\x27\x42\xA2\x7E\xE0\xBD"
"\x00\x0B\xC7\x1C\x48\x02\xCC\xC5\x81\x19\x80\x6D\xF5\xC7\x62\xFF\x29\xE5\x07\xD2\x01\x18\xED\x0B\x77"
"\xC1\x89\xF4\xD1\x18\x15\x9E\x51\xD7\x61\x4B\x57\xCC\x0F\x24\xE2\x44\x92\x7D\xE1\x0B\x46\x55\x0F\x4C"
"\xEE\x13\xE9\xD7\x1B\xAD\x21\x87\x12\xD0\x1D\xD7\x80\x6A\xBA\x05\xBB\x72\xC4\xE7\xC0\x8D\xE2\x08\x63"
"\xB9\x9A\x02\x65\x39\x2B\xD9\x17\x6E\x2A\x64\xD3\x71\xE0\xAE\x8A\x5B\x14\x7A\x2D\x89\xEF\x0B\x9B\x2B"
"\xFB\xC2\x5D\x3C\x91\xD2\x0D\xA4\x6F\xD9\x17\x26\xAB\x07\x1E\xDA\x17\xE6\xFC\xC0\x3D\x80\x77\x1C\x77"
"\x25\xAB\x07\xDE\x74\x5E\x98\x72\x7E\xE0\x2D\xE7\x85\xE9\xEA\x81\xC9\x71\x57\xB8\xEF\xB8\x2B\x03\xBC"
"\x06\x90\x56\x1C\x78\xE0\x98\xC3\x95\x04\x4B\xB2\xF7\x0B\xDB\x52\x2F\xCD\x39\x80\x4D\x9A\x9D\x45\xEF"
"\x98\x83\xEF\x74\xDD\xF4\xF5\xF7\x4B\x3F\x61\x80\x49\xE9\x27\x7A\x07\x6D\xC2\x3B\xF8\xEC\x4D\x35\xAA"
"\xEF\xFB\xE1\x6D\x73\x7E\xA0\x7D\x9E\xCC\x65\x0C\xBE\x19\x4F\xCF\xBD\x7D\x93\x89\x8B\x8F\x11\x04\x88"
"\xA6\x3D\xB5\x1E\x6F\x85\x38\xD5\xCD\x00\x6A\x0B\xAF\x28\x50\x41\x64\x49\xF8\xBC\xB0\xBB\xED\x07\x4B"
"\x81\xF8\x16\x87\xA8\x7D\xA9\x66\x89\xEE\x0D\xA2\x98\x1F\x18\x4E\xF9\x42\x27\xE7\xD5\x77\x9F\xD1\xBD"
"\x4B\xD4\xCF\x0B\xBF\xA6\x2B\x93\xF4\x39\x39\x5F\xE3\x4B\x97\x36\xAE\xB9\x7A\xA8\x98\x90\xEB\x2F\xE2"
"\x94\x25\x65\x90\x29\x9F\x17\xBE\x63\x52\x00\xBE\x63\xFD\x53\x81\xCC\xD0\x0D\xA4\x19\xE0\x39\xAB\xBC"
"\xA4\x2F\xEF\xFA\x44\x59\xBA\xEE\xF4\x99\x00\xA7\x75\x9A\x25\xA8\xEE\xFA\x40\xE5\x8E\xDE\x80\x7E\xD1"
"\x00\xA8\x7C\x28\x52\xDD\xD4\xA5\xF5\xBC\x4A\x51\x44\x00\x36\x3E\x92\xEE\xEE\xF9\xBC\x6E\xEB\xDA\xC8"
"\x27\x02\x14\xE6\xD6\x59\x50\x9A\xED\xAB\x12\x9F\x07\xD0\x8E\xE1\xDB\x08\xCA\x45\x68\xB8\x32\xA7\x7E"
"\x27\x40\xB9\xDE\x74\xA1\x3E\x0C\x06\x6B\xB5\x1C\x3E\xBC\xF4\xD7\xF8\x4E\x80\xB6\x4E\xA7\x17\x5C\x54"
"\xDB\xC8\x8B\xD6\xB4\x0A\x69\x37\x97\x9C\xFA\x97\x02\x74\x37\x59\xC3\xC5\xBA\x8B\xF9\x4A\x83\x63\x4D"
"\x08\xA0\xAB\x6A\x6E\xE2\xFB\x33\xA3\xE7\xE5\xF2\x90\xF0\x1C\x71\x5C\x9E\x71\x7E\xBE\x36\x9D\x7E\x2B"
"\xC0\x57\xBB\x96\x51\x0C\x92\x26\xD3\xD7\x26\x7E\x80\x2C\xC0\xF6\x45\x0B\xA0\x0B\x06\xDD\xF1\x7D\x40"
"\x24\x57\x29\xDF\x04\x40\xCD\x72\x13\x50\xF0\xAE\xE5\xB2\x9B\x8B\xFC\xBE\x18\xE0\x4B\xEA\x40\xBC\xC7"
"\x69\xBC\xE8\xB5\x31\x69\x1D\x00\x4F\x77\xC5\xA8\x2F\x87\x43\x5F\x0C\xD0\x46\x20\x06\x5F\x61\xED\xFB"
"\x16\xBA\x9A\x79\xAD\x96\x10\x94\x9D\x08\x6F\xFC\xFA\x24\x16\xFA\x66\x80\x53\x5D\xE4\x31\x5B\xB1\x37"
"\xE3\x22\x82\x41\x1B\xF4\xCD\x51\x7D\x22\x8B\x7D\x37\xC0\xE9\x1E\xE6\x4E\xE9\x0F\x4C\x75\xF2\x33\x45"
"\xE2\xDB\x01\x7A\x8E\x55\xF5\x9A\xFE\x4D\x4F\xF1\xEB\xA5\x65\xF9\x9F\xE9\xD7\xF2\xF4\xA1\x3D\x04\xE0"
"\xBF\x67\x0C\x90\x01\x32\x40\x06\xC8\x00\xD9\x18\x20\x03\x64\x80\x0C\x90\x8D\x01\x32\x40\x06\xC8\x00"
"\xD9\x18\x20\x03\x64\x80\x0C\x90\x8D\x01\x32\x40\x06\xC8\x00\xD9\x18\x20\x03\x64\x80\xCF\xB6\xFF\x02"
"\x62\xC3\xA4\x22\x9D\xE6\x03\x3C\x00\x00\x00\x00\x49\x45\x4E\x44\xAE\x42\x60\x82"
}
};

static const binfile_t background_collections = {"background_collections.png", 2926, {
"\x89\x50\x4E\x47\x0D\x0A\x1A\x0A\x00\x00\x00\x0D\x49\x48\x44\x52\x00\x00\x01\x40\x00\x00\x00\xF0\x08"
"\x03\x00\x00\x00\x46\xF3\x4D\x59\x00\x00\x03\x00\x50\x4C\x54\x45\xFB\xF8\xF1\xFB\xF8\xF0\xFB\xF7\xEF"
"\xFB\xF7\xEE\xFA\xF7\xF0\xFB\xF6\xED\xFB\xF6\xEB\xF9\xF6\xF0\xF9\xF6\xEF\xF8\xF5\xEF\xFB\xF5\xEA\xFB"
"\xF4\xE7\xFA\xF4\xE7\xF7\xF4\xEE\xF6\xF4\xED\xFB\xF3\xE5\xFA\xF3\xE6\xFA\xF2\xE3\xF6\xF3\xED\xF5\xF3"
"\xED\xF5\xF3\xEC\xF4\xF2\xEC\xFA\xF1\xDC\xFA\xF0\xDC\xFA\xF0\xDA\xF3\xF1\xEB\xF2\xF0\xEA\xF1\xEF\xEA"
"\xFA\xEF\xD9\xFA\xEF\xD8\xFA\xEE\xD8\xFB\xED\xD4\xFA\xEC\xD2\xFB\xEB\xCF\xFB\xEB\xCE\xFA\xEB\xD0\xF0"
"\xEE\xEA\xF0\xEE\xE9\xEF\xED\xE9\xEE\xEC\xE8\xED\xEC\xE7\xED\xEB\xE7\xEC\xEB\xE7\xEC\xEB\xE6\xFB\xEA"
"\xCD\xFA\xEA\xCD\xFA\xE9\xCA\xFB\xE8\xC8\xFA\xE8\xC9\xFA\xE8\xC8\xEB\xEA\xE6\xEA\xE9\xE5\xE9\xE8\xE4"
"\xE8\xE8\xE4\xE8\xE8\xE3\xE7\xE7\xE3\xE7\xE6\xE2\xE6\xE6\xE2\xE6\xE5\xE1\xE5\xE5\xE0\xE5\xE4\xE0\xE4"
"\xE4\xE0\xE4\xE4\xDF\xE3\xE3\xDF\xE2\xE2\xDE\xE1\xE1\xDD\xE0\xE0\xDD\x00\x00\x00\x00\x00\x00\x00\x00"
"\x00\x00\x00\x00\x00\x00\x00\x00\x00\x00\x00\x00\x00\x00\x00\x00\x00\x00\x00\x00\x00\x00\x00\x00\x00"
"\x00\x00\x00\x00\x00\x00\x00\x00\x00\x00\x00\x00\x00\x00\x00\x00\x00\x00\x00\x00\x00\x00\x00\x00\x00"
"\x00\x00\x00\x00\x00\x00\x00\x00\x00\x00\x00\x00\x00\x00\x00\x00\x00\x00\x00\x00\x00\x00\x00\x00\x00"
"\x00\x00\x00\x00\x00\x00\x00\x00\x00\x00\x00\x00\x00\x00\x00\x00\x00\x00\x00\x00\x00\x00\x00\x00\x00"
"\x00\x00\x00\x00\x00\x00\x00\x00\x00\x00\x00\x00\x00\x00\x00\x00\x00\x00\x00\x00\x00\x00\x00\x00\x00"
"\x00\x00\x00\x00\x00\x00\x00\x00\x00\x00\x00\x00\x00\x00\x00\x00\x00\x00\x00\x00\x00\x00\x00\x00\x00"
"\x00\x00\x00\x00\x00\x00\x00\x00\x00\x00\x00\x00\x00\x00\x00\x00\x00\x00\x00\x00\x00\x00\x00\x00\x00"
"\x00\x00\x00\x00\x00\x00\x00\x00\x00\x00\x00\x00\x00\x00\x00\x00\x00\x00\x00\x00\x00\x00\x00\x00\x00"
"\x00\x00\x00\x00\x00\x00\x00\x00\x00\x00\x00\x00\x00\x00\x00\x00\x00\x00\x00\x00\x00\x00\x00\x00\x00"
"\x00\x00\x00\x00\x00\x00\x00\x00\x00\x00\x00\x00\x00\x00\x00\x00\x00\x00\x00\x00\x00\x00\x00\x00\x00"
"\x00\x00\x00\x00\x00\x00\x00\x00\x00\x00\x00\x00\x00\x00\x00\x00\x00\x00\x00\x00\x00\x00\x00\x00\x00"
"\x00\x00\x00\x00\x00\x00\x00\x00\x00\x00\x00\x00\x00\x00\x00\x00\x00\x00\x00\x00\x00\x00\x00\x00\x00"
"\x00\x00\x00\x00\x00\x00\x00\x00\x00\x00\x00\x00\x00\x00\x00\x00\x00\x00\x00\x00\x00\x00\x00\x00\x00"
"\x00\x00\x00\x00\x00\x00\x00\x00\x00\x00\x00\x00\x00\x00\x00\x00\x00\x00\x00\x00\x00\x00\x00\x00\x00"
"\x00\x00\x00\x00\x00\x00\x00\x00\x00\x00\x00\x00\x00\x00\x00\x00\x00\x00\x00\x00\x00\x00\x00\x00\x00"
"\x00\x00\x00\x00\x00\x00\x00\x00\x00\x00\x00\x00\x00\x00\x00\x00\x00\x00\x00\x00\x00\x00\x00\x00\x00"
"\x00\x00\x00\x00\x00\x00\x00\x00\x00\x00\x00\x00\x00\x00\x00\x00\x00\x00\x00\x00\x00\x00\x00\x00\x00"
"\x00\x00\x00\x00\x00\x00\x00\x00\x00\x00\x00\x00\x00\x00\x00\x00\x00\x00\x00\x00\x00\x00\x00\x00\x00"
"\x00\x00\x00\x00\x00\x00\x00\x00\x00\x00\x00\x00\x00\x00\x00\x00\x00\x00\x00\x00\x00\x00\x00\x00\x00"
"\x00\x00\x00\x00\x00\x00\x00\x00\x00\x00\x00\x00\x00\x00\x00\x00\x00\x00\x00\x00\x00\x00\x00\x00\x00"
"\x00\x00\x00\x00\x00\x00\x00\x00\x00\x00\x00\x00\x00\x00\x00\x00\x00\x00\x00\x00\x00\x00\x00\x00\x00"
"\x00\x00\x00\x00\x00\x00\x00\x00\x00\x00\x00\x00\x00\x00\x00\x00\x00\x00\x00\x00\x00\x00\x00\x00\x00"
"\x00\x00\x00\x00\x00\x00\x00\x00\x00\x64\x49\x33\x73\x00\x00\x08\x29\x49\x44\x41\x54\x78\xDA\xED\x9D"
"\x6D\x7B\x9B\x36\x14\x86\xDD\x95\x2E\xB0\x0D\xDA\x26\xD0\xD5\xB8\xDD\xD6\xD5\x31\xD8\x5E\xB7\x05\x13"
"\x30\xC4\x2F\xC0\xFF\xFF\x51\x4B\xED\x60\xB0\x91\x04\x98\x78\x11\xD2\x73\x7F\x6A\xAE\xD4\x44\xBE\x2F"
"\x49\x1C\x1D\xBD\x0D\x06\x00\x00\x00\x00\x00\x00\x00\x00\x00\x00\x00\x00\x00\x00\x00\x00\x00\x00\x00"
"\x00\x00\x00\x00\x00\x00\x00\x00\x00\x00\x00\x00\x00\x00\x00\x00\x00\x00\x00\x00\x00\x00\x00\x00\x00"
"\x00\x00\x00\x00\x00\x00\xE0\xFF\xE5\xC6\x0D\xE3\x75\x9A\x35\x27\x0D\x74\x58\xCB\x31\xFC\x24\x6B\x4F"
"\x62\xC1\xDC\x5E\x5F\x90\x9D\x47\x6A\x43\xDE\x23\x4E\x76\x3E\x63\xE8\x53\x82\xAC\x0B\x8E\xF4\xFE\x56"
"\x59\x37\xE6\x92\x0B\x0C\xB2\xAE\x2C\xA4\xF6\x37\xCD\xBA\x13\x28\x12\xBF\x7F\x4B\x1E\x96\x8E\xA5\x35"
"\x57\xA1\xAF\x8B\x4F\x86\x0A\x1A\x70\x16\x99\x2D\x3F\xAA\x95\x3A\xCF\x58\x95\xBE\x02\xBA\xED\x3F\xAC"
"\xC6\x85\xC1\x95\x26\xA7\x40\xBF\x83\xBF\xC7\x17\x78\x58\x18\x5C\xCB\x39\xAC\xCB\xC7\x6F\xD1\x8B\x84"
"\x90\xC4\xB1\xCD\x3A\x0E\xDD\x9B\xDE\xE4\x0F\xF2\x62\x9B\xE7\x3E\x61\x91\x5D\x84\xC4\x37\x7A\x21\xD0"
"\xCD\xDF\xBF\xE7\x3F\x62\x9E\x5D\x88\xA0\x0F\x0A\xF3\x3E\x6C\xDA\xE1\x19\x93\x4B\x19\xEC\xC3\x20\x31"
"\x7F\x8D\x76\xEA\x73\x46\x17\x33\xC8\x7F\x80\x9E\xC7\xC2\xDD\xDE\xA0\x76\x7A\x29\x83\x2B\xDE\x0D\xE6"
"\xDF\xBC\x63\x39\xAD\xE4\x62\x75\x90\x73\x81\x79\x39\xBB\x3E\x47\x0F\x52\x39\xFB\xC1\xE7\x12\xF8\x9C"
"\xD9\x35\xCD\x72\x96\x25\x83\x06\x04\x9E\x81\x19\xF5\xA4\x11\xF3\x2A\xB0\x88\x50\x39\xAF\x82\xFC\x0A"
"\x2C\x0C\xFA\x10\x78\x1E\x79\x2B\x4E\x20\xF0\xCC\x7E\xB0\xF3\x38\xBD\x67\x02\x95\xA1\xE3\x8E\x9F\xF3"
"\xCB\xC6\x5D\x32\x6D\xFD\x13\x38\xD9\xEE\x1B\xDC\xFD\xE4\xB9\x12\x83\xF9\x6C\x4D\x28\x83\x40\xE5\xBE"
"\x14\xBA\x6D\x17\xA3\xAB\x67\x28\x9C\x95\x4F\x17\xC8\x20\xB0\x92\x16\x5C\xCD\x86\x5D\xC7\xB1\x7A\x9E"
"\xEB\x96\x40\xA0\x45\xCC\x2D\x47\x4E\xA7\x2E\x51\xC9\x9F\x23\x81\xC0\x7D\x66\xDF\x9F\x06\xA7\x59\x85"
"\x24\x18\xEB\x2F\xDF\x3E\xB8\x17\xA8\xA4\x87\x65\x46\xE6\x74\x79\x9A\x57\x58\x2F\x6C\x15\x02\xEB\x5B"
"\xF0\xB6\x88\x67\xBC\xCA\x72\x9B\x78\x6E\x29\x10\x48\x65\x5E\x19\x72\x5D\xD9\x8B\x6D\xE7\x2E\x51\x1E"
"\x81\xBB\x0A\xB7\x5E\xA7\xD9\xD6\x2F\x2D\x59\xD5\xC7\x1D\xBB\x44\x09\x04\x2A\x86\xED\x2C\xA2\xA3\xBA"
"\xE6\x97\x9B\xAA\x62\xB9\xF1\x69\x6B\xDE\x78\xB6\x02\x81\xEA\x77\x73\xCB\x2D\x29\x7A\x89\x4E\xF4\xA8"
"\xB6\xB7\x39\x6D\xCD\x9E\x2A\xAD\x40\xD5\x1C\x4D\xFD\x38\x69\xB9\xE0\x52\xBB\x3D\x59\xC3\xBE\xD5\xA5"
"\x13\xA8\x99\x23\xB7\xC6\x5C\x5E\xBF\xC8\xE3\x38\xC3\x09\x4B\x01\xCE\x56\x95\x47\xA0\x32\x74\x83\x55"
"\xED\xA4\xD1\xD4\x36\x94\xC1\x28\x65\xAE\x3B\x57\xAC\x79\xDC\x62\x59\xAB\x20\x02\x6F\xB7\x0C\x6D\xEB"
"\xD0\x73\xBC\xD2\x88\x7F\x56\xEB\x46\xB5\x17\xBB\x6A\x9C\x6A\x92\x08\x24\xAF\x1E\x4A\x37\xA1\x37\x19"
"\xEA\xCA\x61\x1C\xF7\x94\xB4\x1B\x36\x59\x69\xA3\xED\x0C\x8E\xE4\x10\x78\xBA\x84\x3A\x7D\xB8\xFF\x6E"
"\xAE\xFC\x5F\x76\x3A\xAC\x52\x06\x65\x5B\xF7\x67\x67\xCD\xD6\xE3\x88\x20\x50\x3F\xF4\x7D\xE9\x2A\x98"
"\x8D\x2D\x42\xBB\xDB\xA5\xDE\x53\xA5\x9C\x41\xA9\x8B\xF3\xDC\x66\x89\x66\x11\x04\xEE\xE7\xC6\x7C\xA2"
"\xB9\x27\x9C\xA3\xAC\xF1\xBA\xC9\x4C\x64\x24\x4F\x13\x8E\xEB\x77\xD2\xEC\x6C\x4C\xF2\x9F\x76\x0B\xE6"
"\x9E\x36\xD0\xFD\xF4\xDB\xA7\xB7\xAF\xA9\xC9\x1B\x5D\x0A\x81\xBB\x37\xB0\x56\x9F\xCA\xBA\xCE\x7F\xF4"
"\x8A\x05\x2D\xAF\xFE\xBA\xBB\xBB\xFB\xE7\xEB\x87\x5F\x5E\x9D\x7C\x64\xD8\xA8\xA3\x14\x48\x20\xB3\xAE"
"\x9C\xD8\x98\x14\x71\xCC\xCF\x77\x4F\xFC\xFB\xF9\x87\xEA\x3B\x44\x92\x38\x30\x2E\xBD\x61\x19\x6F\xD4"
"\xC2\x86\x5D\x2C\x59\xFF\x70\x77\xE0\xD7\x6A\xF2\x66\x24\x87\x40\xBF\x76\x47\xEB\x89\x8D\xEB\xA2\x42"
"\x7E\x2D\x04\x7E\x3A\x0A\x03\xB3\xDA\x7E\x41\xB0\xB7\xF0\x8C\xF1\x84\xAB\x13\x1B\x45\x1C\xF3\xBA\xF0"
"\x77\xF7\xBE\xFC\x91\xDD\x92\xE0\x95\x24\xC9\x84\x51\xDD\x0A\xB3\x8A\x8D\x6D\x1E\xC7\xBC\x2D\x09\x7C"
"\x53\x19\xDB\xCC\x24\x11\x68\xD6\xD5\x96\x8A\x8D\x28\x8F\x63\x3E\x17\xFE\xBE\x54\x5F\x4C\x43\x49\x04"
"\x5E\xD5\x4D\xCC\x56\x6C\x2C\xF2\x38\xE6\xCF\x42\xE0\xC7\xF2\x27\xAE\xCB\x23\x17\xF1\xC7\xC2\x09\xBB"
"\xC3\xD7\x2B\x36\x76\x03\x13\xEF\xF1\x1F\xDF\x0A\x81\xEF\xCA\x1F\x99\x34\xDE\x5A\x26\x84\xC0\x15\x3B"
"\x8E\xA9\xDA\xB0\xF3\x91\xDD\xDB\xBF\x0F\x02\x8F\xC2\xC0\xB0\xF1\xDA\x71\x21\x04\x06\xEC\x38\xE6\xBE"
"\x92\x57\x31\x0E\xCB\x59\x7E\x78\xF7\xF1\xCB\xCE\xDF\xEF\xD5\x3A\x6D\x4A\x23\x70\xCE\x1E\x0C\x57\x6D"
"\x1C\xE7\x63\xDE\xBC\xFF\xFC\xED\x8F\x1F\xCB\xBF\xBF\x69\xBE\xEA\x54\x08\x81\x63\x66\x1C\x43\xB2\x51"
"\x33\xFA\x73\x9B\x2F\xBD\x17\x42\xA0\xC5\x8C\x63\xA6\x04\x1B\x4B\x76\x94\x12\x37\x3F\xAD\x47\x08\x81"
"\x1A\x33\x8E\x59\x1E\xA5\xB2\x4A\x71\xCC\x84\x9D\xBC\xD1\xE5\x11\xB8\xDF\x4E\xA7\xB5\xB0\x71\x88\x63"
"\x88\xD8\x0D\x53\x59\xE2\x08\x5C\x31\xB6\xC3\x12\x13\x7B\x36\x73\x5D\xB3\xD7\xE2\xA4\x1E\x31\x04\x06"
"\x8C\xDC\x13\xD1\xC6\x2E\x8E\xD9\xD0\x1E\xB7\x29\x65\xAC\xE5\x10\x38\x63\x4C\x00\x3D\x90\x6C\xA8\xAC"
"\x79\xA5\x7D\x2A\xEB\x4A\x26\x81\x63\xFA\x76\x2B\x8A\x8D\x84\xF1\x9A\xB8\x6D\xB3\xEC\x5E\x0C\x81\x16"
"\xFD\x2B\x53\x12\x7B\x31\x23\x8E\xF1\xDB\x1C\xF7\x26\x86\x40\x8D\x3E\x72\xA0\xD8\xF0\x19\x71\xCC\xB6"
"\x76\x8A\x40\x38\x81\xFB\x38\x46\x6D\x61\x63\x4A\x8F\x63\x8C\xC6\xA9\x2C\x81\x04\x3E\xD0\x06\xFF\x34"
"\x1B\x23\x7A\x1C\xE3\xB4\xDA\xBA\x25\x88\xC0\x7B\x5A\x1C\x43\xB3\xB1\xCB\x62\x3F\x10\x9F\xD5\x3C\x95"
"\x25\x90\x40\xEA\x4A\x20\x9A\x0D\x95\x3A\xFA\xDB\x8F\x5C\x0C\xC9\x04\x4E\x28\x71\x0C\xDD\x06\x35\x8B"
"\x6D\xB5\xDB\x40\x2D\x88\xC0\x21\x25\x8E\xA1\xDB\xA0\xCE\xC6\xCF\xDB\x6D\xE1\x17\x44\xA0\x4E\x11\xE5"
"\x52\x6D\x50\x67\xE3\x5B\xA4\xB2\x04\x12\x48\x8B\x63\xE8\x36\x68\xB3\xF1\x6A\xCB\x63\xA6\x44\x11\xB8"
"\x21\xC6\x31\x0C\x1B\xB4\xD9\x78\x9B\x99\x66\x10\x57\x60\x48\x8C\x63\x18\x36\x68\xB3\xF1\x0B\x66\xA6"
"\x50\x5C\x81\x1E\x31\x8E\xF1\xE8\x36\x68\xB3\xF1\xEB\x16\xA9\x2C\x91\x04\x4E\x88\x39\x50\x56\x62\x8F"
"\x1C\xC7\xEC\x93\x37\xAA\x7C\x02\x89\x5B\x17\x98\x36\xC8\xB3\xF1\xE3\xB6\x27\x48\x88\x22\x90\xB8\x75"
"\x61\xC4\xB2\x41\x9E\x8D\x0F\xDA\x1E\x02\x23\xCC\x56\x2F\x52\x8A\x99\x39\xE1\x4E\xFE\x65\xD2\x26\x95"
"\x25\x92\x40\xE2\xD6\x85\x19\x2B\x2D\x40\x9C\x8D\x37\x5B\xA5\xB2\x84\x12\x18\x12\xDE\x17\xBB\x54\x4C"
"\x4C\xD1\x41\x9C\x8D\x6F\x97\xCA\x12\x4A\xA0\x47\xA8\x6D\xFB\xA3\xC1\x96\xE4\xF3\x38\x88\xB3\xF1\x11"
"\x73\xC2\x5D\x68\x81\x0E\x29\x8E\x89\x59\xE7\x71\xA4\xD5\xD9\xA6\x96\xA9\x2C\xA1\x04\xDA\xA4\x25\x91"
"\x66\xCA\x38\x8F\x63\x55\x1D\xFD\x0D\x5B\x2C\x49\x10\x4D\xE0\x35\xF1\xBB\x1F\x9F\xBF\xBD\xF5\x6F\xB5"
"\x93\x88\x65\x54\x7D\xEB\xF8\x72\x0A\xA4\x6C\xC1\xB4\x1E\xAA\xE7\x71\xA8\x25\x5B\x6E\xB5\x52\x8E\xE4"
"\x14\x58\x6C\x5D\x38\x55\x58\x39\x8F\x23\x8B\x5D\x6B\x40\x9A\x8D\xBF\x6A\xBA\xBB\x46\x48\x81\x11\x7D"
"\xDC\xAB\x11\x8F\x28\xAA\x8E\xDA\x1A\xEF\xAE\x11\x52\xE0\x82\x3D\x99\xA6\x8F\x89\x07\x99\xAF\xBB\xA4"
"\xB2\xC4\x12\xE8\xD4\xAE\x49\x2B\x9F\xC7\x51\x1C\xAF\x53\x3A\x83\xB1\xF1\xEE\x1A\x21\x05\xDA\x8D\xB6"
"\x76\xA8\xF6\x62\x7D\xEA\x70\x39\x35\x8B\xB1\x49\xAA\xC8\x2A\xD0\x68\x7C\x12\xA7\x3E\x0E\xAB\x07\x8E"
"\x4D\xCC\x49\x72\xCE\x69\xB2\xE2\x08\x6C\x74\x94\x84\x66\x8D\x67\xEC\x03\x7A\x6C\x69\x05\xB2\xB7\x2E"
"\xE8\xC3\xC9\xEC\xFE\xA1\xFE\x3E\x8C\x68\x20\xAF\x40\xE2\xD6\x05\xE5\xD1\x9C\x17\x6E\x28\xE6\x26\x57"
"\xA3\xE3\x00\x67\xA3\x49\x2C\xF0\x38\x08\x51\xAE\x6D\xC7\x0B\xD7\xAC\xDA\xB6\xDC\x27\x4E\xF5\xC9\x7D"
"\xDE\x25\xFA\xEA\x40\x62\x81\xFB\x71\xAF\xAB\x57\xCF\x5B\xAC\x1E\x0A\xB5\x0A\xE6\xA3\x72\x6B\x37\xA7"
"\x41\x14\xBA\xC6\x05\x4B\xD7\x03\x81\x4A\x83\x63\xEF\x92\x38\x98\x8F\x2D\xFD\x05\x4A\xD7\x03\x81\xCC"
"\xCB\xE3\x92\xD8\x9F\x8E\x4C\xF5\x05\x4B\xD7\x03\x81\xC5\x2D\xA6\xE5\x14\xD6\x72\xE1\xD8\xA6\xCA\x41"
"\xE9\x7A\x20\x70\xE0\x96\x8F\x9F\x8C\x1E\xCD\x19\x0A\x47\xA5\xEB\x81\xC0\x81\xE6\x46\xEB\x55\xE8\x39"
"\xF6\xB5\xC2\x61\xE9\x7A\x20\x10\xA5\x83\x40\x08\x44\x11\x21\x10\xA5\x83\x40\x08\x44\x11\x21\x10\xA5"
"\x83\x40\x08\x44\x11\x45\x10\xF8\x4C\x97\xD4\x5F\x86\x3E\x5C\xCC\x97\xCF\x6B\xE8\x3C\x16\xAE\x0F\x57"
"\x43\xE6\xCB\x31\x6E\x78\x2C\x5C\x1F\x2E\x27\x0D\xF3\xEB\x68\x78\x2C\x5C\x1F\xAE\xC7\xCD\x2F\x32\x5F"
"\xF2\xDC\x3C\x78\xBE\xA0\xF9\x86\xE3\x6B\xB8\x7B\x71\x45\xF8\x20\x39\x77\xD9\xC5\xE5\xE9\xC5\x25\xF5"
"\xC5\x64\x1B\x77\xED\xC4\x39\x5C\x95\xC8\xB5\x40\x23\xE3\xD4\xE0\xC1\x5F\x66\x70\x2D\xF0\xE9\x6A\xE5"
"\x5D\x2B\xE6\xA8\xAF\x31\xA3\x43\xB1\x02\xBE\xFD\x95\xAA\xE0\x63\xC0\x35\xB5\xF4\x17\x1F\x93\x28\xBA"
"\x35\x2D\xAF\x16\xE6\xBC\x02\x96\xDB\x0A\x97\xCC\x07\xDC\x13\xF0\xEC\x6F\xA9\xF0\x2F\x50\x59\xF1\xEB"
"\x6F\xA5\x0E\x7A\x80\xC2\x6D\x1D\x8C\x7A\xE1\x8F\xDF\x7E\xD0\x53\x06\x7D\xC1\xE0\xB0\x12\x86\xC6\xA0"
"\x4F\x18\x7E\xC2\x93\xBD\xC4\xEF\x97\xBE\x7D\xF4\xEA\x86\xF1\x3A\x7D\x69\x75\xE9\x3A\x0E\x5D\x73\x00"
"\x00\x00\x00\x00\x00\x00\x00\x00\x00\x00\x00\x00\x00\x00\x00\x00\x00\x00\x00\x00\x00\x00\x00\x00\x00"
"\x00\x00\x00\xB4\xE1\x3F\x19\x8E\xA6\x3C\x73\xC0\x9D\x6A\x00\x00\x00\x00\x49\x45\x4E\x44\xAE\x42\x60"
"\x82"
}
};

static const binfile_t background_doom = {"background_doom.png", 2773, {
"\x89\x50\x4E\x47\x0D\x0A\x1A\x0A\x00\x00\x00\x0D\x49\x48\x44\x52\x00\x00\x01\x40\x00\x00\x00\xF0\x08"
"\x03\x00\x00\x00\x46\xF3\x4D\x59\x00\x00\x03\x00\x50\x4C\x54\x45\xFB\xF8\xF1\xFB\xF6\xEC\xF9\xF6\xEF"
"\xF8\xF5\xEF\xFB\xF4\xE6\xFB\xF3\xE4\xFB\xF3\xE2\xF5\xF3\xED\xF4\xF2\xEC\xFB\xF1\xDF\xF3\xF1\xEB\xF2"
"\xF0\xEA\xEF\xEE\xE9\xEE\xEC\xE7\xED\xEB\xE6\xEC\xEA\xE6\xE9\xE8\xE4\xE5\xE4\xE1\xE4\xE3\xE0\xE1\xE1"
"\xDE\xE0\xE0\xDD\x00\x00\x00\x00\x00\x00\x00\x00\x00\x00\x00\x00\x00\x00\x00\x00\x00\x00\x00\x00\x00"
"\x00\x00\x00\x00\x00\x00\x00\x00\x00\x00\x00\x00\x00\x00\x00\x00\x00\x00\x00\x00\x00\x00\x00\x00\x00"
"\x00\x00\x00\x00\x00\x00\x00\x00\x00\x00\x00\x00\x00\x00\x00\x00\x00\x00\x00\x00\x00\x00\x00\x00\x00"
"\x00\x00\x00\x00\x00\x00\x00\x00\x00\x00\x00\x00\x00\x00\x00\x00\x00\x00\x00\x00\x00\x00\x00\x00\x00"
"\x00\x00\x00\x00\x00\x00\x00\x00\x00\x00\x00\x00\x00\x00\x00\x00\x00\x00\x00\x00\x00\x00\x00\x00\x00"
"\x00\x00\x00\x00\x00\x00\x00\x00\x00\x00\x00\x00\x00\x00\x00\x00\x00\x00\x00\x00\x00\x00\x00\x00\x00"
"\x00\x00\x00\x00\x00\x00\x00\x00\x00\x00\x00\x00\x00\x00\x00\x00\x00\x00\x00\x00\x00\x00\x00\x00\x00"
"\x00\x00\x00\x00\x00\x00\x00\x00\x00\x00\x00\x00\x00\x00\x00\x00\x00\x00\x00\x00\x00\x00\x00\x00\x00"
"\x00\x00\x00\x00\x00\x00\x00\x00\x00\x00\x00\x00\x00\x00\x00\x00\x00\x00\x00\x00\x00\x00\x00\x00\x00"
"\x00\x00\x00\x00\x00\x00\x00\x00\x00\x00\x00\x00\x00\x00\x00\x00\x00\x00\x00\x00\x00\x00\x00\x00\x00"
"\x00\x00\x00\x00\x00\x00\x00\x00\x00\x00\x00\x00\x00\x00\x00\x00\x00\x00\x00\x00\x00\x00\x00\x00\x00"
"\x00\x00\x00\x00\x00\x00\x00\x00\x00\x00\x00\x00\x00\x00\x00\x00\x00\x00\x00\x00\x00\x00\x00\x00\x00"
"\x00\x00\x00\x00\x00\x00\x00\x00\x00\x00\x00\x00\x00\x00\x00\x00\x00\x00\x00\x00\x00\x00\x00\x00\x00"
"\x00\x00\x00\x00\x00\x00\x00\x00\x00\x00\x00\x00\x00\x00\x00\x00\x00\x00\x00\x00\x00\x00\x00\x00\x00"
"\x00\x00\x00\x00\x00\x00\x00\x00\x00\x00\x00\x00\x00\x00\x00\x00\x00\x00\x00\x00\x00\x00\x00\x00\x00"
"\x00\x00\x00\x00\x00\x00\x00\x00\x00\x00\x00\x00\x00\x00\x00\x00\x00\x00\x00\x00\x00\x00\x00\x00\x00"
"\x00\x00\x00\x00\x00\x00\x00\x00\x00\x00\x00\x00\x00\x00\x00\x00\x00\x00\x00\x00\x00\x00\x00\x00\x00"
"\x00\x00\x00\x00\x00\x00\x00\x00\x00\x00\x00\x00\x00\x00\x00\x00\x00\x00\x00\x00\x00\x00\x00\x00\x00"
"\x00\x00\x00\x00\x00\x00\x00\x00\x00\x00\x00\x00\x00\x00\x00\x00\x00\x00\x00\x00\x00\x00\x00\x00\x00"
"\x00\x00\x00\x00\x00\x00\x00\x00\x00\x00\x00\x00\x00\x00\x00\x00\x00\x00\x00\x00\x00\x00\x00\x00\x00"
"\x00\x00\x00\x00\x00\x00\x00\x00\x00\x00\x00\x00\x00\x00\x00\x00\x00\x00\x00\x00\x00\x00\x00\x00\x00"
"\x00\x00\x00\x00\x00\x00\x00\x00\x00\x00\x00\x00\x00\x00\x00\x00\x00\x00\x00\x00\x00\x00\x00\x00\x00"
"\x00\x00\x00\x00\x00\x00\x00\x00\x00\x00\x00\x00\x00\x00\x00\x00\x00\x00\x00\x00\x00\x00\x00\x00\x00"
"\x00\x00\x00\x00\x00\x00\x00\x00\x00\x00\x00\x00\x00\x00\x00\x00\x00\x00\x00\x00\x00\x00\x00\x00\x00"
"\x00\x00\x00\x00\x00\x00\x00\x00\x00\x00\x00\x00\x00\x00\x00\x00\x00\x00\x00\x00\x00\x00\x00\x00\x00"
"\x00\x00\x00\x00\x00\x00\x00\x00\x00\x00\x00\x00\x00\x00\x00\x00\x00\x00\x00\x00\x00\x00\x00\x00\x00"
"\x00\x00\x00\x00\x00\x00\x00\x00\x00\x00\x00\x00\x00\x00\x00\x00\x00\x00\x00\x00\x00\x00\x00\x00\x00"
"\x00\x00\x00\x00\x00\x00\x00\x00\x00\x00\x00\x00\x00\x00\x00\x00\x00\x00\x00\x00\x00\x00\x00\x00\x00"
"\x00\x00\x00\x00\x00\x00\x00\x00\x00\xF4\x31\xF6\xE1\x00\x00\x07\x90\x49\x44\x41\x54\x78\xDA\xED\x9D"
"\xED\x7A\xAC\x2A\x0C\x85\x2D\xCC\xAE\xB3\x41\x45\x94\xFB\xBF\xD6\x53\x15\x14\x44\x67\x74\xC4\xF3\x74"
"\x93\xF5\xFE\xE8\xC7\x4C\x6B\x1F\x57\x13\x12\x42\xC0\xA2\x00\x00\x00\x00\x00\x00\x00\x00\x00\x00\x00"
"\x00\x00\x00\x00\x00\x00\x00\x00\x00\x00\x00\x00\x00\x00\x00\x00\x00\x00\x00\x00\x00\x00\x00\x00\x00"
"\x00\x00\x00\x00\x00\x00\x00\x00\x00\x00\x00\x00\x00\x00\x00\x00\x80\x0F\x61\x7C\x80\x31\x28\x71\x56"
"\xB8\x52\x54\x4D\xAB\x75\xD7\x8F\x74\x5A\xAB\xA6\x12\x25\x84\x3C\x26\x5E\xA5\x74\x1F\x63\xFA\x5E\xAB"
"\x0A\x22\xBE\x51\x4F\x6C\x8A\x67\x05\x1C\xD0\x4A\x40\xC3\x3D\xCA\x66\x4F\xBD\x40\x46\xDD\x94\xD0\x6A"
"\x03\xD1\x3A\x91\x8C\xD9\x17\x70\x7A\xAB\x15\xD0\x6B\x2D\x9F\x8E\x54\xDA\xD2\x6E\x7A\xEB\xE7\xA3\x86"
"\x84\x81\xF3\xB6\xBE\x93\x9A\x4D\xF9\x66\xED\xEC\xC7\x16\x8E\xEC\xE0\x6A\x37\x66\xBC\x10\xB0\xEF\x15"
"\x87\x76\x03\x52\xF7\xF1\xE8\xA7\xDB\xA6\x92\xA2\x1C\x11\x72\xC8\x0A\x43\x61\xC7\xCF\x5A\x42\xBD\x82"
"\xA9\xC8\xCA\xDA\x5A\x6C\xD8\x16\x17\x75\xBB\x12\xF0\xC7\x08\xC9\xE7\x34\xA5\xB6\x2E\x69\xAC\x2C\x4A"
"\xBE\x70\x4C\x2E\xDB\x55\xA0\xD1\xC4\x47\x42\xD1\x39\xD3\x9B\x7C\xB2\x7E\x3B\xAC\xF1\x5A\x07\xCE\xDE"
"\x91\x0E\xC7\x32\xB0\x27\x2D\x0F\x39\x24\x93\x61\xBE\x4D\x78\x20\xAC\xFD\x1C\xEF\xA0\x7C\x1B\x12\xD6"
"\xE4\xF5\x1B\xC6\xBE\xE6\x54\x38\x60\xCD\x12\x49\x0C\x55\x05\x2B\x6F\xCA\x71\x7E\x62\x31\x4C\x5D\xA6"
"\x91\xD0\x10\xB5\x41\xE9\x39\xE1\x27\xD9\x88\xCD\x7F\xA6\x00\x44\x70\x1C\x14\x9E\x7E\xD5\xA7\x26\xBC"
"\x28\x48\x2E\x16\x97\xDD\xA2\x9F\xB8\xFC\x4F\x30\xA6\x23\x96\x0F\xB2\x25\x8C\x5E\xB9\x75\xEF\xDF\xA0"
"\x69\xCD\x49\xD4\x9C\x09\x5F\x33\x1D\x4F\x41\x45\x2C\x80\x38\x01\x9F\x17\x87\x02\x92\x09\x35\xEF\xAE"
"\x8F\x7F\x71\x30\xEA\xE8\x54\xB7\xD4\xD5\xF8\x1B\xC7\x62\x52\x4E\x2C\xD2\xDE\xB2\x4A\x67\xCE\xFF\x4E"
"\x04\x36\x09\x23\xE7\x12\xD1\x89\x44\xE2\x6A\x2E\x9D\x26\xCA\xDD\x9E\x73\x31\xB6\x22\x63\x80\xE3\xFD"
"\x36\xA9\x2E\xD9\xB8\x0A\x21\x09\x13\xAC\xD2\x3B\xDC\xE2\xC4\x15\x0D\x03\x9C\x86\xC0\x84\x79\x9B\x0B"
"\x4B\x86\x80\x09\x4A\x17\x41\xDA\x94\x57\x6D\xE9\x98\xE0\x1C\x82\x9F\x29\xAF\x3A\x67\x46\x3A\xFF\x1C"
"\xD0\xAE\x20\x25\xCE\x7A\x5B\x2A\xB9\xA0\xFA\xB1\xBF\x31\x85\x11\xA9\xFF\x31\xB6\xBC\x9F\xF9\x74\x84"
"\xBB\xFB\xD4\x37\x0C\x0D\x53\x85\x22\xEF\x19\xB1\xBC\xAD\x74\x22\xDD\xEA\x54\xDE\x45\x19\x37\x54\x75"
"\xC9\xD3\x0D\xD6\xDD\x11\xDD\x7F\xA9\x07\xDF\x52\x38\x51\xAE\xC4\xC8\xB3\xF6\x60\x7B\x93\x37\xC4\x4A"
"\xE1\x1A\x8E\x72\xF6\x61\x95\xB4\x0C\xB3\x33\x9F\xCB\x38\x0E\xFF\xDC\xA3\x6D\x8D\xBC\xE7\xBF\x93\xFD"
"\x74\xAE\x74\x4B\x21\xB7\x64\xBB\x73\x2A\x98\xEF\x0A\xA7\x9D\x07\x9B\x7B\xC6\x79\x97\x63\x9A\x7C\x07"
"\xC1\xD9\xC9\x6E\x9B\x66\x8F\x02\xE6\x3B\x08\xBA\x61\xBE\xB9\xE7\xF2\x4D\xEE\x05\x05\x7E\xF3\x0A\xEE"
"\x3C\xCD\xC9\x35\x13\x9C\x17\xC1\xCB\x7F\xF3\xFA\xBF\x66\x22\xDC\xDD\x94\x67\xB0\x2E\xF3\x1E\x85\xDB"
"\xC7\xA8\x9B\xC7\xD8\xDF\x12\x84\xEF\x9B\x2A\xA8\xCC\xE7\x22\xDA\x56\xEC\x6E\x6B\xC8\xAD\xED\x8E\x13"
"\x9D\xB5\x80\x4B\x3F\x2E\x4B\x86\x97\xA8\x0F\x7F\x20\x53\x01\xC7\x31\x7E\xB0\xC0\x69\x22\xC7\x1A\xDD"
"\xF5\xDD\xC0\x18\x58\x86\xAF\x7F\x3E\x8D\x5F\x5A\x7A\xF7\x8D\x8D\x3D\xE1\xEB\xCB\xCF\xF7\xDA\xB6\xF8"
"\x0B\x3B\x55\xEC\xF2\x9C\x0D\x73\x57\x74\x2F\x83\x90\x12\x6E\xCD\x0C\xF6\x0A\x1F\x79\xDD\x0F\x1B\xA5"
"\x7B\x21\xCF\x44\xB0\x74\x37\xCC\x6D\x65\xE6\xD5\xD9\x08\x27\x5F\x9F\x2A\x30\x3C\xEF\x44\xB0\x74\x9B"
"\xA9\x79\x90\x73\x24\x41\x17\x04\x04\x7C\x5A\x3F\xB4\x23\x94\x4A\x29\xA0\x0A\x33\xE9\x67\x96\x02\x0A"
"\xB7\xA7\x70\x12\x70\x6A\x32\xEA\xDA\x43\xE8\xDD\x77\x3A\xAF\xA3\x63\x16\x50\xE4\x2A\xA0\x5F\xCF\x17"
"\x69\x72\x5E\xE5\x29\x36\x8F\xAB\xB9\x0A\x18\xCC\xE4\x78\x9A\x69\x9D\xF6\xEA\x2F\x4C\x9B\x1B\x2B\xDE"
"\xBF\xC2\x85\xFD\x2E\x48\x9D\xA2\xF4\xC4\xA7\xB3\x78\x8A\xC5\x02\x4D\xDE\x02\x7A\x4B\x72\x2A\x85\xB7"
"\x8D\xA1\x7D\x1E\x08\x34\x8D\x31\xD0\x7E\x5F\xA5\x68\xE8\x0B\x2E\x42\x6B\x0C\xB4\xF5\xCF\x8B\x51\x44"
"\xF9\x79\x1F\x31\x01\x93\x44\x91\x70\x20\xA5\x25\x60\x8A\x28\xC2\xD7\x57\x34\x14\x04\x64\x1B\x29\xDC"
"\xD7\xE3\x38\x5F\xEB\x6B\x2A\x4F\x40\x43\x48\x40\xE9\x9D\xB9\xF1\xF5\xF7\x38\x9E\x80\x75\xB8\x06\x92"
"\xBF\x80\xC6\x77\x38\x3F\x8A\xB0\xEF\xC3\xFA\x7D\xB3\x30\x86\x2C\xBD\x1C\x63\xEF\x8D\xA1\x23\xE0\x34"
"\x75\xB5\x06\xF9\x38\x2C\xE0\x9F\xE5\x92\x53\xD8\x5D\xEA\xA7\xD9\x5B\xA0\x09\x04\xB4\xFD\xAA\xE5\x49"
"\x1F\xFE\x5A\x95\x18\x97\x9E\xD4\xFC\xD3\x98\x95\x80\x8D\x5F\x08\xF8\xFE\xC0\x83\x45\xB8\x8A\x49\x23"
"\x0F\xF4\xFA\xF7\xA4\x7F\xFF\x7F\x8E\x0A\xE8\x5D\xB2\x59\xAD\xA3\xE7\x29\x20\x17\x13\x4D\x24\x60\xE0"
"\x81\x47\x7D\xF8\xE1\x5D\xBA\x0D\xEB\xCF\x93\x05\x0E\xE7\x48\xD9\x3F\x99\xC5\xDA\x48\x15\x95\xDF\xD9"
"\x66\x0C\x38\xEA\xC3\x6C\x1D\x43\xBC\x8E\x54\x3D\x1F\xE2\x98\xCF\xD6\x39\xD6\x45\xE7\x40\xB3\x6D\x0B"
"\xFA\x3E\x3D\x04\x96\xEB\x7D\x0D\x91\x80\x19\x1C\x44\xC1\xE7\xE3\x99\x8C\xDD\x25\xA7\xC3\x3C\x78\x5E"
"\x68\x7F\x9C\xF6\x60\xB9\x3A\xFD\x8E\xCD\x07\x92\xCD\x27\x34\x66\xE0\xC4\x53\xAE\xBB\xE8\xE7\x0B\x38"
"\xA6\x86\xA6\x39\x33\x08\x7E\x45\x31\x44\x04\xA5\x85\x50\xC0\x1C\xBA\x64\x58\xAD\x26\xF4\xAA\x1E\x38"
"\x9B\xA7\xAB\x27\x7F\x9F\xF4\xE0\xA8\x1A\x31\x07\x11\x6D\xFF\x64\x9D\x55\x8B\x82\xD8\xE8\x6E\x0B\x66"
"\x12\x8F\x73\xD3\x10\x37\x93\x59\x07\x15\x3A\xE5\xAC\x75\x3D\xF4\xEB\xA4\x07\xC7\x15\x59\x22\x89\x74"
"\x94\xE3\xC8\xC3\x3E\x1C\x78\xB0\x8C\x32\x15\x7A\x02\x86\xF5\xBC\xC7\x9F\x77\x3C\x8A\xC8\x7C\x45\x11"
"\xA6\x31\xBD\xA1\x24\xE0\xA5\xB2\x7E\x5C\xD1\x76\x79\x20\x95\xB9\x70\x71\xA9\xAC\x1F\x8B\xCF\x48\x54"
"\xA4\x43\x01\xD5\xE7\xDD\x54\xCF\x78\x55\xCF\xEE\x55\x22\x14\x85\xAF\x2C\x0E\x6F\xFC\x2A\xB5\x7A\x60"
"\x71\x69\x71\x38\x36\x5E\x02\x79\x60\x24\xE0\x85\x28\x32\xA9\xC5\x88\x5B\xE0\xE7\x51\x64\x43\x7A\x46"
"\x6C\x5D\x78\x27\x99\x3B\x7C\xB9\xE8\x00\xA4\xEC\xDB\xDB\xB6\x04\x94\xF6\x79\x7B\xA7\x99\xC4\x92\xE4"
"\x05\x2C\xDF\x3E\x8B\xCF\x3D\xEE\x66\xAE\x2B\xFA\x0F\x10\x2A\x8B\x75\x10\x31\xC4\x04\x0C\x2B\xD6\xAF"
"\x9E\xC6\x67\xEB\x8A\xBD\x2F\xE0\x6A\x4B\x0D\x91\x6A\x4C\x78\xD3\xED\xCE\x73\xD0\xDE\xEB\x1A\x1D\x53"
"\xC4\x48\x0A\x58\x05\x56\xB6\xFE\xFC\x46\xC0\x8A\x96\x80\xD1\x9A\xC8\x48\xF3\xF9\xF6\x90\x66\x33\x35"
"\x24\x95\x48\x8F\x19\x5D\xF9\x92\xF1\x6D\x1E\xFC\x90\xFD\x8E\xC7\xB9\xB5\x21\x56\x91\x4E\x0C\x91\xFE"
"\x40\x08\x98\x34\x88\x24\x84\x40\x7F\xE0\xCD\x27\xDE\xC3\x02\x2F\x5B\x20\xC1\x3C\x10\x02\x5E\xCD\x03"
"\x93\xBA\x70\xF6\x02\xDE\x1A\x85\xE7\xD6\x0E\x8A\x69\x0C\xE3\xA7\x60\xBB\x41\xC4\xD0\x14\x50\x9E\x3C"
"\x42\x61\xFB\xE9\xE0\x04\xD7\x85\xD7\xC3\xFF\x71\x05\xB7\xAF\x62\x7A\x62\xEB\xC2\x49\x05\x24\x31\x17"
"\x36\xE6\x3E\x17\x26\x91\x07\xEE\x08\x98\x24\x88\x64\xDF\xDA\x61\x8F\x3D\xB9\xB7\x98\x90\x73\x10\xF9"
"\x5F\x04\x24\x73\x6E\x0C\x66\x22\x10\x10\xC5\x04\x08\xB8\x21\x60\xFE\x53\xB9\x57\xA7\x14\x97\xCD\x5B"
"\x5E\x34\x63\x4A\xB7\xC3\x26\x73\x01\x7B\xB5\xD7\x8C\x55\x1E\xC9\xA1\xF7\x14\xE4\x6A\x6E\xF8\xC8\x7B"
"\x2A\xF7\x83\x96\xFB\x26\xF4\x96\xBD\xDF\xF5\xE6\x32\x79\x0A\x58\xCE\x3D\x07\x66\xCF\x08\x3F\xB7\x40"
"\xAE\x8E\x18\xE9\x3F\x4E\xD0\x05\xB3\x6D\x84\x65\xFD\x6E\x08\xAC\xCB\x5D\xF3\x33\xAE\x21\xA4\xCD\x53"
"\xBF\x82\xEB\xA0\x6D\x48\x25\xDB\x8A\x6A\xCD\xCF\x75\xBE\xE9\x6C\x9F\xEB\xC5\xC2\x36\x98\x2E\xD1\x43"
"\x03\xA4\x0E\xDA\x91\x9A\x9C\x1F\x91\xFB\xD4\x5E\x6B\x95\x49\x62\x84\x6E\xF4\x73\xE6\x97\xF9\xD3\x49"
"\x9D\x11\xDA\xDB\xBD\x6E\x84\x52\x07\x0D\x71\x4D\xFE\x4F\x68\x16\xA1\xC3\x5D\x33\xC2\xC1\xFC\x3C\x01"
"\xF5\xB3\x20\xC0\x68\x84\xE6\xCD\xF2\xD0\xE1\xD1\xCF\x3F\x64\xA2\xA1\xF0\x8C\x7A\x6B\x84\x7E\x03\xAA"
"\xAA\x3F\x44\xF5\xFE\x29\x1D\xB9\x8F\x7E\x2F\xC2\xF1\x61\x5E\x35\xFE\x92\x31\x3F\x7F\x24\x4C\x27\x20"
"\x25\xF3\x5B\x19\xA1\xB7\xEF\xC3\xFB\xC2\x1E\x5E\xD2\xFB\x1B\x44\xA6\x17\xC2\x7D\x22\x34\xCD\xCF\xCF"
"\x09\x4D\x2C\x88\xB1\x4F\x7D\xF0\x37\x88\xD8\x2F\xCD\xD6\xCF\x13\x34\x3F\xDF\x08\x67\x19\xCC\xF6\xDE"
"\xA4\x5D\x37\x36\xA4\xCD\x6F\x31\x42\x13\x69\xE4\xAC\xCD\xF4\xDB\xEF\x1A\xE2\xA3\xDF\x7E\x38\x36\xBE"
"\xCF\x1E\xD8\x70\x33\xFC\x3C\x61\xF3\xB3\x05\xAC\x46\xED\x3E\x2B\x44\xBD\x7D\xCE\x48\x53\x16\x00\x00"
"\x00\x00\x00\x00\x00\x00\x00\x00\x00\x00\x00\x00\x00\x00\x00\x00\x00\x00\x00\x00\x00\x00\x00\x00\xFC"
"\x26\xFE\x03\x0A\xB1\x90\x32\xA5\xFC\x5F\x2C\x00\x00\x00\x00\x49\x45\x4E\x44\xAE\x42\x60\x82"
}
};

static const binfile_t background_favorite = {"background_favorite.png", 3920, {
"\x89\x50\x4E\x47\x0D\x0A\x1A\x0A\x00\x00\x00\x0D\x49\x48\x44\x52\x00\x00\x01\x40\x00\x00\x00\xF0\x08"
"\x03\x00\x00\x00\x46\xF3\x4D\x59\x00\x00\x03\x00\x50\x4C\x54\x45\xFB\xF8\xF1\xFA\xF7\xF1\xF9\xF6\xF0"
"\xF8\xF6\xEF\xF7\xF4\xEE\xF7\xF4\xED\xF6\xF3\xED\xFB\xF0\xDF\xF4\xF2\xEC\xF4\xF1\xEC\xFB\xED\xD8\xF1"
"\xEF\xE9\xE9\xE8\xE4\xE2\xE1\xDE\xE0\xE0\xDD\xE0\xDF\xDD\x00\x00\x00\x00\x00\x00\x00\x00\x00\x00\x00"
"\x00\x00\x00\x00\x00\x00\x00\x00\x00\x00\x00\x00\x00\x00\x00\x00\x00\x00\x00\x00\x00\x00\x00\x00\x00"
"\x00\x00\x00\x00\x00\x00\x00\x00\x00\x00\x00\x00\x00\x00\x00\x00\x00\x00\x00\x00\x00\x00\x00\x00\x00"
"\x00\x00\x00\x00\x00\x00\x00\x00\x00\x00\x00\x00\x00\x00\x00\x00\x00\x00\x00\x00\x00\x00\x00\x00\x00"
"\x00\x00\x00\x00\x00\x00\x00\x00\x00\x00\x00\x00\x00\x00\x00\x00\x00\x00\x00\x00\x00\x00\x00\x00\x00"
"\x00\x00\x00\x00\x00\x00\x00\x00\x00\x00\x00\x00\x00\x00\x00\x00\x00\x00\x00\x00\x00\x00\x00\x00\x00"
"\x00\x00\x00\x00\x00\x00\x00\x00\x00\x00\x00\x00\x00\x00\x00\x00\x00\x00\x00\x00\x00\x00\x00\x00\x00"
"\x00\x00\x00\x00\x00\x00\x00\x00\x00\x00\x00\x00\x00\x00\x00\x00\x00\x00\x00\x00\x00\x00\x00\x00\x00"
"\x00\x00\x00\x00\x00\x00\x00\x00\x00\x00\x00\x00\x00\x00\x00\x00\x00\x00\x00\x00\x00\x00\x00\x00\x00"
"\x00\x00\x00\x00\x00\x00\x00\x00\x00\x00\x00\x00\x00\x00\x00\x00\x00\x00\x00\x00\x00\x00\x00\x00\x00"
"\x00\x00\x00\x00\x00\x00\x00\x00\x00\x00\x00\x00\x00\x00\x00\x00\x00\x00\x00\x00\x00\x00\x00\x00\x00"
"\x00\x00\x00\x00\x00\x00\x00\x00\x00\x00\x00\x00\x00\x00\x00\x00\x00\x00\x00\x00\x00\x00\x00\x00\x00"
"\x00\x00\x00\x00\x00\x00\x00\x00\x00\x00\x00\x00\x00\x00\x00\x00\x00\x00\x00\x00\x00\x00\x00\x00\x00"
"\x00\x00\x00\x00\x00\x00\x00\x00\x00\x00\x00\x00\x00\x00\x00\x00\x00\x00\x00\x00\x00\x00\x00\x00\x00"
"\x00\x00\x00\x00\x00\x00\x00\x00\x00\x00\x00\x00\x00\x00\x00\x00\x00\x00\x00\x00\x00\x00\x00\x00\x00"
"\x00\x00\x00\x00\x00\x00\x00\x00\x00\x00\x00\x00\x00\x00\x00\x00\x00\x00\x00\x00\x00\x00\x00\x00\x00"
"\x00\x00\x00\x00\x00\x00\x00\x00\x00\x00\x00\x00\x00\x00\x00\x00\x00\x00\x00\x00\x00\x00\x00\x00\x00"
"\x00\x00\x00\x00\x00\x00\x00\x00\x00\x00\x00\x00\x00\x00\x00\x00\x00\x00\x00\x00\x00\x00\x00\x00\x00"
"\x00\x00\x00\x00\x00\x00\x00\x00\x00\x00\x00\x00\x00\x00\x00\x00\x00\x00\x00\x00\x00\x00\x00\x00\x00"
"\x00\x00\x00\x00\x00\x00\x00\x00\x00\x00\x00\x00\x00\x00\x00\x00\x00\x00\x00\x00\x00\x00\x00\x00\x00"
"\x00\x00\x00\x00\x00\x00\x00\x00\x00\x00\x00\x00\x00\x00\x00\x00\x00\x00\x00\x00\x00\x00\x00\x00\x00"
"\x00\x00\x00\x00\x00\x00\x00\x00\x00\x00\x00\x00\x00\x00\x00\x00\x00\x00\x00\x00\x00\x00\x00\x00\x00"
"\x00\x00\x00\x00\x00\x00\x00\x00\x00\x00\x00\x00\x00\x00\x00\x00\x00\x00\x00\x00\x00\x00\x00\x00\x00"
"\x00\x00\x00\x00\x00\x00\x00\x00\x00\x00\x00\x00\x00\x00\x00\x00\x00\x00\x00\x00\x00\x00\x00\x00\x00"
"\x00\x00\x00\x00\x00\x00\x00\x00\x00\x00\x00\x00\x00\x00\x00\x00\x00\x00\x00\x00\x00\x00\x00\x00\x00"
"\x00\x00\x00\x00\x00\x00\x00\x00\x00\x00\x00\x00\x00\x00\x00\x00\x00\x00\x00\x00\x00\x00\x00\x00\x00"
"\x00\x00\x00\x00\x00\x00\x00\x00\x00\x00\x00\x00\x00\x00\x00\x00\x00\x00\x00\x00\x00\x00\x00\x00\x00"
"\x00\x00\x00\x00\x00\x00\x00\x00\x00\x00\x00\x00\x00\x00\x00\x00\x00\x00\x00\x00\x00\x00\x00\x00\x00"
"\x00\x00\x00\x00\x00\x00\x00\x00\x00\x00\x00\x00\x00\x00\x00\x00\x00\x00\x00\x00\x00\x00\x00\x00\x00"
"\x00\x00\x00\x00\x00\x00\x00\x00\x00\x83\xC4\x87\x3C\x00\x00\x0C\x0B\x49\x44\x41\x54\x78\xDA\xED\x5D"
"\xDB\x76\xE3\x2A\x0C\x0D\x83\x4B\x87\x72\xFB\xFF\xBF\x3D\x06\x09\x0C\x36\xB6\xC1\x49\xCF\x04\x47\xFB"
"\x61\xBA\x3A\x4D\x69\xD8\xD1\x1D\x09\x3F\x1E\x04\x02\x81\x40\x20\x10\x08\x04\x02\x81\x40\x20\x10\x08"
"\x04\x02\x81\x40\x20\x10\x08\x04\x02\x81\x40\x20\x10\x08\x04\x02\x81\x40\x20\x10\x08\x04\x02\x81\x40"
"\x20\x10\x08\x04\x02\x81\x40\x20\x10\x08\x04\x02\x81\x40\x20\x10\x08\x04\x02\xE1\xFE\x60\x5C\x28\xA5"
"\x01\x4A\x0A\xCE\x2E\x2F\x34\xBD\x68\xA1\x91\xC8\x9B\xFC\x8E\x8D\x31\xD6\x3A\xEB\x61\x8C\xDF\xBD\xE8"
"\xDE\x3B\x13\x2A\xAC\x63\x2C\x02\x16\x9A\x6E\x4D\xA2\xDF\xB4\x31\xCE\x39\x9B\x61\xFE\xD6\xCD\x9B\xEF"
"\xE2\x90\x89\x99\x3C\xBB\x5D\xC8\xF6\x2E\x34\x14\xF8\xCC\xDE\x76\xCB\xF0\xAF\xDF\xBB\x96\xAC\x67\x21"
"\x17\xD7\xB0\xAB\x25\x67\x0E\xF9\x0D\xE9\x9B\x55\xB7\xD8\x67\x14\x3E\xF8\x37\x7C\x99\x77\xCE\x1A\xE9"
"\xF3\xBF\x0C\x36\xA0\xE4\x0F\x56\xBD\x21\x85\x5C\x95\x9A\x1B\x18\xCB\x09\x74\xB8\xF3\x33\x29\x9C\xE9"
"\xB3\x6E\x91\xDE\xB8\x8A\xCB\xD7\x9D\xFF\xAB\xED\xB3\x18\xC7\xF6\xF9\x5D\xBB\xC2\xEA\x39\x13\x00\x1C"
"\x2E\x0C\xCC\x3B\x9F\x8E\x56\x12\x7A\xE1\x3B\x5A\x3D\xB3\x2C\x15\x05\x32\x28\xB2\xBC\x0D\x7F\xC2\xEB"
"\x5C\xDC\x75\xF0\x18\x21\xEA\x98\x21\x65\xF0\xC9\x51\x9C\xC2\xAB\x0E\x36\xCE\x82\x1C\x47\x95\x0F\x7E"
"\x77\x5E\x67\xF2\x10\x32\x38\xE5\x85\x59\x4F\x21\xBF\x89\xF8\x99\xE8\x2A\x82\x92\x6E\x42\x0D\x08\x48"
"\xA2\x32\xCF\x42\xB8\xA7\x7D\x5E\xFC\xD2\x07\x31\x2F\x24\x57\x81\x1F\xE3\x12\x16\x8A\x0C\x6B\x71\x07"
"\xEB\x07\x26\x3F\x58\x26\xEF\x69\xF9\x91\x87\x86\x8D\xEF\x88\x8E\xD4\xC8\x4D\x70\xD9\x3B\xC1\xCA\x1C"
"\xE0\x98\x45\xDA\xCD\xF8\x96\x50\xE8\xA4\x52\x76\x96\xBD\xC3\xD0\x0E\xA5\x70\x7E\x7D\xCD\x10\x82\x20"
"\x07\x45\x37\x47\x0B\xCD\xFE\xDE\x24\x89\x37\x7A\x70\x06\x67\xA9\x89\x04\x9E\x86\x16\x4C\x06\x5B\x19"
"\x5E\xBF\x55\x3E\x95\x7E\x76\xE2\x67\x3C\x85\x4B\x9C\x38\xB8\x21\x94\x51\x7D\x1B\x76\x8D\xC1\x0E\x84"
"\x76\x1B\x06\xC3\x4F\x40\x8E\x45\x93\xE0\x47\x79\xB5\x23\x33\x28\xA3\xFB\x70\xAD\x31\x45\xD0\xF8\xF0"
"\x4B\x25\xE1\x0A\xFD\x78\xB3\x6B\x65\xF0\x1B\xB3\x08\x0E\xCC\x20\xCA\x9F\xED\x09\x28\xB8\x8E\x91\x4A"
"\xFE\x3B\x12\xFE\xD3\x7B\x85\x0E\xEB\x1B\x6D\xE6\xA8\x0C\x0A\x13\x83\xE3\x1E\x5F\xC8\x30\x68\xCC\xF7"
"\xFD\x37\x91\xDA\x13\x97\xCC\x9F\x05\x3A\x9D\x31\x3D\xC9\xA4\xA3\xFC\xF5\xA5\x04\x2C\x9A\xBB\xB4\xEF"
"\x79\xA5\x0B\xFC\x85\xCF\x02\x8B\x3D\x23\x32\xC8\x2F\xF2\x97\xCC\x97\x8B\xFA\xCA\x34\x5A\xD2\x16\x3F"
"\xB4\x61\x10\xC2\x46\x35\x1E\x81\x3A\xEA\xEF\x85\x6C\x40\x61\x44\x08\xBF\x1B\x57\xEA\xE6\x0F\x65\xF0"
"\xEA\xBB\xF8\xD7\x0E\xE4\xA2\xFC\xC1\xBE\x43\xCE\x36\x73\xC6\xB2\x95\xC4\xB5\x95\x30\x2C\xE2\x03\x2A"
"\xB0\x0F\x22\x4E\x75\x87\x4B\xA5\x94\x5C\xA7\xC7\x1A\xCD\xA0\x8A\xA6\xE0\xDA\x27\x01\x6F\x24\x2C\xA0"
"\x07\x54\x60\x9F\xB2\x9E\x7A\x9A\xA0\x64\x66\x5D\x08\x0C\xFB\xF6\x66\x50\xA0\x02\x5F\xB6\x62\x93\x06"
"\x61\x1E\x4B\x89\x05\x3A\xD2\x33\xC5\xF1\xF5\x81\x7A\xAC\x28\x30\x86\x44\x23\xF6\x44\x24\x12\xB3\xA1"
"\x91\x3C\x31\xC3\xB8\xC3\x4C\xA7\xCE\x22\x15\x5A\xDD\x2A\x63\x50\x31\x88\x7B\x3A\x16\x56\x60\x05\x47"
"\xF2\xC4\x0A\x4A\x53\x67\x6F\x59\xA6\xFC\xB6\x22\x65\x4C\x67\x27\x00\x4F\xE9\x5F\x34\x07\xE3\xF8\x11"
"\xDC\xFB\x99\xD2\x70\x8D\xC1\x4A\x3C\xDB\x2D\xFD\xC4\xB4\x30\xF8\xA4\xF0\x48\x88\xA7\xC7\x11\x41\x69"
"\x20\x8D\x17\xA7\xAA\x15\x6C\x9F\x14\x12\xCF\xD9\x4A\xC6\x55\x3C\x33\x7F\xD6\x7C\x31\xF0\xC4\xC3\x58"
"\x41\x1F\x7B\x85\x20\xAE\x45\x4E\x31\x4F\xFE\x6B\xB6\x9A\xCA\x52\x2E\xF3\xAC\x03\x45\x8F\x64\x06\x39"
"\x66\x12\x90\x89\x9D\x6D\x7B\x32\xB9\x54\x80\xB8\xA9\x6A\x35\xE2\x79\xD5\xD3\x76\x24\x47\x1C\x6D\x76"
"\x53\xB1\x46\x25\x3A\xC3\x0E\xB7\xFB\x7E\x89\xF1\x87\xBF\x75\x1A\x15\xBC\x4D\x12\xE2\x1A\x04\x10\xB4"
"\x36\x69\x15\x0F\x5A\xA6\x2B\x4B\xBD\x42\xF1\x98\x7E\x95\x2C\xFF\x5F\x2E\xC4\x9D\xAB\xCB\x5A\x02\xBD"
"\x42\xAF\x37\xC8\x95\x7E\xCD\xD1\xA4\x84\xF2\xC4\x10\x3A\x0C\x1A\x7C\xFE\x61\xAF\x6C\xE0\x0B\xC2\x95"
"\x06\xB5\x18\x40\x87\xB1\x0E\x70\xFE\x56\xE1\x85\xE8\x85\x21\xA6\xFE\xC5\xFD\x01\x81\x23\xE8\x30\xDA"
"\xEB\x06\x65\x81\xCA\xF3\x1C\x07\x4E\xF1\x0C\x4D\xFF\xAA\x61\xB1\x0D\x9E\xED\x1D\xD2\xB8\x66\x73\x1D"
"\x13\x96\x39\x13\xC1\xC2\xC1\x2F\x2A\x18\xD4\xD7\x46\x48\xE7\x74\x7B\xF2\x1A\x2B\x2E\xD8\xEB\xF6\xBB"
"\x71\xAE\x6E\x0A\x4E\xDF\x26\x0F\x6E\xFB\xA4\x65\xEA\xD6\xF8\xFD\x54\x55\x0D\x62\x04\xA7\x5A\x56\xBB"
"\x2F\x83\x68\xFC\xCC\x6C\x0A\x5F\x20\x1B\x6C\x12\x42\xF0\xFD\x40\x66\x04\x23\x28\x42\xFB\x7D\xF3\xFB"
"\xE4\x21\x85\x33\x73\x00\xF3\x82\x74\x03\xBA\xF6\x75\xBD\xCB\x75\x32\xCE\x75\xBC\xB1\x7F\xE7\x43\x60"
"\x7E\xA1\x5D\x53\xBC\xCA\x9B\x17\xEC\x2B\xB6\x34\x84\x1E\x44\x51\xF7\x22\x2D\xF1\xFD\x7B\x38\xE1\x0E"
"\x7F\x00\x87\xBE\x4F\x13\x38\xE9\xD4\xD2\x56\x3F\x81\x62\x48\xE0\xBB\xBB\x61\xDD\x5B\x41\x7E\x0D\x81"
"\x20\x5F\x87\x25\x6C\xF8\x43\xE6\xED\x09\x04\xA7\x30\x75\xFD\xC2\xF3\xB6\x5D\xDB\xA5\x8B\x78\x27\x90"
"\x47\x02\xA7\x31\x24\xB0\x87\xC0\x17\x38\xC7\x58\x31\xD5\x2A\x0D\x91\xA8\x1D\x02\xC5\x18\x04\xF2\xDF"
"\x24\x90\x0B\x39\x43\xF9\x03\x79\x05\x5F\xA1\x66\x0F\xBE\x03\x9B\x8A\x37\x22\xA8\x06\x21\xB0\xD7\xD2"
"\xE0\x76\x3B\xE8\xF3\xF3\x76\x3E\xF4\x81\xF8\x27\xCD\x2D\x26\x6E\x42\x36\xBE\x7D\x0B\xCA\x0E\x91\x8A"
"\x74\x5B\x1A\x6D\xFD\x8C\x4C\x3B\x81\x5C\xA7\xD1\xA4\x6C\x74\xA7\xF8\x10\xA0\xCC\x23\x6A\x04\xDA\xFB"
"\x11\xA8\xFA\x08\x8C\xE1\x8A\x4B\x63\x5D\x31\x9D\x5E\xAA\xB1\xAA\xEA\x87\x35\x48\xE0\x34\x06\x81\xE2"
"\x97\x08\x9C\x62\xAF\x20\xCE\xC4\xE5\xD3\x63\xFA\x84\x40\x37\x06\x81\xBD\x96\x46\x43\x6F\x51\x07\x7F"
"\x69\xDC\x66\x85\xE4\x36\x74\xB5\x38\x8B\x35\xE9\x77\x8F\x03\xC1\x54\xDB\xBE\x4C\xA4\x95\xC0\xD0\x69"
"\x05\x43\x13\x25\x4C\x5E\xCE\x91\xA6\x76\xFC\x31\x4A\x26\x82\x5D\x09\x3D\xB9\xB0\x6B\x0D\xA4\x41\xFE"
"\xFC\xAB\x05\x0B\xE0\x33\xC2\x57\x94\x2E\x7F\x3C\x80\x03\x89\x9B\x77\x80\xAF\x79\xFB\x5C\x38\x9C\xAA"
"\xF7\x78\xD5\x76\x02\xD1\xFE\x65\xBD\xBE\x9E\xBC\x4C\x34\x6D\x10\x4C\x53\xEF\xA7\x9E\x06\x29\x67\xC1"
"\x59\x5B\xC7\x07\xAD\x5B\x5F\x0F\xBD\xFA\x45\x1B\x1C\x2B\x8A\x40\x71\x24\xAF\x3E\x4F\x12\x0F\x36\xDF"
"\x9D\xC0\x78\x28\xC7\xFB\x08\x3C\x77\x8E\xCB\xAC\xC3\xB2\x34\x63\xCB\x9F\x4D\x13\xA1\xB6\x3E\x63\xA8"
"\xA0\xE1\xE9\xFD\x8F\xE5\x74\xD6\x5F\xDF\x5E\xFF\x3A\x3D\x03\x40\xFB\xB7\xDB\x6A\x19\xE6\x73\x62\x3B"
"\x66\x6D\xB2\x07\xFC\xCF\x00\x8D\xBE\xAA\xB3\x89\x42\xE0\x3C\xDD\xF1\x91\x1C\xEA\xEF\x01\xD1\x61\xD6"
"\x13\xC7\xE9\x64\x35\x81\xB1\x63\x34\x59\xB6\x9F\x0B\x2F\xCA\x07\xAA\x39\x9D\xF9\x8F\x13\x41\xF5\xF3"
"\xEA\x1E\xD5\x8A\xBE\x84\x96\xB1\x01\xCE\x85\x59\x6F\x32\x37\xC5\x7B\x24\xF6\x19\x5C\xF8\x3B\xF9\x58"
"\xE6\xC0\x86\x1D\x64\x48\x63\x74\x17\x75\xBF\x55\x81\x6D\x17\xBB\x0C\xB2\x56\xFE\x8E\x4A\x10\x10\xE7"
"\x8C\x30\xEB\x20\x4D\x6F\x33\xA3\x48\x0E\x76\x3A\x30\x93\xF6\x99\x91\x41\x65\xC6\xE9\xB0\xC4\x21\xA5"
"\x9E\x3E\x83\x13\x06\x61\x4E\xE1\x99\xA1\x55\x36\x90\x06\x5F\xEA\xA7\x15\x3A\xCE\x08\xD7\x18\x54\x90"
"\xDC\xF0\xA7\xB5\x62\x8C\x0E\xD5\xD4\x4F\xDB\xD3\xEA\x82\x0C\xD6\x47\x82\x75\xDD\x81\x32\xC6\xBA\x04"
"\x70\x08\x1F\x5C\xBC\xDD\x1E\x95\x3B\x1A\xAA\xAE\x9D\x7C\x4E\x70\xF1\xA2\xE4\xED\x02\x68\xCD\xDF\x31"
"\x08\x8C\x31\x57\x5F\xDA\x74\xC0\xE0\xF6\xD8\x84\x2F\x41\x73\xC3\x75\x02\x5C\x0F\x36\x2D\xC7\x70\x40"
"\xB2\xAF\xDF\x6F\xD2\x58\x08\xD0\x95\x62\xBC\x29\xBA\x3F\x84\x4E\xB5\xE8\x96\x0B\x2D\x94\x7D\x66\x60"
"\xF6\x5F\x59\xC1\xFE\xE2\xDB\x94\xE2\x41\x71\x4C\xA0\xD0\xC5\xA5\x81\x67\x7F\x05\x14\x62\xA8\x71\xCD"
"\x98\x9E\x75\x5E\x5D\xB5\xA7\xC5\x2B\x02\x63\x1B\x07\x56\xB7\xCE\x2A\x2C\x53\x6C\x84\x1D\x69\x60\x78"
"\xD2\xEE\x4A\xD3\xE4\x14\xA9\x29\x19\x5C\x9D\xBD\xAB\x78\x05\x4F\x32\x84\xD3\x59\x0E\xE2\x86\x89\x01"
"\xB3\xC8\xDF\x5D\x98\x13\xAF\xCB\x60\x49\x20\xD4\xE6\xAD\x16\x9C\x4D\x61\x1C\xFB\xB0\xED\x14\x2E\x4D"
"\x70\xC3\x5D\x9A\xB0\xD4\x58\x5E\xC0\x60\x19\x07\x0A\x93\x95\x55\xB5\x39\xEE\x6B\x80\x6B\x3B\x86\x68"
"\x8E\xAE\x26\x74\x97\x19\x2C\x64\xB7\x24\x50\x85\x1E\x4A\x99\xFF\x99\xFD\x22\x61\x9C\x7B\x1F\xF0\xE2"
"\x18\x81\xD7\x21\x5C\x60\x10\xEC\xE0\xC2\x60\x19\x07\xC2\xA9\x2F\xAF\x7E\xB7\xE5\x0F\xE7\xE1\x47\xBC"
"\xBA\x48\x1A\xB7\x77\x17\x60\x8B\xEC\x66\x0C\x1E\x13\xB8\x5F\x67\x8E\x27\x9C\x76\xD0\xCB\xB3\xE2\x95"
"\x93\x57\x64\xB0\xB8\x43\x30\x34\x2F\x2C\x2A\x9C\x37\x6E\x40\x92\x51\xE7\x87\xC5\x3B\x1B\x87\xBD\xBE"
"\x0D\x6F\x11\xBB\x24\x83\x79\x8B\x4D\x49\x20\x24\xB6\xC8\x19\xD8\x38\xBD\xFB\xE7\xDD\xC5\x3B\xA3\xDE"
"\x4A\x06\xAF\x30\x58\x5C\x96\x50\x16\x13\x60\xB2\xD8\xDF\x42\xEB\xC3\x18\xB7\xDB\xD2\xAE\xCC\x49\xA1"
"\x7B\x10\x06\xEB\xD9\x59\x63\xFA\x0F\x11\x9E\x2E\x9B\x1D\x62\x66\x01\x17\x50\xEF\x15\x09\xD2\x9D\x97"
"\x23\xF3\x97\x18\x74\xD7\xB4\x18\x63\x97\x55\x3D\x30\xE6\x66\xF1\x28\xBD\x1A\xE2\xA5\x3B\x57\xC7\xE6"
"\xEF\x29\x19\x74\xB1\xA6\xB8\xAE\x07\xA6\x11\x3B\xB8\x18\x5D\xDD\x57\xFE\x16\x06\xFB\x7D\xB1\x5A\xFA"
"\x38\xF4\x7A\x48\x4B\xA6\x2E\x84\x9D\xEB\x6D\x97\x00\x60\x78\xFE\x12\x83\xBD\x5A\xAC\x6C\x4E\xE0\x2A"
"\x5F\x13\xF1\xC9\x24\xF5\xDB\x95\xAF\x06\x50\xB7\xB2\x83\x87\x04\x7A\x57\xEC\x76\x47\xB4\xE5\xF8\xF1"
"\xCB\x0B\xEC\x60\x49\xE0\xAA\xE5\x90\xC1\xBD\x5B\xF5\x32\x0C\x16\x50\xEF\xC3\x5F\x6E\xD2\xC5\x25\x02"
"\xB7\xA3\x24\x18\xE7\xD4\x08\xFC\x0B\x73\xAD\x77\xE2\x2F\x3D\x07\xA4\x47\x06\x57\x04\x9A\x46\x02\x99"
"\xD0\xD1\x69\xDD\x87\xBF\x2C\xAD\x6F\x67\xB0\x20\xD0\x98\x56\x02\xA7\x5B\xF2\x77\xC5\x31\x42\xBB\x3F"
"\xC4\x81\xEB\x53\xB9\xD4\xAB\xA1\xAA\x01\xF8\x1D\xF9\xCB\x53\x7B\xD1\x4A\x60\xCC\xD2\xB6\x07\xEB\xD8"
"\x97\x5F\x69\xC5\xBF\xC1\x23\x1C\x0E\x7D\xB1\x85\x21\x85\x67\x09\x8C\x92\xA6\xD6\xFC\x99\x9F\x9F\x1F"
"\x7F\x6F\xC2\x1D\x1F\x2C\xD7\x19\x0F\x5E\x20\x90\xAB\x1F\xC4\xD7\xE3\xF1\xF1\x0C\x9E\x12\xB8\x51\x61"
"\xFE\xFD\x93\x20\xF9\xC7\x33\xA8\x96\xCB\x17\x2B\x99\x08\x5E\x8B\xAA\x76\xF8\xFB\xF9\xF9\xFE\x78\x06"
"\x4F\x09\x5C\x1F\xF6\xCA\x9F\x02\xF2\xCE\x5A\xDC\xE2\x8B\x8B\x6A\xCC\x66\x7A\x8C\xC5\x7B\x46\x53\xB4"
"\xF2\x85\xBC\x7D\x7D\x7D\x7F\x80\x1D\x6C\x60\xF0\x98\xC0\x47\x6A\xC8\x54\x88\xEF\xC4\x1A\xFB\xBA\xB3"
"\x08\xB2\x56\x2D\xCE\x55\xD8\x6E\x4F\x8E\xB8\x76\xD9\x43\x36\x8D\x35\xB9\xD4\xC9\x1B\x5B\xC1\xE6\xBC"
"\xF8\x84\xC0\xA5\x09\x04\x0B\x83\x81\xC0\x3F\xB9\x3A\xDF\x94\xC0\xF4\xC4\x1F\x60\x90\xB5\x11\x68\xCC"
"\xE6\xEC\x72\xD2\xCB\xB3\x89\x91\xC0\x6F\xFC\xD1\x9F\x5B\x13\xB8\x3C\x33\xE9\x50\x06\x37\x04\x6E\x0E"
"\x2F\x13\x83\xE1\x8C\x2E\xE7\xEC\xDE\x12\xD8\xC8\x60\x19\x48\x87\xD3\xB7\x75\x8F\xB8\x58\xB4\xD8\x15"
"\x36\xF0\xEB\xCE\x36\xB0\x35\x1E\xCC\x08\xC4\x6B\x04\xB6\x4D\xCE\xD8\xAA\x1F\x80\xB1\x0B\xF7\x43\x87"
"\x77\x0E\x63\x9A\x7D\x71\x46\x20\x8B\x8D\x5E\xB5\x5B\xED\xF0\xF6\x04\x6D\x30\x03\x49\x71\xE0\x9D\x05"
"\xB0\xC5\x17\x67\x04\x42\x03\xFF\x51\xA3\xBD\x0F\x6A\xCA\x44\xE4\xDE\x02\xF8\x58\x9E\x5F\xB8\xCB\xA0"
"\xCA\x3B\xEB\x4F\x9E\xF2\x17\xAE\x83\x32\x25\x7F\xEC\xF1\x09\x0C\xA2\x16\xB3\xBA\x04\xBA\xA5\x0F\x30"
"\xB5\x1B\xD5\x18\x44\x77\x9C\x33\xF8\xF5\xE7\xF1\xF8\x24\x06\xF7\x54\x78\x69\xFD\x3B\x60\x30\x85\xD4"
"\xF6\xFB\x3B\x26\xC4\x8F\x4F\xC0\x31\x83\x71\x64\x51\x6D\x18\x54\x5B\xF9\x4B\xF7\x79\xF0\xAF\x19\xFC"
"\xF1\x21\x38\xF4\xC5\xF1\x41\x48\x46\x1F\x33\x18\xC7\x96\x9C\xD3\x1F\x43\x5C\x1B\x83\x12\x1B\xC4\x8F"
"\x19\xFC\x68\xFE\x8E\x19\x4C\x67\xC9\x1B\x06\xC3\x5D\xA9\x88\xD8\x4F\x6D\x34\x7B\x7C\x22\x98\xDE\x8F"
"\x07\x71\x48\xC1\x54\x18\x2C\x86\x0D\xDD\x93\xF7\x29\xDC\x40\x06\xF7\x4E\xDC\xC3\xCF\x4C\xC6\x20\xF0"
"\x5D\xDC\x18\x0D\x73\x48\x1F\xCB\x1F\xDE\xD9\x64\xF6\x19\xF4\xD5\x52\x97\x31\x88\xF7\x2F\x86\x28\x31"
"\xF1\xA7\x3E\x97\x3F\x94\x2A\xB3\xD3\xCB\x8F\xF2\x59\x32\x08\xD5\x44\x2C\x04\x3A\xFB\xE1\xFC\x21\x83"
"\x7B\x59\x9D\x5A\xFB\x62\xA6\xC2\x33\x1B\x8C\x89\x77\x96\x8F\x38\x07\xF7\x7A\x06\xAD\xDD\x3B\x69\xDA"
"\xF8\xE2\x07\x17\x1E\xF1\xC1\xC3\xC4\x1F\x32\xB8\xD7\x47\xCD\x36\x32\x88\xBC\xDA\xE1\x6E\x42\xF8\x1F"
"\xA2\x99\x3D\x06\xD7\xA1\x0A\x4B\xDD\x72\xC4\x5F\xE6\x5D\xDD\xBE\x1D\xB4\xC5\xE5\x59\x4C\x93\xFC\x55"
"\xED\xE0\x61\x34\xB3\x30\xB8\xF0\x77\x8F\x31\x86\x17\x32\x68\x5B\x18\xE4\xC4\xDF\x11\x83\xA7\x5A\xBC"
"\xE4\x73\xC4\x5F\xC5\x17\x5B\x77\x26\x83\x0B\x7F\x13\x71\x56\xD7\xE2\xEA\x88\xA0\x32\x45\x02\x6C\x3F"
"\xB3\x7C\xD5\x14\x0F\xDA\xFA\x5C\xDD\x8A\x41\xE2\xEF\x24\x1E\x3C\x90\x41\x47\xFC\xB5\xC4\x83\x35\x06"
"\xD3\x53\xCF\x34\x23\xAE\x4E\xA3\x99\x0D\x83\x71\x4C\xD8\x11\x7F\xA7\x0C\xD6\xB4\x58\xE2\x15\x16\xF6"
"\xD3\xCB\x57\x17\x19\x8C\xA5\x41\x2A\xBF\xB4\x32\x58\x6A\x71\x1A\x15\x23\xFE\xDA\x18\x2C\x7D\xF1\x72"
"\x74\x42\xFC\x35\xC7\x83\x99\x0C\x86\x83\x13\xE7\xA8\xFC\xD2\x13\x0F\x66\x63\xAB\xF0\x6D\x90\xBF\xBF"
"\x44\x4E\x47\x3C\x68\xE1\x5E\x09\x2A\x1F\x3C\x61\x07\x67\xD2\xA4\x4E\x0F\x7F\x24\xFE\xBA\x64\x10\x85"
"\x30\xD4\x68\x1C\x95\x5F\x2E\xE5\xC5\xF1\x7E\x22\xE7\x88\xBF\x4B\x32\xB8\x74\x6F\x50\xF9\xE0\xB2\x1D"
"\x84\x02\x0C\xF1\x77\x35\x1E\xDC\x7B\x50\x1C\xA1\xD9\x0E\x12\x7F\x4F\x30\xA8\x42\x77\x1B\x95\x5F\xAE"
"\x83\x4B\x25\xC9\xFC\x11\x08\x04\x02\x81\x40\x20\x10\x08\x04\x02\x81\x40\x20\x10\x08\x04\x02\x81\x40"
"\x20\x10\x08\x04\x02\x81\x40\x20\x10\x08\x04\x02\x81\x40\x20\x10\x08\x04\x02\x81\x40\xF8\x00\xFC\x07"
"\x00\x17\x43\x95\x16\xB1\xC9\x87\x00\x00\x00\x00\x49\x45\x4E\x44\xAE\x42\x60\x82"
}
};

static const binfile_t background_gb = {"background_gb.png", 2228, {
"\x89\x50\x4E\x47\x0D\x0A\x1A\x0A\x00\x00\x00\x0D\x49\x48\x44\x52\x00\x00\x01\x40\x00\x00\x00\xF0\x08"
"\x03\x00\x00\x00\x46\xF3\x4D\x59\x00\x00\x03\x00\x50\x4C\x54\x45\xFB\xF8\xF1\xFA\xF7\xF0\xF9\xF6\xEF"
"\xF7\xF5\xEE\xF6\xF4\xED\xF5\xF3\xED\xFB\xF1\xDD\xF4\xF2\xEC\xF4\xF1\xEC\xFB\xEF\xD8\xF0\xEF\xE9\xE9"
"\xE8\xE4\xE1\xE0\xDD\x00\x00\x00\x00\x00\x00\x00\x00\x00\x00\x00\x00\x00\x00\x00\x00\x00\x00\x00\x00"
"\x00\x00\x00\x00\x00\x00\x00\x00\x00\x00\x00\x00\x00\x00\x00\x00\x00\x00\x00\x00\x00\x00\x00\x00\x00"
"\x00\x00\x00\x00\x00\x00\x00\x00\x00\x00\x00\x00\x00\x00\x00\x00\x00\x00\x00\x00\x00\x00\x00\x00\x00"
"\x00\x00\x00\x00\x00\x00\x00\x00\x00\x00\x00\x00\x00\x00\x00\x00\x00\x00\x00\x00\x00\x00\x00\x00\x00"
"\x00\x00\x00\x00\x00\x00\x00\x00\x00\x00\x00\x00\x00\x00\x00\x00\x00\x00\x00\x00\x00\x00\x00\x00\x00"
"\x00\x00\x00\x00\x00\x00\x00\x00\x00\x00\x00\x00\x00\x00\x00\x00\x00\x00\x00\x00\x00\x00\x00\x00\x00"
"\x00\x00\x00\x00\x00\x00\x00\x00\x00\x00\x00\x00\x00\x00\x00\x00\x00\x00\x00\x00\x00\x00\x00\x00\x00"
"\x00\x00\x00\x00\x00\x00\x00\x00\x00\x00\x00\x00\x00\x00\x00\x00\x00\x00\x00\x00\x00\x00\x00\x00\x00"
"\x00\x00\x00\x00\x00\x00\x00\x00\x00\x00\x00\x00\x00\x00\x00\x00\x00\x00\x00\x00\x00\x00\x00\x00\x00"
"\x00\x00\x00\x00\x00\x00\x00\x00\x00\x00\x00\x00\x00\x00\x00\x00\x00\x00\x00\x00\x00\x00\x00\x00\x00"
"\x00\x00\x00\x00\x00\x00\x00\x00\x00\x00\x00\x00\x00\x00\x00\x00\x00\x00\x00\x00\x00\x00\x00\x00\x00"
"\x00\x00\x00\x00\x00\x00\x00\x00\x00\x00\x00\x00\x00\x00\x00\x00\x00\x00\x00\x00\x00\x00\x00\x00\x00"
"\x00\x00\x00\x00\x00\x00\x00\x00\x00\x00\x00\x00\x00\x00\x00\x00\x00\x00\x00\x00\x00\x00\x00\x00\x00"
"\x00\x00\x00\x00\x00\x00\x00\x00\x00\x00\x00\x00\x00\x00\x00\x00\x00\x00\x00\x00\x00\x00\x00\x00\x00"
"\x00\x00\x00\x00\x00\x00\x00\x00\x00\x00\x00\x00\x00\x00\x00\x00\x00\x00\x00\x00\x00\x00\x00\x00\x00"
"\x00\x00\x00\x00\x00\x00\x00\x00\x00\x00\x00\x00\x00\x00\x00\x00\x00\x00\x00\x00\x00\x00\x00\x00\x00"
"\x00\x00\x00\x00\x00\x00\x00\x00\x00\x00\x00\x00\x00\x00\x00\x00\x00\x00\x00\x00\x00\x00\x00\x00\x00"
"\x00\x00\x00\x00\x00\x00\x00\x00\x00\x00\x00\x00\x00\x00\x00\x00\x00\x00\x00\x00\x00\x00\x00\x00\x00"
"\x00\x00\x00\x00\x00\x00\x00\x00\x00\x00\x00\x00\x00\x00\x00\x00\x00\x00\x00\x00\x00\x00\x00\x00\x00"
"\x00\x00\x00\x00\x00\x00\x00\x00\x00\x00\x00\x00\x00\x00\x00\x00\x00\x00\x00\x00\x00\x00\x00\x00\x00"
"\x00\x00\x00\x00\x00\x00\x00\x00\x00\x00\x00\x00\x00\x00\x00\x00\x00\x00\x00\x00\x00\x00\x00\x00\x00"
"\x00\x00\x00\x00\x00\x00\x00\x00\x00\x00\x00\x00\x00\x00\x00\x00\x00\x00\x00\x00\x00\x00\x00\x00\x00"
"\x00\x00\x00\x00\x00\x00\x00\x00\x00\x00\x00\x00\x00\x00\x00\x00\x00\x00\x00\x00\x00\x00\x00\x00\x00"
"\x00\x00\x00\x00\x00\x00\x00\x00\x00\x00\x00\x00\x00\x00\x00\x00\x00\x00\x00\x00\x00\x00\x00\x00\x00"
"\x00\x00\x00\x00\x00\x00\x00\x00\x00\x00\x00\x00\x00\x00\x00\x00\x00\x00\x00\x00\x00\x00\x00\x00\x00"
"\x00\x00\x00\x00\x00\x00\x00\x00\x00\x00\x00\x00\x00\x00\x00\x00\x00\x00\x00\x00\x00\x00\x00\x00\x00"
"\x00\x00\x00\x00\x00\x00\x00\x00\x00\x00\x00\x00\x00\x00\x00\x00\x00\x00\x00\x00\x00\x00\x00\x00\x00"
"\x00\x00\x00\x00\x00\x00\x00\x00\x00\x00\x00\x00\x00\x00\x00\x00\x00\x00\x00\x00\x00\x00\x00\x00\x00"
"\x00\x00\x00\x00\x00\x00\x00\x00\x00\x00\x00\x00\x00\x00\x00\x00\x00\x00\x00\x00\x00\x00\x00\x00\x00"
"\x00\x00\x00\x00\x00\x00\x00\x00\x00\xE9\xE2\x6D\x88\x00\x00\x05\x6F\x49\x44\x41\x54\x78\xDA\xED\x9D"
"\xEB\x7A\xA3\x20\x10\x40\x1D\x08\x2D\x3B\xE4\xFD\x9F\x77\x63\xE2\x05\xAC\x1A\x4C\x82\xAD\x78\xCE\x8F"
"\xDD\xD6\x2F\xD1\xCF\xD3\xE1\x36\x02\x36\x0D\x00\x00\x00\x00\x00\x00\x00\x00\x00\x00\x00\x00\x00\x00"
"\x00\x00\x00\x00\x00\x00\x00\x00\x00\x00\x00\x00\x00\x00\x00\x00\x00\x00\x00\x00\x00\x00\xC0\x22\x62"
"\x9D\xF3\x05\x70\xCE\x4A\xFD\xF2\x9C\x86\x70\x2D\x46\x08\xEA\x6A\x96\x68\xB5\xA0\xBC\x41\xA2\xDA\x5A"
"\xF5\xED\x60\xAF\x73\x58\xA3\x42\xD1\xDD\xFC\xB5\x51\x28\x84\x1F\x41\x18\xE3\x76\xF6\x77\x33\xE8\xF0"
"\x87\xC1\x65\x7F\xA1\xED\x72\x7C\x98\x7A\x4B\xB1\x09\x69\x05\xEF\x9D\x29\x81\x75\x3E\x6D\xA8\x82\xA9"
"\x44\x60\x48\x0A\xD6\x5A\xFB\x28\xF2\xC6\x71\xB9\x77\xD4\x93\x8B\xD5\xE1\xCF\xAF\xD6\x4B\x12\x4B\x18"
"\x7F\x96\x8D\xC7\x3B\x81\x93\xFA\xC2\x57\xD1\x01\x0C\xEB\x65\x2A\x92\x20\x0B\xA2\x32\x8E\xCF\xD7\x18"
"\xA1\x86\xEE\xA0\xEE\x7E\x3B\xD1\x9F\x4C\x6B\x0A\xC0\xFD\xC2\xE1\x37\xAE\x59\xAE\x0B\xF3\x1B\xBD\x8A"
"\x71\xDC\x73\xFC\xCE\x60\xF8\x95\xD2\xA4\xD5\x34\xC4\x43\x69\xDA\xB7\x53\x36\x34\x24\x87\x2F\xC3\x76"
"\x21\x00\xDB\xB4\xF4\x27\x99\x26\xA3\x87\x10\x3C\xFA\x70\xC4\xCF\x56\x46\xE6\xF3\xB9\xAD\xA0\x66\xB6"
"\xEA\x3D\x7A\x57\x50\xE7\x8A\x52\x99\xDC\x42\xD2\x4B\x1F\xAA\x8E\xA3\x77\x64\xC2\x4C\x65\x5E\x2C\x37"
"\xF3\xFD\xE4\xC2\x95\x08\x2C\x97\x5B\x8D\x7B\x4A\x95\x08\x9C\x29\x49\xFD\xA1\x12\xB9\xAC\xA8\xA2\xD0"
"\x3A\x9A\xE1\x19\x81\x2E\x23\x2B\xB3\xFD\x3A\x5D\xB5\xE0\x4E\x20\x50\xCB\xF4\x0A\x1F\x3D\x3F\x3D\x81"
"\xC0\x50\xA8\x6D\xD4\xB4\xC6\xAB\x5C\x60\x81\x21\xAA\x3B\x89\x40\x41\x20\x02\x11\x88\x40\x04\x22\x10"
"\x81\x74\x63\x10\x88\x40\x04\xFE\x39\x81\x82\x40\x04\x22\x10\x81\x34\x22\x08\x44\x20\x23\x11\x04\x22"
"\x10\x81\x08\xA4\x1B\x83\x40\x04\x22\x90\x3A\x90\x46\x04\x81\x14\x61\x04\x22\x90\x22\x8C\x40\x04\x22"
"\x10\x81\x8C\x44\x10\x88\x40\x04\xD2\x88\x20\x10\x81\x14\x61\x04\x52\x84\x11\x88\x40\xFA\x81\x08\x24"
"\x02\x11\x88\xC0\xFD\x05\xFE\x58\xEE\xBA\x74\x9B\xF9\xC7\x4F\xB3\xDC\x55\xFB\xDD\x0D\xDE\x77\x16\x1F"
"\xB7\xA7\x59\x70\xFD\xD8\x8A\x27\x78\x23\x9F\xC4\x87\xC9\x36\x3B\xF5\x0A\x6C\x4A\x6E\x3A\xD1\x9C\x41"
"\xA0\x29\xB7\xED\x89\x39\x85\xC0\x62\x1B\xEF\x24\x5B\x17\xD5\x2C\xB0\xD0\xD6\x3B\xE9\x06\x85\x55\x0B"
"\x6C\x6E\x75\xFE\x87\x1D\x86\xE0\xA5\x39\x8F\xC0\xB6\x26\xB4\x1F\xC5\xCC\x76\x0B\x6B\x16\x58\x1A\x04"
"\x22\x10\x81\x08\x44\x20\x02\x11\x88\x40\x04\x22\x10\x81\x08\xFC\xB0\x40\xE3\x54\xD5\x5B\x04\x8E\xF9"
"\x19\xB7\x61\x53\x55\x37\xE4\x4F\x57\x76\xB2\x3D\x95\x40\xD1\x36\xC7\x9F\x7B\x4A\xCD\x7A\xEF\xD4\xA9"
"\x04\xBA\x0D\x1B\xFB\x4E\xF2\xD9\x8B\x6F\x29\x39\x95\x40\xCD\x7F\x6D\x80\x84\x95\x34\x3E\x02\xB3\x1B"
"\xD7\xF9\x07\x49\x08\xCC\x2D\xC0\xF7\x57\x5F\xF4\x8F\x32\x1D\x02\xF3\x05\xA6\x9F\x7C\x3C\x9D\x0A\x08"
"\xCC\x16\x28\x61\x66\xFE\xC6\xBC\x22\x04\x2E\x97\x60\x37\xF9\xDD\x22\x30\x57\xA0\x9D\xB6\xBB\xCB\x53"
"\xBD\x10\xB8\x2C\x50\x26\x02\x3D\x02\xB7\x15\x61\x3B\x39\x3D\x11\xB8\xB1\x11\x99\xBC\xDC\xE5\x3E\x18"
"\x11\xEB\xBC\x77\x06\x81\x4F\x08\x49\x25\xD8\x35\xCA\x32\xBC\x66\x2D\x8C\xD3\x63\x10\xB8\x3C\x6A\xEE"
"\x07\xC0\xDD\xC9\xB5\x89\xDF\x52\xD7\xDB\xAD\x5C\xA0\xB4\x09\xBD\x81\x2E\x7C\xE2\x43\x76\xF5\x7C\x41"
"\x9D\x75\xFD\xD7\x26\x53\x95\x3A\x83\x95\x0B\xD4\xA7\xB3\x85\x16\xE2\xF1\xE7\xC4\x2E\xAF\xB3\xE9\x85"
"\xBA\x05\xDA\x8C\xE9\x56\x0B\x37\xEE\x27\x9F\x53\x7F\x1D\xF3\x0B\x51\x7A\xA1\x6E\x81\x2E\x63\xC2\xDA"
"\x52\x7A\x30\x9D\x9E\xA9\xA6\x2F\xC8\xD2\xBE\xB2\x73\x7C\x8F\x67\xE5\x11\x18\x5E\x8E\xC0\xE4\xCB\xB7"
"\x46\xD7\x0F\xA7\x6F\x8D\x7F\x0F\x21\x78\xF6\x3A\x30\xAC\x2C\xC5\x11\xAB\xF7\x7C\xA0\xB6\x8F\x44\x86"
"\x9E\xCC\xE5\xEB\xEB\x12\xBD\xB5\xAE\xF6\x6E\x8C\xF5\x0F\xB4\xFD\xA7\x2B\x85\x3E\xE2\x59\x7E\x5F\x44"
"\xA2\x0B\x7C\x37\xE6\xEB\xDF\x0D\x33\xA6\x1B\xE8\x07\xE6\xF1\x10\x66\x9A\x4B\xEB\xEF\xDF\xD7\x38\x3A"
"\x46\x60\xA6\xC0\x6B\x22\xD0\x20\xF0\xA5\x08\xB4\x9D\xC0\xCB\x98\x5E\x40\xE0\x96\x0B\xE8\xA3\x0E\xBC"
"\x05\xA0\xED\x57\x7C\x21\x30\x93\x3E\xBD\x60\x2E\x97\x8B\x19\x1B\x65\x04\xE6\xE2\xE2\x01\x70\x37\x6B"
"\x41\xC9\xC6\x6C\xBE\x42\x50\x6B\xCC\x77\x18\x93\x35\x08\xDC\x16\x82\xAD\xAA\x6B\x7C\x2D\x04\x66\xE3"
"\x67\x07\x81\x08\xDC\x60\x30\x4D\x2F\x48\x83\xC0\x65\x66\x27\x12\x46\x09\x9A\x61\xCD\xE1\x09\x05\x3E"
"\xDF\xC9\xC3\xB6\x49\xE8\xB9\xE9\x58\xE2\xDA\x64\x60\x88\x97\x6C\x32\x3F\x70\x26\x05\xB3\x76\x2A\x31"
"\xC6\xC8\x4C\xBE\xE7\x1C\x53\x7C\x6F\x6E\x16\xF2\x57\x5D\xD2\xC5\x46\xCF\x8D\xF2\xEA\xCA\x93\xCD\x91"
"\x36\x76\xEE\x3E\xEF\x25\xD3\xA7\xB3\x2A\x83\x0A\x02\xF3\xBE\xDA\xCD\x25\xBF\x15\x6D\x8D\xD6\xA5\xE7"
"\x4E\x46\xAF\x44\x60\xBF\xC7\xC9\xD2\x3C\xD2\x67\xF6\x62\x81\xAD\x3D\xD9\x7E\xE1\x33\x0A\x34\xF1\x93"
"\x72\xBD\xE7\xAC\x36\xC4\xDE\x5B\x7F\xB9\x3F\xC7\x4B\x25\x29\xEA\xD6\xDD\x9F\x7B\x34\xC6\x99\xFD\xEA"
"\x8E\xBF\xC5\x30\xCE\x72\xDB\x6F\xBE\xB3\xF7\xDE\x08\xD9\x1F\x5C\xA0\xBD\xBE\x10\x09\xFA\xA6\xBD\x28"
"\xF2\xAF\xF6\xE0\x02\xE5\x95\xCA\x5C\xFC\x7B\xF6\xA2\xE5\x38\x47\x6F\x43\xA2\xFA\x6C\xD7\xCA\x68\xEC"
"\xF8\x1C\xDD\x5F\x94\xAE\xDB\xB1\x30\x8D\x93\x17\xDC\xE1\x05\x8E\xA3\x88\xFD\x4A\xD3\x6F\x5C\x73\x87"
"\xD2\xB4\xDB\xDD\x44\x23\x3F\x3D\xBE\xBF\xF8\x76\xA2\x84\x8B\x48\x9C\x30\x18\x7F\x8B\x7E\x4C\x3E\x93"
"\x26\x18\xE2\xCF\x2F\x37\x20\x75\x04\x60\x92\x72\x1F\x53\x2E\xCB\x02\x93\xE3\x2F\x08\x8C\xA7\xBF\xF9"
"\xA6\x0A\x42\x32\xEB\x4A\x9E\x44\xD7\xC6\xF8\x96\xE9\x18\x3A\xBE\x58\x1D\xFE\x26\x6B\xA4\x83\x7A\x67"
"\x4A\x60\x9D\xD7\x90\xB3\x94\xF8\x80\xC3\x91\xF0\x73\xBF\xC4\x8D\x5B\xCC\xA6\xFF\xAF\xEC\x43\x9B\xB1"
"\x98\xFD\x88\x9D\xC1\x62\xFB\xCE\xBE\x36\x45\x13\x83\x67\xF3\x57\x6A\xDF\xD9\xDC\x1D\x69\x6B\x40\x74"
"\x47\x85\xB9\x0F\x4E\x08\xC2\xB3\x84\x5F\xAF\x70\x8F\x28\x0C\x5A\xAB\xBE\x47\x47\x57\x43\x41\x89\x21"
"\xBC\x9B\x48\x3C\x84\x44\xEB\x9C\x2F\x80\x73\xB6\x7E\x79\x00\x00\x00\x00\x00\x00\x00\x00\x00\x00\x00"
"\x00\x00\x00\x00\x00\x27\xE2\x3F\xFF\x37\x48\x13\xF1\xBB\xB2\x6B\x00\x00\x00\x00\x49\x45\x4E\x44\xAE"
"\x42\x60\x82"
}
};

static const binfile_t background_gba = {"background_gba.png", 3940, {
"\x89\x50\x4E\x47\x0D\x0A\x1A\x0A\x00\x00\x00\x0D\x49\x48\x44\x52\x00\x00\x01\x40\x00\x00\x00\xF0\x08"
"\x03\x00\x00\x00\x46\xF3\x4D\x59\x00\x00\x03\x00\x50\x4C\x54\x45\xFB\xF8\xF1\xFA\xF7\xF0\xFB\xF6\xEB"
"\xF9\xF6\xEF\xFB\xF5\xE7\xFB\xF4\xE4\xF7\xF4\xEE\xFB\xF2\xE0\xF4\xF2\xEC\xF3\xF1\xEB\xFB\xF0\xDC\xFB"
"\xF0\xDB\xFB\xEF\xD8\xF0\xEE\xE9\xEF\xEE\xE9\xEE\xED\xE8\xED\xEB\xE6\xE9\xE8\xE4\xE8\xE7\xE3\xE7\xE6"
"\xE2\xE4\xE4\xE0\xE4\xE3\xE0\xE3\xE2\xDF\xE0\xE0\xDD\x00\x00\x00\x00\x00\x00\x00\x00\x00\x00\x00\x00"
"\x00\x00\x00\x00\x00\x00\x00\x00\x00\x00\x00\x00\x00\x00\x00\x00\x00\x00\x00\x00\x00\x00\x00\x00\x00"
"\x00\x00\x00\x00\x00\x00\x00\x00\x00\x00\x00\x00\x00\x00\x00\x00\x00\x00\x00\x00\x00\x00\x00\x00\x00"
"\x00\x00\x00\x00\x00\x00\x00\x00\x00\x00\x00\x00\x00\x00\x00\x00\x00\x00\x00\x00\x00\x00\x00\x00\x00"
"\x00\x00\x00\x00\x00\x00\x00\x00\x00\x00\x00\x00\x00\x00\x00\x00\x00\x00\x00\x00\x00\x00\x00\x00\x00"
"\x00\x00\x00\x00\x00\x00\x00\x00\x00\x00\x00\x00\x00\x00\x00\x00\x00\x00\x00\x00\x00\x00\x00\x00\x00"
"\x00\x00\x00\x00\x00\x00\x00\x00\x00\x00\x00\x00\x00\x00\x00\x00\x00\x00\x00\x00\x00\x00\x00\x00\x00"
"\x00\x00\x00\x00\x00\x00\x00\x00\x00\x00\x00\x00\x00\x00\x00\x00\x00\x00\x00\x00\x00\x00\x00\x00\x00"
"\x00\x00\x00\x00\x00\x00\x00\x00\x00\x00\x00\x00\x00\x00\x00\x00\x00\x00\x00\x00\x00\x00\x00\x00\x00"
"\x00\x00\x00\x00\x00\x00\x00\x00\x00\x00\x00\x00\x00\x00\x00\x00\x00\x00\x00\x00\x00\x00\x00\x00\x00"
"\x00\x00\x00\x00\x00\x00\x00\x00\x00\x00\x00\x00\x00\x00\x00\x00\x00\x00\x00\x00\x00\x00\x00\x00\x00"
"\x00\x00\x00\x00\x00\x00\x00\x00\x00\x00\x00\x00\x00\x00\x00\x00\x00\x00\x00\x00\x00\x00\x00\x00\x00"
"\x00\x00\x00\x00\x00\x00\x00\x00\x00\x00\x00\x00\x00\x00\x00\x00\x00\x00\x00\x00\x00\x00\x00\x00\x00"
"\x00\x00\x00\x00\x00\x00\x00\x00\x00\x00\x00\x00\x00\x00\x00\x00\x00\x00\x00\x00\x00\x00\x00\x00\x00"
"\x00\x00\x00\x00\x00\x00\x00\x00\x00\x00\x00\x00\x00\x00\x00\x00\x00\x00\x00\x00\x00\x00\x00\x00\x00"
"\x00\x00\x00\x00\x00\x00\x00\x00\x00\x00\x00\x00\x00\x00\x00\x00\x00\x00\x00\x00\x00\x00\x00\x00\x00"
"\x00\x00\x00\x00\x00\x00\x00\x00\x00\x00\x00\x00\x00\x00\x00\x00\x00\x00\x00\x00\x00\x00\x00\x00\x00"
"\x00\x00\x00\x00\x00\x00\x00\x00\x00\x00\x00\x00\x00\x00\x00\x00\x00\x00\x00\x00\x00\x00\x00\x00\x00"
"\x00\x00\x00\x00\x00\x00\x00\x00\x00\x00\x00\x00\x00\x00\x00\x00\x00\x00\x00\x00\x00\x00\x00\x00\x00"
"\x00\x00\x00\x00\x00\x00\x00\x00\x00\x00\x00\x00\x00\x00\x00\x00\x00\x00\x00\x00\x00\x00\x00\x00\x00"
"\x00\x00\x00\x00\x00\x00\x00\x00\x00\x00\x00\x00\x00\x00\x00\x00\x00\x00\x00\x00\x00\x00\x00\x00\x00"
"\x00\x00\x00\x00\x00\x00\x00\x00\x00\x00\x00\x00\x00\x00\x00\x00\x00\x00\x00\x00\x00\x00\x00\x00\x00"
"\x00\x00\x00\x00\x00\x00\x00\x00\x00\x00\x00\x00\x00\x00\x00\x00\x00\x00\x00\x00\x00\x00\x00\x00\x00"
"\x00\x00\x00\x00\x00\x00\x00\x00\x00\x00\x00\x00\x00\x00\x00\x00\x00\x00\x00\x00\x00\x00\x00\x00\x00"
"\x00\x00\x00\x00\x00\x00\x00\x00\x00\x00\x00\x00\x00\x00\x00\x00\x00\x00\x00\x00\x00\x00\x00\x00\x00"
"\x00\x00\x00\x00\x00\x00\x00\x00\x00\x00\x00\x00\x00\x00\x00\x00\x00\x00\x00\x00\x00\x00\x00\x00\x00"
"\x00\x00\x00\x00\x00\x00\x00\x00\x00\x00\x00\x00\x00\x00\x00\x00\x00\x00\x00\x00\x00\x00\x00\x00\x00"
"\x00\x00\x00\x00\x00\x00\x00\x00\x00\x00\x00\x00\x00\x00\x00\x00\x00\x00\x00\x00\x00\x00\x00\x00\x00"
"\x00\x00\x00\x00\x00\x00\x00\x00\x00\xC4\xF6\x69\xCC\x00\x00\x0C\x1F\x49\x44\x41\x54\x78\xDA\xED\x5D"
"\x8B\x76\xDB\x28\x10\x35\x4B\x97\x42\xB7\x48\x02\x14\xF4\xFF\x7F\xBA\xE2\xFD\x90\x14\xDB\xB1\xE5\x93"
"\x71\xE6\x9E\x6D\x1D\xCB\xDB\xC8\xBE\x1E\xE6\xC5\x30\x73\xB9\x20\x10\x08\x04\x02\x81\x40\x20\x10\x08"
"\x04\x02\x81\x40\x20\x10\x08\x04\x02\x81\x40\x20\x10\x08\x04\x02\x81\x40\x20\x10\x08\x04\x02\x81\x40"
"\x20\x10\x08\x04\x02\x81\x40\x20\x10\x08\x04\x02\x81\x40\x20\x10\x08\x04\x02\x81\x40\x20\x10\x08\x04"
"\x02\x81\x40\x20\x10\x08\x04\x02\x81\x40\x20\x10\x08\x04\x02\x81\x40\x20\x10\x08\x04\x02\x81\x40\x20"
"\x10\x08\x04\x02\x12\x08\x52\x70\x1B\x4F\x8C\x8B\xAB\xE0\x0C\xE9\xDC\x25\x8F\x4B\x65\xEC\x16\x4B\xF3"
"\xC4\x3F\x33\x4A\x72\x24\xB1\x59\x9D\x84\x0D\xC6\xD1\xE3\x60\xD3\x0F\xF9\xA9\xAD\x2E\xA7\xBF\xCD\x88"
"\x1C\x66\x02\x89\x50\x15\x69\xB6\x65\x30\x4A\xDE\xB2\x8A\x62\x21\xD0\xFF\xA4\x04\x52\xE8\x40\xA5\x49"
"\x14\x45\x66\x12\x73\x85\xC4\xF4\x60\x2B\x76\xDD\x5A\x96\x14\xE9\x1B\x4C\x91\xB1\x16\xDD\x5A\x8E\xC2"
"\x98\xE5\xD0\x3F\x31\x03\x45\xFA\xEC\x81\xBA\x5B\xB6\x2F\x95\x87\xFC\x82\xA3\x90\xFC\xE8\xC5\x6B\x9B"
"\x05\xBA\x25\xB0\xBB\xB6\x51\x93\x3F\x56\x0A\x1D\x7D\x89\x9A\xBC\x24\xED\x6C\x12\xCA\x4F\xE5\xD2\x7A"
"\x6D\xB6\xD9\xB2\xC4\x7F\xB5\xFC\x48\x5D\x98\xE8\xAB\xD7\xA7\x99\x24\xA7\x2B\xC8\x8A\xFA\xB1\xB9\x46"
"\x8B\xBF\xB8\x04\x2F\xD1\xFF\xD3\x1F\x46\x21\x6B\x74\x5F\xB0\xA8\x13\xBF\x99\x03\xC2\x27\xD3\xBB\x8B"
"\x66\x60\x3F\xC5\xF1\xA3\x5C\x45\x7D\x97\xD5\xDA\xFD\x12\x54\x4B\x70\xFC\x0A\x66\xF5\x13\x7C\x6B\xEA"
"\x85\xA7\x71\x4A\xAC\xD5\x5F\x71\x89\x89\xD0\xE9\x0B\xC8\xBF\xEF\x1E\x31\x86\x47\x1D\xE3\x72\xD2\x73"
"\x67\x77\xD7\xBF\xF5\x57\x23\x8A\x48\x61\xF1\x70\xBC\x15\xD2\xAB\x26\x65\xF4\xCD\x64\x91\x8A\xD1\x53"
"\x57\x47\xB3\x51\x6A\xF4\x23\x01\x99\xA3\xD0\x36\xBF\x37\x69\x54\x3D\x8A\xB7\x91\x45\xC2\x95\xD9\xA1"
"\x2E\xA8\xFE\x47\xE3\x59\x22\x8A\x39\x69\x89\xB4\xE6\x3D\x74\x62\xF8\x84\x31\x15\xD5\x85\x65\x46\x92"
"\xE7\xDC\x20\x3B\xE2\x4B\x1D\x12\x3E\x28\xDE\xDF\x03\x5C\xDB\xE5\x80\x40\xFD\xAC\x45\x96\xCC\xC9\x96"
"\xC0\xF5\x26\x1C\xB6\xF8\x0D\x7D\x92\x2F\xE7\x46\x9F\xBA\xBE\x56\x2D\x61\xFB\x34\x58\xBA\xDF\x00\x58"
"\x08\xA9\x2A\x21\xAC\x0D\x9F\x29\x04\x10\xCF\xF7\x7A\xEB\x94\x6C\xF7\x7D\x29\xB0\xD6\x84\xE9\xD6\x42"
"\x46\x02\xF5\x70\x8E\x72\x27\x7C\xD0\x1F\xC5\xA5\x89\xF7\x75\x37\x04\x1A\xA3\xD0\xCE\x3E\xBA\x4C\x81"
"\x1A\xC4\x27\x7B\x42\xE4\xCA\xF3\x5B\xA2\x9C\x41\x99\xD9\x76\x89\x30\x03\x52\x06\x89\x2A\x09\xA8\x20"
"\x77\xC1\xBD\x25\xE4\x3A\x7B\xE4\xE2\x92\x07\x37\xDC\x63\x9F\x45\x26\x06\x5D\x05\x3A\xEB\xCD\x01\x32"
"\x48\xA6\x2A\xFB\xBE\xEA\xBC\xFC\x59\xF7\x89\x21\x4C\xC8\x7B\xC1\x3F\x89\x37\x48\x95\xAF\x58\x1F\x27"
"\x78\x96\x44\x54\x7A\xFC\x7A\xC6\x93\xA9\x7E\x2F\x73\x67\x3B\x33\x3D\x66\x5B\x3E\x4F\x9F\x69\x37\x3A"
"\x54\x5F\xA1\x80\xA8\x00\x53\x58\x75\xDD\x15\x13\x73\xED\xE1\x7C\xB2\x3B\xBC\xD4\x89\x88\xAB\xBF\x9B"
"\x97\x8C\x8D\x81\x66\x48\xC6\x6C\x0D\xAF\x79\x11\xEB\x92\xE6\xC5\xCD\xDE\x6E\xA7\xC7\x84\x57\x7E\x6C"
"\x5F\x9C\x79\xA3\xFC\xBA\x2C\x02\x55\x36\xE9\xE0\x11\x98\x07\x33\xE7\x64\xC1\xB5\xE5\xBB\x1A\x0C\x6D"
"\x1B\x95\xEF\xE9\x5C\xEA\xE5\x5B\xFF\xC9\x4B\x38\x3C\x57\x89\x31\x36\x3A\xF3\x6B\xF4\x50\x9B\x79\xAA"
"\x53\xD2\x71\x66\xC0\x04\xD0\xDE\xBE\x74\x44\x58\x8D\x6A\x9A\x94\xFF\x53\x10\x9E\x4D\x53\xFB\x98\x5E"
"\x09\xEB\x3E\x88\x20\x9D\x8A\x6E\x1C\xAB\xEF\x8C\x99\xA4\x89\x47\x58\x1A\x30\x7D\xF1\xBD\xF2\xA6\x3B"
"\x19\xCF\xA9\xF7\xD5\x9C\x0B\xB3\xB1\xDA\xE1\xD1\xFD\x9D\x2E\x38\x72\x56\x0B\x15\xB5\x5D\x65\x6A\x6A"
"\xCF\x59\x64\x55\x0C\xC7\x95\x21\x44\x26\xE5\xAD\x48\x1F\x1B\xDB\x79\x63\x10\x95\xFB\x7C\x37\x9A\xC9"
"\xE6\xF7\x49\x47\xD7\x94\xAD\x45\xF1\x9F\x2B\xB2\x88\x82\x67\x88\x09\x51\x4B\xD8\xF1\xB0\x9D\x91\xE4"
"\xDE\xF9\xE8\x57\xB5\x76\x1F\x9D\x93\xFB\x5D\x35\xEF\x2A\x29\xA7\xE9\xA2\xFC\x19\x13\x55\x65\xF5\xC5"
"\xF1\xE4\x4E\x29\x60\x41\x9C\x8F\x00\x3A\x52\xA4\xFF\x7C\x62\x43\xE0\x96\xEA\xBB\x08\x1C\xBC\xE4\xCD"
"\xAB\xF9\xA0\x7C\x0C\xF6\xA5\xDC\x83\xE8\xA8\x04\x67\x38\x6B\x98\x27\x0B\x2A\xBB\x17\x86\x53\x08\xA4"
"\xDE\x50\x24\x97\x90\xCF\xEE\x6A\xF5\xD5\xC9\x14\x8F\xC0\x49\x0D\x0E\x49\xA1\xB3\x1D\x02\xB7\xCA\x48"
"\xD9\xAF\x12\xE8\xEE\xA2\x82\x9D\x28\xBF\xA0\x7B\x7A\x61\xE9\xEB\x1C\xC0\x10\xA8\xA2\xB3\xDB\xAF\xE0"
"\x93\x08\x9C\x5A\x0D\x47\x5C\x7E\xBA\x12\x7E\xEF\x66\xBA\xF7\x03\x46\x09\x12\x13\xDD\xDE\xE9\x72\x23"
"\x81\xD6\x3E\x42\xA0\xEA\xF4\xC2\x60\xDB\xC8\x63\x4A\x26\x06\x4A\x46\x81\xCE\x31\x96\x90\x3B\x04\xDA"
"\x67\x12\xE8\x04\x4B\x91\x5E\x87\x66\xEF\xA6\x7A\x0E\xCA\x8A\xB0\xE4\x38\xF0\xCB\x2D\x46\x24\x44\x72"
"\x5F\x34\x22\x5E\x02\x5B\xB3\x1B\x24\x70\x6A\x6D\x9A\x7F\x3F\x50\xA2\x39\x9E\x8A\x2D\xD8\xF9\x04\x3A"
"\x2B\x3C\x75\x84\xA9\xCE\x01\x60\x29\xA3\x00\xC5\x0C\x8B\x94\x17\x60\xFB\x3A\x50\xF6\x04\x3E\xE8\xC6"
"\xC8\xD6\x3D\xE7\xDE\x62\xF0\xCD\x8A\x00\x45\xE0\x81\xE7\x9A\x8C\x48\x13\x75\x3C\x4C\x20\x9B\xEB\xB4"
"\x59\x88\x90\x0D\xF1\xA7\x76\x7C\xE4\x4D\x67\x60\xC1\x9C\x88\x6E\xC3\x1E\x81\xD6\x3E\xD3\x91\x0E\x56"
"\x38\xAC\x61\x57\x26\x42\x08\x15\xDE\xAB\xB6\x53\x2C\x5E\x37\x13\x77\x46\x6D\xD9\xBD\xF1\x77\x0E\x44"
"\x76\xFD\xE8\xB3\x08\x64\x31\x17\x63\xB4\x36\x6D\x49\xB5\xDF\x0F\xE1\xC9\xAF\xE7\x60\x08\x8C\x6F\x9D"
"\xF5\x49\x86\x61\xD9\x0F\xE5\x1E\xF3\x03\x53\xCE\x6A\x59\xBA\xC3\x12\xF1\x7D\xE4\xE4\x2E\x14\x02\x59"
"\xFD\x86\x49\x8D\xD1\x5F\x97\xCD\xC5\x95\xC0\x07\xFC\x40\x9F\x4C\xA8\x18\xDC\x1C\xD9\xA9\x65\x11\x8A"
"\x1B\x43\xD3\x5B\x16\x44\xEA\xA6\xCC\xFE\x23\x64\xEB\x1A\x68\xF1\x75\x09\xB4\x39\x40\xE3\x7A\x7B\x3A"
"\x51\xAB\x50\x8E\x9E\x98\x04\xE3\x48\x53\x13\x25\x41\xCA\x54\xD2\xD1\x9F\x42\x5A\xAA\xEB\xE1\x33\x3F"
"\x92\x0F\xF4\xFA\x41\xA8\x39\xEC\x0C\xC4\x7A\x3A\xE5\xF6\x46\xA8\x9C\x4B\x3D\x2C\x98\x9C\x34\x31\x71"
"\xFF\x67\xD0\xD5\x16\xE4\xF2\xC9\xCF\x0F\xE6\x03\xD3\x17\xC7\x57\xD0\x10\xE0\xF9\x58\xD8\x6D\xD1\xF1"
"\x39\xD7\xE5\x80\x89\x85\x89\x8E\xBB\x8F\x93\xAE\xAA\x97\xAB\xC2\x72\x5B\x57\xBA\x3D\x8F\xC0\x14\x88"
"\x78\xD3\x42\x2E\xF4\xF7\x9F\x3F\xBF\x48\x4E\x07\x36\x39\xC2\xEF\x9F\xCE\xF2\x98\x64\x53\x5D\x90\x37"
"\x27\xDB\xAD\xDD\xA0\xA5\x1E\xB2\xC2\x9D\xFC\x7B\x9F\x99\xFE\xF9\xBB\xE2\x57\xDA\xE2\x87\x94\xCE\x72"
"\x8E\x6D\xA8\xCC\x23\x83\x99\x13\x3E\xEC\x3C\xC7\xEB\x73\x0D\x33\xE8\xA7\x12\xE8\xE3\x8E\xD5\xE0\xFE"
"\x72\xFC\xFD\xFD\x43\x2F\x0A\x1E\x81\x63\x94\xB4\x75\xCD\xD0\x06\xA1\x5E\x41\x36\xD7\x08\x79\x34\x1F"
"\xB8\x43\xE0\x07\xBD\xFC\xF6\x04\xFE\xA5\x61\x3D\xC0\xDA\x19\x1E\xA2\xEB\x60\x6E\xCA\x48\x93\x07\xF3"
"\x81\x3B\x3E\x40\x25\x81\x84\xE8\x44\x20\x9C\x94\xBE\x8C\xA6\x61\x9F\xC0\xE5\xD9\xF9\xC0\x9D\xE4\xCE"
"\x22\x57\x1B\xB2\xF2\xF7\xDF\x3F\x39\x3B\xB9\x93\xDF\xFD\xEE\xE9\x98\x65\xE3\xB9\xEE\x4B\xE0\xA3\xF9"
"\xC0\x5E\x81\xC4\xAD\x75\xFA\xEB\xF7\xBF\xD4\x29\x64\x78\x3B\xEB\x3C\xA9\x6D\x76\x1B\x81\xCF\x75\x63"
"\x78\x5D\x14\x46\x86\x52\x23\x08\x66\x5B\x93\xF0\xE4\xB4\xF0\x2D\x81\xD6\x9E\x4D\x60\xF4\xA2\x8C\x64"
"\xD4\x1D\x0C\x2D\xF5\xED\x70\xF6\x85\xF3\x4E\xEC\x0E\x81\xCB\x09\xE9\xAC\xFE\xF6\x26\xFA\x97\x73\x39"
"\x91\x6D\x01\xE5\x12\x2E\xC7\x19\xCC\xD7\x10\x18\x8C\xCB\xD2\xE4\x67\x2C\xA4\xD2\x0E\x12\x3C\x09\xEB"
"\x6C\xE1\x81\x0E\x24\xCF\xCD\x07\x6E\x5E\x98\xED\xB6\x69\x05\x98\x50\xF8\x42\x48\xAC\x6A\x5C\x7A\xCF"
"\x6B\x58\x76\xF6\x44\x1E\xCA\x07\x1E\xC4\x17\x4C\xE5\xB2\x60\xA3\xD3\x51\x01\x38\x95\xFA\xB1\x20\x6A"
"\x59\xFA\xD3\x05\xFB\x19\x69\xF5\x54\x3F\x30\x19\xB2\xC9\xCC\xEE\x64\x8F\x24\x63\x5C\xD0\xFA\x02\x07"
"\x2A\x2E\x1C\xB5\x25\xD0\x3E\x97\xC0\x3D\x2B\x9C\x35\x89\x8B\x13\xE3\x96\x13\xAC\xFA\xC0\xB8\x4D\xB6"
"\x95\x8E\x23\x23\x72\x0A\x81\x81\xC5\x98\xDE\x5A\xAE\xFD\x8F\xDF\x2E\x9B\x70\x5F\x81\xE5\x69\x04\x06"
"\x7D\xE2\x09\x9C\x00\x11\x38\xA4\x73\x30\xA4\x0F\x12\x76\x2A\x3E\xC8\xD3\xDD\x98\xF6\xD7\x9B\x74\x5E"
"\x0A\x10\x81\x32\xFA\x81\x3D\x81\x64\x0D\x4C\xB7\x1F\xE4\x45\x04\x4A\x40\x04\x8A\xB8\xB9\xB8\xF1\x5D"
"\x09\xDF\xE9\xDE\xA9\xEC\x99\x04\x86\xC2\x0E\x40\x75\x09\x79\xA9\xDE\x5C\x50\x56\xAA\xA9\x36\x07\x86"
"\x49\x6F\x11\xB6\x46\xFD\x9A\x6A\x0B\xB5\x59\x16\x52\x89\x74\x20\xF0\xF6\xF8\xDD\x27\xB0\x0D\x27\xF7"
"\x82\xCF\x61\x9B\xFE\xC6\x2F\x13\x12\x81\x2C\x9D\x6C\xE3\xB7\xD1\x1D\x1A\x29\xDC\x8B\x83\x1A\xBA\x2D"
"\x81\xB0\xCA\x2B\xB3\xDE\xB1\xB7\xE6\x30\x89\xEA\x0E\xB1\x6E\x4F\xBB\x36\xAF\xD6\x7B\xCA\x57\x57\x70"
"\xAC\x56\x04\x75\x4C\x24\x5B\xBE\x6D\x36\xE1\x40\x60\xF3\xCE\xE3\x72\xED\xC0\x70\x47\xE6\x61\xB5\x01"
"\xE1\xA9\x2B\x8D\x8C\xBF\xDB\x10\x50\x04\x1E\x9C\xB4\x39\x5A\x66\x26\x77\xA3\xAC\xBB\x6E\xD8\x2B\x58"
"\x76\x1A\x72\x38\xBB\x13\x5A\xC4\x45\x2F\x5E\x42\xAB\xD1\xCF\xD1\x99\xFB\xEF\xD6\x9D\xC4\xD4\x4E\xF5"
"\x3E\xEC\x75\x1D\x24\x2C\x75\xB8\x8C\x6B\x76\x04\x49\x60\x3A\x22\xD9\x6B\x28\x2A\xE4\x81\x5D\x21\x8C"
"\xDF\x8B\x6D\x03\x15\xD7\x3A\xC6\x76\x07\x93\xA6\xB8\xC3\xA5\x00\x65\xB3\x0A\x81\xAA\x65\xCF\x77\xEE"
"\xE4\xD7\xB2\x89\x1B\x1F\xB0\x6E\x81\x42\x0E\x1D\x43\xCA\x47\x93\xFB\x4B\xAB\xDC\x98\x4B\xC5\x4D\x11"
"\x05\x4A\x02\x63\x0E\xAE\xCA\x26\x50\xA1\xE2\xC7\x3B\x25\x26\x25\xA2\x8C\x32\x30\x63\x75\xAA\x3B\x1F"
"\xD6\x84\xD5\x34\x61\x88\x04\x46\xC5\x13\x64\xEF\xCC\x90\x2A\x97\x31\xA9\xAE\xB1\x14\x31\xB1\x08\x71"
"\x00\x45\xA0\x8C\x3B\x12\x81\x40\x5A\xBA\x4A\x9C\xD5\xD2\x6F\x8A\x0B\x97\xF5\x1D\x8F\x72\xB1\xA2\x04"
"\x45\xA0\x88\x0E\x49\xB0\x84\x59\x3C\xDA\x96\x1A\x4F\x0D\x1E\x75\x5C\xB8\x99\x3F\xC2\x58\xC9\x25\x2C"
"\x16\x58\xEB\x1D\x9E\x9A\x4A\xB2\x14\x0C\x9C\xD7\xB5\xAD\xB1\x39\xE9\xC1\x99\xE3\x0F\x71\x09\x7B\xD4"
"\xC0\x8E\x5B\x67\x02\x9D\x2B\xC8\x43\x1A\xD0\x68\xF9\xA2\x49\x3E\xA4\xB4\x5A\xF6\x99\x2E\x9E\x82\x3F"
"\x58\x04\xB2\xD4\x68\x88\xEF\xE6\xA5\x4E\xE4\x8F\x55\x93\x85\x44\x22\xD0\xBD\x13\x58\xA3\x98\xA8\xBD"
"\x27\x9B\xF0\x34\xF6\x2A\x3F\xFA\x43\xC9\x4A\x7D\xAC\xEF\x04\x56\x6B\xE9\xC3\xAD\xF5\x13\x6F\x19\xDC"
"\x74\x9B\xCD\x71\x71\xA8\x80\x6D\xAB\xC7\x60\x78\x27\x14\x71\x1F\xF3\x2C\x41\x20\x6A\xD7\x8F\xCE\x05"
"\xBE\x0A\x16\x7F\x97\x29\xF6\x11\x6A\xD2\x4D\xAE\x2B\xE2\x7C\x52\x4F\xD8\x90\x82\x9C\x55\x67\xAC\x52"
"\x13\x2A\x68\xDD\xDB\x8A\xEA\xE1\xAD\x82\x3A\xAF\xD2\x76\xF2\x01\x70\xDF\x72\x4B\x58\x98\x1D\x18\x09"
"\x6B\x33\xC6\x2B\x7B\xC6\xDE\x97\x23\xBC\xFF\x96\xB4\xB5\xC5\xBE\x81\xF4\x74\xD4\xC2\xE6\xBB\x13\x48"
"\x74\xEA\x96\xBF\x7E\x2C\x22\x4D\x49\xC4\x9F\xDE\x10\xD6\xB1\x97\xF2\x81\x34\x1D\x95\xD3\xE0\x9A\xA8"
"\xA6\xDA\x64\x17\xC4\x97\x7E\xAA\x66\x3A\x79\x40\x40\x62\x2F\xD6\x95\xE4\x0A\xE9\x01\x1A\x7F\xB1\xD0"
"\x3C\xB4\x60\x8C\x87\x36\xCD\x74\xF2\x88\x8A\xCC\x9E\x9B\x43\xE0\x3A\xDF\xA6\xF6\x8B\x8B\x05\xD8\x8B"
"\x3B\xB7\x81\x9F\xDC\x06\xEE\x0B\x86\xCD\x14\xD9\xCB\x49\x8B\x29\x9D\x6A\x54\x00\x1B\xEA\xA7\xED\x44"
"\x77\xEE\x9A\xCB\xF3\x47\xF5\x0C\xDB\x94\x8F\xC8\xC7\x42\x05\x3C\xFE\x4A\xCF\xAF\xC5\xBC\x22\x8E\xA7"
"\xF3\x26\x61\xE6\x2B\x17\xC2\x5C\x11\x02\x71\xA4\x03\xCF\x9D\x76\x5F\xD1\xC4\xD9\x45\x22\x6D\xBA\x91"
"\x99\x7C\x24\x9E\x5F\x20\x32\x48\x54\xDE\xDE\x7D\x05\x83\xB4\xDB\xA5\x63\x26\x1F\x72\x50\x40\x47\x8A"
"\x30\x93\xF7\xC7\xCD\xCB\x95\x90\x28\x73\x9C\x0C\xD8\x91\x7D\xA2\x2A\xC5\x18\x5F\x27\x05\x2E\xA7\x3A"
"\x96\x76\x02\x20\x2D\x48\xC4\x58\x9D\x17\x32\xAF\x1B\x10\x95\x07\x61\x59\x88\x69\x84\x4E\x0D\x56\x5D"
"\x4E\x5E\x34\xD3\xDB\x0D\x58\x5A\x4A\x87\x06\x05\x7A\xB0\x57\xC5\x60\x18\xA1\x79\x76\x62\x7D\x0D\x46"
"\xCA\x6C\xA5\xA6\xD7\x3E\x50\x84\x79\x0A\x55\xFB\x25\x3D\xF0\xD3\x72\xAA\x34\xA5\xF4\x2B\xA9\x07\x3F"
"\x58\x8E\x4C\xDD\x64\xF9\x38\x5A\xE9\xA9\x34\xAE\xD4\x89\xC1\x0D\xEE\x5C\xAA\xA1\x23\xBE\x0B\xDE\x3B"
"\xCC\x36\x94\x73\xEE\x5F\x55\xB7\x02\x7B\x8C\xC6\x5C\x82\xC4\x56\xEA\xDA\x39\x54\xA5\x04\x73\x96\x97"
"\xB7\x00\x53\xF5\xC0\x95\x76\x0E\xE6\x4A\xE3\xB4\xF2\xC8\xE8\x7D\xA1\x02\xA1\x8C\x3B\xA1\x4B\xDD\xC5"
"\x96\xAA\x0B\x52\x26\x50\xBD\xCD\xC8\x66\x97\x50\xAD\x66\xCB\xA5\xCE\x45\x75\xB1\xEE\x6C\xB4\x9A\x46"
"\x29\x56\x2E\x59\x18\x08\xDE\x96\x08\x85\x11\xE1\x8E\x35\x21\x57\xDE\x74\xF1\x53\xEA\x31\x41\xF5\x57"
"\xF3\x94\xC1\x9D\xDF\xC7\x96\x8C\x73\x3B\xA2\xAF\x23\xB0\xA9\xE7\x0D\xE3\xE9\xB5\x2E\x83\x59\x74\xE8"
"\xA2\x37\x37\x73\x82\xAA\x4A\xF3\x76\x18\xA4\x2F\xCA\x19\xDF\x6D\x52\x33\x1D\x4C\xD7\x82\xAC\x56\x89"
"\xCB\x41\x7B\xBC\xE5\xA0\x73\xDE\xEE\xF5\x42\xAD\x19\xDE\x71\xD0\xB5\x2F\xB1\xEC\x56\xDB\x67\xFC\x2D"
"\xFD\xE0\xE5\xFD\xEB\xB6\x21\xD0\x6F\x6D\x8A\xB7\x9D\xB5\x1E\x8B\x7C\x97\x32\x32\xAF\xFA\xE0\x85\x18"
"\xBB\x35\x0A\xED\x44\xB9\xF6\xFA\x92\xD2\x66\xBE\x6B\xAF\x78\xDF\x29\xEB\xD1\xEF\x10\x72\x2A\xA2\xD8"
"\x12\x58\xFA\x0B\x36\xBD\x05\x2B\x02\x97\xB6\x97\x5E\xF4\xFB\xC2\x54\x70\x37\x5C\xFD\xB6\x91\x92\xEF"
"\x40\x23\x97\xC5\x07\x69\x7A\x31\xF6\xDD\x06\x6D\x2F\x7B\xCD\x59\xA5\x38\x0F\x4C\x72\xF6\x23\x78\xDB"
"\x0F\x20\xB2\x75\x3D\x24\x70\xF7\xBA\x77\x7D\x9C\x0F\xF9\x13\xA9\x6B\x7D\xBC\xD5\xBF\x13\x72\x5C\x25"
"\xB2\x38\x2A\xB9\x5F\x53\x6F\x65\x3D\x6D\x6A\xF5\x18\xEF\x76\xBE\x7F\x02\x93\x6E\xB8\xA3\xF3\x95\x85"
"\x94\xC3\x38\x8E\x53\xC2\x38\x0E\x83\x5C\x39\xE3\x9C\x51\xA4\x0D\x71\x8A\xF4\x5D\x4D\x1B\x20\xBE\x48"
"\x20\x02\x09\x44\x20\x10\x08\x04\x02\x81\x40\x20\x10\x08\x04\x02\x81\x40\x20\x10\x08\x04\x02\x81\x40"
"\x20\x10\x08\x04\x02\x81\x40\x20\x10\x08\x04\x02\x81\x40\x20\x10\x88\x17\xE1\x7F\x02\x5E\x08\x36\x6B"
"\x8F\x6C\x4A\x00\x00\x00\x00\x49\x45\x4E\x44\xAE\x42\x60\x82"
}
};

static const binfile_t background_gbc = {"background_gbc.png", 2914, {
"\x89\x50\x4E\x47\x0D\x0A\x1A\x0A\x00\x00\x00\x0D\x49\x48\x44\x52\x00\x00\x01\x40\x00\x00\x00\xF0\x08"
"\x03\x00\x00\x00\x46\xF3\x4D\x59\x00\x00\x03\x00\x50\x4C\x54\x45\xFB\xF8\xF1\xFB\xF7\xEE\xFA\xF7\xF0"
"\xFB\xF5\xE9\xF9\xF6\xEF\xF7\xF5\xEE\xFB\xF4\xE7\xFB\xF4\xE6\xFB\xF4\xE5\xFB\xF3\xE4\xFB\xF2\xE1\xFB"
"\xF1\xDF\xF5\xF3\xED\xF4\xF2\xEC\xF4\xF1\xEC\xFB\xEF\xD8\xF1\xEF\xEA\xE9\xE8\xE4\xE1\xE0\xDD\x00\x00"
"\x00\x00\x00\x00\x00\x00\x00\x00\x00\x00\x00\x00\x00\x00\x00\x00\x00\x00\x00\x00\x00\x00\x00\x00\x00"
"\x00\x00\x00\x00\x00\x00\x00\x00\x00\x00\x00\x00\x00\x00\x00\x00\x00\x00\x00\x00\x00\x00\x00\x00\x00"
"\x00\x00\x00\x00\x00\x00\x00\x00\x00\x00\x00\x00\x00\x00\x00\x00\x00\x00\x00\x00\x00\x00\x00\x00\x00"
"\x00\x00\x00\x00\x00\x00\x00\x00\x00\x00\x00\x00\x00\x00\x00\x00\x00\x00\x00\x00\x00\x00\x00\x00\x00"
"\x00\x00\x00\x00\x00\x00\x00\x00\x00\x00\x00\x00\x00\x00\x00\x00\x00\x00\x00\x00\x00\x00\x00\x00\x00"
"\x00\x00\x00\x00\x00\x00\x00\x00\x00\x00\x00\x00\x00\x00\x00\x00\x00\x00\x00\x00\x00\x00\x00\x00\x00"
"\x00\x00\x00\x00\x00\x00\x00\x00\x00\x00\x00\x00\x00\x00\x00\x00\x00\x00\x00\x00\x00\x00\x00\x00\x00"
"\x00\x00\x00\x00\x00\x00\x00\x00\x00\x00\x00\x00\x00\x00\x00\x00\x00\x00\x00\x00\x00\x00\x00\x00\x00"
"\x00\x00\x00\x00\x00\x00\x00\x00\x00\x00\x00\x00\x00\x00\x00\x00\x00\x00\x00\x00\x00\x00\x00\x00\x00"
"\x00\x00\x00\x00\x00\x00\x00\x00\x00\x00\x00\x00\x00\x00\x00\x00\x00\x00\x00\x00\x00\x00\x00\x00\x00"
"\x00\x00\x00\x00\x00\x00\x00\x00\x00\x00\x00\x00\x00\x00\x00\x00\x00\x00\x00\x00\x00\x00\x00\x00\x00"
"\x00\x00\x00\x00\x00\x00\x00\x00\x00\x00\x00\x00\x00\x00\x00\x00\x00\x00\x00\x00\x00\x00\x00\x00\x00"
"\x00\x00\x00\x00\x00\x00\x00\x00\x00\x00\x00\x00\x00\x00\x00\x00\x00\x00\x00\x00\x00\x00\x00\x00\x00"
"\x00\x00\x00\x00\x00\x00\x00\x00\x00\x00\x00\x00\x00\x00\x00\x00\x00\x00\x00\x00\x00\x00\x00\x00\x00"
"\x00\x00\x00\x00\x00\x00\x00\x00\x00\x00\x00\x00\x00\x00\x00\x00\x00\x00\x00\x00\x00\x00\x00\x00\x00"
"\x00\x00\x00\x00\x00\x00\x00\x00\x00\x00\x00\x00\x00\x00\x00\x00\x00\x00\x00\x00\x00\x00\x00\x00\x00"
"\x00\x00\x00\x00\x00\x00\x00\x00\x00\x00\x00\x00\x00\x00\x00\x00\x00\x00\x00\x00\x00\x00\x00\x00\x00"
"\x00\x00\x00\x00\x00\x00\x00\x00\x00\x00\x00\x00\x00\x00\x00\x00\x00\x00\x00\x00\x00\x00\x00\x00\x00"
"\x00\x00\x00\x00\x00\x00\x00\x00\x00\x00\x00\x00\x00\x00\x00\x00\x00\x00\x00\x00\x00\x00\x00\x00\x00"
"\x00\x00\x00\x00\x00\x00\x00\x00\x00\x00\x00\x00\x00\x00\x00\x00\x00\x00\x00\x00\x00\x00\x00\x00\x00"
"\x00\x00\x00\x00\x00\x00\x00\x00\x00\x00\x00\x00\x00\x00\x00\x00\x00\x00\x00\x00\x00\x00\x00\x00\x00"
"\x00\x00\x00\x00\x00\x00\x00\x00\x00\x00\x00\x00\x00\x00\x00\x00\x00\x00\x00\x00\x00\x00\x00\x00\x00"
"\x00\x00\x00\x00\x00\x00\x00\x00\x00\x00\x00\x00\x00\x00\x00\x00\x00\x00\x00\x00\x00\x00\x00\x00\x00"
"\x00\x00\x00\x00\x00\x00\x00\x00\x00\x00\x00\x00\x00\x00\x00\x00\x00\x00\x00\x00\x00\x00\x00\x00\x00"
"\x00\x00\x00\x00\x00\x00\x00\x00\x00\x00\x00\x00\x00\x00\x00\x00\x00\x00\x00\x00\x00\x00\x00\x00\x00"
"\x00\x00\x00\x00\x00\x00\x00\x00\x00\x00\x00\x00\x00\x00\x00\x00\x00\x00\x00\x00\x00\x00\x00\x00\x00"
"\x00\x00\x00\x00\x00\x00\x00\x00\x00\x00\x00\x00\x00\x00\x00\x00\x00\x00\x00\x00\x00\x00\x00\x00\x00"
"\x00\x00\x00\x00\x00\x00\x00\x00\x00\x00\x00\x00\x00\x00\x00\x00\x00\x00\x00\x00\x00\x00\x00\x00\x00"
"\x00\x00\x00\x00\x00\x00\x00\x00\x00\xCA\xF7\x8B\xCA\x00\x00\x08\x1D\x49\x44\x41\x54\x78\xDA\xED\x9D"
"\x8D\x92\xA3\x2A\x10\x46\x03\xE2\x98\xCD\x10\x17\xE6\xFD\x1F\x76\xFD\xA7\x9B\xA0\xD1\x24\x3A\x2B\xFD"
"\x9D\xBA\x35\x13\xBD\x99\x58\x39\x0B\x74\xD3\xA2\x5E\x2E\x00\x00\x00\x00\x00\x00\x00\x00\x00\x00\x00"
"\x00\x00\x00\x00\x00\x00\x00\x00\x00\x00\x00\x00\x00\x00\x00\x00\x00\x00\x00\x00\x00\x00\x00\x00\x00"
"\x00\x00\x00\x00\x00\x00\x00\x00\x00\x00\xCC\xA2\x4B\x6B\xEB\x1D\xB0\xB6\xD4\xF9\xCB\xB3\xCE\xFB\x9F"
"\xDD\xF0\xDE\xD9\x9C\x25\x96\x6E\x47\x79\x93\x44\x57\xE6\xAA\xEF\x00\x7B\x83\xC3\x1C\x15\x6A\x77\x98"
"\xBF\xB6\x15\x6A\x34\x3F\x34\x42\x8A\x3D\xD8\x5F\x63\xD0\xC2\x1F\x0C\xCE\xFB\xF3\x6D\xCA\xF1\x61\xF2"
"\xED\xC5\xC6\xF3\x01\xBE\xB6\x66\x0F\x4A\x5B\xF3\x40\xE5\x4D\x26\x02\x3D\xEB\x58\x4B\xF1\x51\xEB\x37"
"\xF6\xEB\x2E\x51\x67\x07\xCB\xC3\x5F\xBD\x38\x2E\x69\x2A\x81\xBC\xDE\xBA\xBF\x17\x18\x8D\x17\x75\x16"
"\x09\xA0\x5F\xEE\x53\x69\x21\x5A\x6F\xDB\x9F\x1E\x31\x7C\x0E\xE9\xA0\x3B\xFC\xEB\x90\x7F\x32\x97\x53"
"\x03\x3C\xAE\x39\xFC\xC6\x31\xF7\x4B\x61\x7E\x23\xAB\x08\xF3\x9E\xF3\x27\x83\xFE\x57\x7A\x93\xCB\x26"
"\x10\x4F\xBD\xE9\xD8\xA4\x6C\x0A\x24\xA7\xEF\xC3\xE5\x4C\x03\x6C\xCB\xD2\x0D\x77\xBB\xC0\x7D\xF1\xFF"
"\x72\xE2\x62\xF4\xD4\x04\xCF\x3E\x1D\xA9\x93\x83\x91\xF9\x7C\x6D\xCB\x3B\x93\x1C\x7A\xCF\x9E\x0A\xBA"
"\x54\x57\xDA\xA7\xB6\xC0\xB2\xF4\x69\xE8\x38\x7B\x22\xE3\x13\x83\xF9\x6E\xB5\x99\xFB\x93\x03\x67\x22"
"\x70\xBF\xDA\x2A\xCD\x94\x32\x11\x98\xE8\x49\xE3\xAE\x3D\x6A\x59\xFE\xC9\xD8\x91\x85\xC0\x7E\x78\xF7"
"\xF7\xB8\x1A\xA5\xD4\xF2\x76\x1A\x35\xBC\xED\xEE\xA3\x50\x95\xAF\x40\xD7\x67\x85\xD3\x97\xEF\x0D\xA8"
"\x81\xC7\xED\x84\x32\xC5\x04\x0F\xEF\xF3\x89\xC3\x64\x29\xB0\xFF\xA2\x44\x45\xAF\xC3\x4C\xC2\xE2\xED"
"\x61\x4F\x2C\x70\xDC\x3B\xBE\xCF\xF1\x3E\x9C\xB9\xC0\x7B\x50\xD1\xFD\x54\x73\xDB\xE3\x9E\xEE\xB7\x21"
"\x4D\x36\xBC\x6F\x10\x7A\x17\x22\x50\xA7\x04\x2A\x15\xC6\x3D\xBE\xDD\x59\x52\xE1\x37\xED\xC2\x63\x8B"
"\x15\x29\x30\x74\xC4\x68\xB0\x8B\xB6\x89\xAC\x69\xAB\xB8\x5E\xAF\x55\x43\xFB\x2B\x08\x95\x29\x50\x3D"
"\x33\x98\x14\xF8\x1D\x28\x64\x0B\x24\xB1\x37\x92\xA7\x1E\xBB\xF0\x14\x60\xB8\xC0\xB1\x0F\x8B\x1B\x03"
"\x89\xC0\x29\xF4\xA6\xB6\x79\x8A\xD3\xFE\x8C\x05\x9A\x2E\x98\xDC\x65\x46\xE1\x10\x1A\xC6\xCC\x30\x91"
"\x0D\x1A\x1E\x62\x98\xC0\xB1\x6B\xAB\xBB\xE8\x34\xC6\x84\xE4\x38\xDA\x66\x02\x55\x4A\xA0\x12\x29\xB0"
"\xCB\xE1\x14\x17\x63\x54\xD4\x0E\x1F\xD2\x96\xFE\xF7\xA3\xC0\x76\xAF\x38\x81\x2C\xEE\x2E\x74\x64\xC5"
"\x03\x71\x2C\x70\x6A\xB5\xF2\xBA\x30\x4D\x97\x67\x92\x6A\x3E\x75\x1B\xF7\x3C\x04\x11\x22\x50\x8B\x16"
"\x38\xC6\x8C\x62\x84\x77\xDD\x74\x17\x16\x2B\x90\xA7\x26\xA1\xF3\xB6\x4D\x8C\x08\x64\x31\x64\x26\x88"
"\x74\xEF\x11\xD9\x02\x53\x69\x0B\x13\x48\xA3\xF0\x98\x0E\xAA\xE2\x16\x98\xA2\xB0\x34\x81\x8A\x42\x13"
"\x67\xDE\x02\x93\x89\x34\x1B\x2B\xA7\x4A\x83\xC4\x28\xAC\x12\x53\x37\x26\x30\x9A\x89\x3C\xCC\x4C\x88"
"\x4C\x25\x6E\x2E\xCC\xCB\x57\x2C\xF6\x92\x31\x30\x0E\x20\x2C\x01\x67\xE5\x07\x69\x02\x0D\x99\x69\xC4"
"\xE5\xAB\x58\x20\xC9\x01\x4D\x51\x55\x5F\xED\x7F\x45\x3C\xC5\x13\x58\x50\xA5\xE5\x2C\x96\xF3\x31\x81"
"\x44\x70\x97\xE2\xDC\xAE\xD7\x6B\x1B\x3D\x4C\x34\x59\x16\x29\x90\x06\x86\xE6\x55\x31\x47\x88\x18\xBD"
"\xC0\x46\x61\xC1\x53\x70\x71\xD5\x98\x70\x62\x48\x85\x93\x48\xB3\x02\xC9\x79\xA5\xE2\x3A\x09\x9C\x1A"
"\xA6\x09\x02\x25\xA5\x31\x5C\xA0\x5A\x2B\xF0\xF6\x28\x50\x89\x14\x48\xD2\x96\x87\x29\x5C\x42\xE0\xE8"
"\xBB\x69\x81\x9D\xC2\x82\x96\x1A\x42\x1A\x23\x52\xE0\x98\xE4\x2D\x0A\x1C\x5F\x56\x7D\x17\xBE\x56\xD3"
"\xF0\x28\xAC\xA0\x1A\xCE\x89\x98\x78\x7E\xB1\x28\xF0\xEB\xCF\x35\xC9\x97\xB4\x7A\x20\x49\xA4\xE3\x33"
"\xBB\x2F\x09\xAC\x84\xD6\x03\x59\xF9\x6A\xCC\x09\x17\x04\x9A\xEA\x46\xB5\xDD\xA6\xAD\x4A\xDA\x4C\x84"
"\x46\xE1\xA7\xC1\x83\xD0\x17\x5F\xAE\x43\x08\xB9\x4D\x16\x2B\x5E\x0F\x14\x38\x17\x5E\xEA\xBA\xB1\xC0"
"\x54\x17\x1E\xF3\x49\x08\x5C\xD9\x02\x1F\x04\xB2\x7A\xA0\xBC\x62\xC2\xE2\x0C\x64\x49\xE0\xAD\x9B\x12"
"\xFF\xF9\x92\x76\x5A\x53\xC7\x79\xE0\x93\x31\xB0\xEA\x28\x2A\x26\xB0\x7D\xD1\xBF\xEE\x05\x1A\x81\x41"
"\x84\x9E\xE8\x78\xDE\xF2\x46\x58\x00\xEE\x05\x0A\x3D\xA9\xC4\x16\x00\xBE\x23\xB0\x52\x62\x4F\x6B\x86"
"\x4A\xE9\x6A\x81\xE9\x28\xAC\x8C\xCC\xB3\x72\x7C\x1D\x34\x3F\x03\x1C\xD6\x7D\x5C\x9F\x0B\x94\x19\x85"
"\xC9\x99\xA2\xF8\xD2\x06\x36\x3F\xAE\xB8\xAF\x1B\x99\x8C\x84\x44\xDA\xC8\x15\x48\x4F\x0E\x51\x81\xD3"
"\xFE\xEA\xBA\x8C\xB8\x16\x38\x05\x91\xE6\x4B\x57\x2B\xB8\x3D\xA3\x79\x8F\xC8\xE5\x6D\xED\x1A\x97\xDB"
"\xF7\x67\x28\x04\x26\xD2\x5D\x8F\xFD\x90\xC0\xBE\xBC\x0F\x81\x6F\x08\x14\x5A\x0F\x2C\xBE\x3F\xD5\x85"
"\x43\x0B\x14\xB5\xB8\x68\x08\x22\xED\x42\x83\xAF\x31\x66\x7C\x7D\x85\xD7\xAB\xF7\x2B\x81\x4B\x7C\xE9"
"\xC2\xD3\x70\x6E\x97\x66\x85\xDB\xF6\x0B\x5C\xE2\xCB\xAF\x64\x9D\xBB\x38\x78\xF5\x7E\x61\x02\xDD\xE3"
"\x25\xD3\xB1\x97\x8D\xFB\x95\x98\xCB\x5D\xFB\x2F\x7A\x57\xA9\x2B\xD3\x95\x32\x2F\xEE\x57\x77\x31\x17"
"\x5C\xF7\xB7\xE2\xF1\xF5\x67\x6F\x5F\x39\x5C\xF2\x5F\x0A\x10\x18\xEE\xA7\x81\x9B\x4E\xBC\x26\xD0\xEC"
"\x77\xDB\x13\x23\x42\xE0\x6E\x37\xDE\x61\xB7\x2E\xCA\x59\xE0\x4E\xB7\xDE\xE1\x37\x28\xCC\x5A\xE0\x45"
"\xD7\x9F\x7E\x28\x86\xF7\x35\x37\x95\xB7\xC0\x76\x24\x2C\x3F\xCA\xC3\xDD\x09\xB3\x17\xB8\x37\x10\x08"
"\x81\x10\x08\x81\x10\x08\x81\x10\x08\x81\x10\x08\x81\x10\x08\x81\x1F\x16\x68\xAC\x73\xAE\x2E\x21\x30"
"\xD4\x67\xEC\x86\x5B\xED\xDB\xA9\x7E\xBA\xF0\x7C\x21\x51\x02\xB5\x6B\x6B\xFC\x6B\x3F\xD2\xAD\x7A\xEE"
"\x94\x28\x81\x76\xC3\xF3\x46\xA2\x7A\xF6\xEC\x5F\x89\x12\xE8\xD6\x3F\x36\x40\xFB\x85\x32\x3E\x04\xAE"
"\x0E\xAE\xE9\x13\x49\x10\xB8\xB6\x03\x77\x8F\xBE\xD0\xB5\x5F\x78\xEA\x0F\x04\xAE\x78\x67\x7F\x76\xCA"
"\x43\xE0\x6A\x81\xDA\x27\xD6\x6F\xA4\x15\x41\xE0\x7C\x0F\xB6\xD1\x76\x09\x81\x6B\x05\x96\x71\xDC\xF5"
"\xB3\x83\x20\x04\xCE\x0B\xD4\x91\xC0\x1A\x02\xB7\x75\xE1\x32\xFA\x78\xB4\xC0\x8D\x41\xC4\x25\xA6\x30"
"\xBA\xB4\x75\x6D\x0D\x04\x3E\xC1\xB3\x41\x70\x08\xCA\x7A\x7A\xCC\x9A\x0F\xCB\x63\x20\x70\x7E\xD6\x3C"
"\x4E\x80\x87\x0F\x77\x9A\x3E\xA5\x6E\xB4\x9B\xB9\x40\xDD\x16\xF4\x26\x86\xE6\x43\x77\x95\x8B\x9F\xE7"
"\x9D\x2D\xCB\xF1\xCF\xA2\xA5\x4A\x83\xC1\xCC\x05\xBA\xA7\xAB\x85\x66\xDA\xE3\xE3\xC2\xAE\xDA\x25\xCB"
"\x0B\x79\x0B\x2C\x57\x2C\xB7\x9A\xF9\xE2\x75\xF4\x3E\x57\x93\x05\xAF\xA4\xBC\x90\xB7\x40\xBB\x62\xC1"
"\xDA\x5C\xA9\x94\x2F\xCF\x74\x66\xEC\xC8\xBA\x7D\x64\x67\x78\x8E\x67\xE6\x2D\xD0\xBF\xDC\x02\xD9\x1F"
"\x37\x41\xB7\x9E\x3E\xDE\x84\x20\x83\x31\x90\x2F\xD7\x8D\x3F\xB4\x89\x1F\x2D\xAE\x3D\x25\x32\x66\x32"
"\xED\xB5\xB3\xC5\xF4\xD4\xBA\xFC\xD3\x98\xB2\xEE\x71\xED\x8F\xA1\x17\xD6\x84\x67\xE7\x98\xB4\xD6\xE4"
"\x00\xF7\x8B\xF9\xFE\xDB\x50\x84\x72\x03\xF2\xC0\x75\x74\xC2\x9A\x16\x77\x6D\xFD\xFD\xFD\x0E\xB3\x63"
"\x08\x5C\x29\x70\xE8\xB2\xB7\x5E\xA0\x81\xC0\x57\x5A\xE0\x4F\x79\xA9\x3A\x81\xB7\x50\x5E\x80\xC0\x2D"
"\x07\x70\xFD\x18\xD8\x44\x91\x72\xBC\xE2\x0B\x02\x57\x32\x96\x17\xDA\x5B\x5C\x9A\x50\x5E\x80\xC0\xB5"
"\x58\x3A\x01\x1E\x56\x2D\x38\x54\x63\x36\x1F\xC1\xBB\xD2\x18\xEB\x43\xB1\x06\x02\xB7\x35\xC1\x6E\x32"
"\x4C\x8F\x05\x81\xAB\xA9\x93\x93\x40\x08\xDC\x60\x90\x97\x17\xF4\x05\x02\xE7\x49\x2E\x24\x24\x05\x9A"
"\xE9\x9A\x43\x81\x02\xED\x73\x7B\x6D\x11\x3A\xB5\x1C\x4B\xDB\xB6\x18\xE8\xE9\x25\x9B\x02\xD7\x07\x2E"
"\xD7\x0F\xF4\x58\xC2\x9F\xF9\x28\x6D\x8C\xD1\x89\x7A\x8F\x8C\x25\xBE\x8D\x9B\x99\xFA\xD5\x50\x74\x29"
"\xC9\x79\xA3\x75\x63\xA5\xB0\x35\xD2\xA6\x4C\x7D\xCF\xAE\x67\xD6\x7C\x55\xA5\x77\x1A\x02\xD7\xFD\xE9"
"\xB0\x96\xBC\xE9\xDA\x8E\x5C\x97\xBE\x76\x31\x7A\x26\x02\xC3\x3D\x4E\x5E\xB3\x47\x05\xB6\xF6\xF4\xF6"
"\x03\x4B\x14\x68\xE8\x99\x72\xD7\xD5\xAC\x36\xB4\xBD\xB7\xFE\xE5\xFE\x3B\x5E\xEA\x49\x24\xAD\xEB\xCE"
"\x7B\x5C\x8C\x35\xC7\x8D\x1D\xFF\x17\xD3\x3C\xCB\x6E\xFF\xF2\x83\xBD\xF7\x66\xC8\xF5\xC9\x05\x96\x3F"
"\x2F\xB4\x04\xF7\xA6\x3D\xD2\xF2\x7F\xCA\x93\x0B\xD4\xAF\x0C\xE6\xBA\x7E\xCF\x1E\xB9\x1C\xE7\xEC\x31"
"\x84\x8C\x67\x87\x0E\x46\x21\xF1\x39\xBB\x3F\x52\xAE\x3B\xB0\x33\x85\xC5\x0B\xF6\xF4\x02\xC3\x2C\xE2"
"\xB8\xDE\xF4\x1B\xC7\x3C\xA0\x37\x1D\xF6\x6D\xC8\xCC\xCF\x9D\xDF\x1F\xFD\x3A\xA4\xE0\xA2\x35\x2D\x18"
"\x84\x2D\xBE\x7F\xE6\x13\x67\xDE\x1F\x07\x90\x3C\x1A\x20\x2B\xB9\x87\x92\x4B\x24\xF0\xB2\x51\xE0\xC2"
"\x7B\xE8\xF2\xB7\xFA\x92\x05\x9E\xAD\xBA\xD2\x4F\xE4\x6C\x6C\xDF\x3A\x9E\x43\xD3\x83\xE5\xE1\x2F\xBA"
"\x46\xDA\xBB\xDA\x9A\x3D\x28\x6D\xED\xFC\x9A\x4B\x89\x4F\x38\x1D\xF1\x8F\xF7\x4B\xDC\x78\x8B\x59\xFE"
"\x7B\xE1\x3E\xB4\x2B\x2E\x66\x3F\x63\x32\xB8\xDB\x7D\x67\x5F\x5B\xA2\x09\x83\xD2\xFC\xED\x75\xDF\xD9"
"\xB5\x77\xA4\xCD\x01\xED\x0E\x54\xB8\xF6\xC4\x09\x1A\xA1\x94\xE6\x37\x2A\x3C\xA2\x15\x7A\x97\xAB\xBE"
"\x3E\xD1\x75\x7E\x47\x89\xDE\xBF\x5B\x48\x3C\x85\xC4\xD2\xDA\x7A\x07\xAC\x2D\xF3\x97\x07\x00\x00\x00"
"\x00\x00\x00\x00\x00\x00\x00\x00\x00\x00\x00\x00\x00\x00\x00\x00\x20\x88\x7F\xE8\x5F\x3F\xEB\xBB\x20"
"\x45\xDA\x00\x00\x00\x00\x49\x45\x4E\x44\xAE\x42\x60\x82"
}
};

static const binfile_t background_gg = {"background_gg.png", 3568, {
"\x89\x50\x4E\x47\x0D\x0A\x1A\x0A\x00\x00\x00\x0D\x49\x48\x44\x52\x00\x00\x01\x40\x00\x00\x00\xF0\x08"
"\x03\x00\x00\x00\x46\xF3\x4D\x59\x00\x00\x03\x00\x50\x4C\x54\x45\xFB\xF8\xF1\xFB\xF6\xEA\xF9\xF6\xEF"
"\xF8\xF5\xEF\xFB\xF4\xE6\xFB\xF3\xE4\xFB\xF1\xDD\xF4\xF2\xEC\xF2\xF0\xEB\xFB\xEF\xD9\xFB\xEF\xD8\xF0"
"\xEE\xE9\xEE\xEC\xE7\xED\xEB\xE6\xEA\xE9\xE5\xE9\xE8\xE4\xE9\xE7\xE3\xE5\xE4\xE1\xE4\xE4\xE0\xE4\xE3"
"\xE0\xE3\xE3\xDF\xE0\xE0\xDD\x00\x00\x00\x00\x00\x00\x00\x00\x00\x00\x00\x00\x00\x00\x00\x00\x00\x00"
"\x00\x00\x00\x00\x00\x00\x00\x00\x00\x00\x00\x00\x00\x00\x00\x00\x00\x00\x00\x00\x00\x00\x00\x00\x00"
"\x00\x00\x00\x00\x00\x00\x00\x00\x00\x00\x00\x00\x00\x00\x00\x00\x00\x00\x00\x00\x00\x00\x00\x00\x00"
"\x00\x00\x00\x00\x00\x00\x00\x00\x00\x00\x00\x00\x00\x00\x00\x00\x00\x00\x00\x00\x00\x00\x00\x00\x00"
"\x00\x00\x00\x00\x00\x00\x00\x00\x00\x00\x00\x00\x00\x00\x00\x00\x00\x00\x00\x00\x00\x00\x00\x00\x00"
"\x00\x00\x00\x00\x00\x00\x00\x00\x00\x00\x00\x00\x00\x00\x00\x00\x00\x00\x00\x00\x00\x00\x00\x00\x00"
"\x00\x00\x00\x00\x00\x00\x00\x00\x00\x00\x00\x00\x00\x00\x00\x00\x00\x00\x00\x00\x00\x00\x00\x00\x00"
"\x00\x00\x00\x00\x00\x00\x00\x00\x00\x00\x00\x00\x00\x00\x00\x00\x00\x00\x00\x00\x00\x00\x00\x00\x00"
"\x00\x00\x00\x00\x00\x00\x00\x00\x00\x00\x00\x00\x00\x00\x00\x00\x00\x00\x00\x00\x00\x00\x00\x00\x00"
"\x00\x00\x00\x00\x00\x00\x00\x00\x00\x00\x00\x00\x00\x00\x00\x00\x00\x00\x00\x00\x00\x00\x00\x00\x00"
"\x00\x00\x00\x00\x00\x00\x00\x00\x00\x00\x00\x00\x00\x00\x00\x00\x00\x00\x00\x00\x00\x00\x00\x00\x00"
"\x00\x00\x00\x00\x00\x00\x00\x00\x00\x00\x00\x00\x00\x00\x00\x00\x00\x00\x00\x00\x00\x00\x00\x00\x00"
"\x00\x00\x00\x00\x00\x00\x00\x00\x00\x00\x00\x00\x00\x00\x00\x00\x00\x00\x00\x00\x00\x00\x00\x00\x00"
"\x00\x00\x00\x00\x00\x00\x00\x00\x00\x00\x00\x00\x00\x00\x00\x00\x00\x00\x00\x00\x00\x00\x00\x00\x00"
"\x00\x00\x00\x00\x00\x00\x00\x00\x00\x00\x00\x00\x00\x00\x00\x00\x00\x00\x00\x00\x00\x00\x00\x00\x00"
"\x00\x00\x00\x00\x00\x00\x00\x00\x00\x00\x00\x00\x00\x00\x00\x00\x00\x00\x00\x00\x00\x00\x00\x00\x00"
"\x00\x00\x00\x00\x00\x00\x00\x00\x00\x00\x00\x00\x00\x00\x00\x00\x00\x00\x00\x00\x00\x00\x00\x00\x00"
"\x00\x00\x00\x00\x00\x00\x00\x00\x00\x00\x00\x00\x00\x00\x00\x00\x00\x00\x00\x00\x00\x00\x00\x00\x00"
"\x00\x00\x00\x00\x00\x00\x00\x00\x00\x00\x00\x00\x00\x00\x00\x00\x00\x00\x00\x00\x00\x00\x00\x00\x00"
"\x00\x00\x00\x00\x00\x00\x00\x00\x00\x00\x00\x00\x00\x00\x00\x00\x00\x00\x00\x00\x00\x00\x00\x00\x00"
"\x00\x00\x00\x00\x00\x00\x00\x00\x00\x00\x00\x00\x00\x00\x00\x00\x00\x00\x00\x00\x00\x00\x00\x00\x00"
"\x00\x00\x00\x00\x00\x00\x00\x00\x00\x00\x00\x00\x00\x00\x00\x00\x00\x00\x00\x00\x00\x00\x00\x00\x00"
"\x00\x00\x00\x00\x00\x00\x00\x00\x00\x00\x00\x00\x00\x00\x00\x00\x00\x00\x00\x00\x00\x00\x00\x00\x00"
"\x00\x00\x00\x00\x00\x00\x00\x00\x00\x00\x00\x00\x00\x00\x00\x00\x00\x00\x00\x00\x00\x00\x00\x00\x00"
"\x00\x00\x00\x00\x00\x00\x00\x00\x00\x00\x00\x00\x00\x00\x00\x00\x00\x00\x00\x00\x00\x00\x00\x00\x00"
"\x00\x00\x00\x00\x00\x00\x00\x00\x00\x00\x00\x00\x00\x00\x00\x00\x00\x00\x00\x00\x00\x00\x00\x00\x00"
"\x00\x00\x00\x00\x00\x00\x00\x00\x00\x00\x00\x00\x00\x00\x00\x00\x00\x00\x00\x00\x00\x00\x00\x00\x00"
"\x00\x00\x00\x00\x00\x00\x00\x00\x00\x00\x00\x00\x00\x00\x00\x00\x00\x00\x00\x00\x00\x00\x00\x00\x00"
"\x00\x00\x00\x00\x00\x00\x00\x00\x00\x74\xF7\x04\x5B\x00\x00\x0A\xAB\x49\x44\x41\x54\x78\xDA\xED\x5D"
"\x0D\x77\xA4\x28\x10\xCC\xE2\xED\x61\x0E\x65\xC4\x34\xFF\xFF\xAF\x9E\xCA\x87\x88\x98\xA8\x63\x26\x76"
"\x5E\xD5\x7B\xBB\x99\x71\x12\x47\xCB\xA6\xE9\x2E\x1A\x78\x7B\x03\x00\x00\x00\x00\x00\x00\x00\x00\x00"
"\x00\x00\x00\x00\x00\x00\x00\x00\x00\x00\x00\x00\x00\x00\x00\x00\x00\x00\x00\x00\x00\x00\x00\x00\x00"
"\x00\x00\x00\x00\x00\x00\x00\x00\x00\x00\x00\x00\x00\x00\x00\x00\x00\x00\x00\x00\x00\x00\x00\x00\x00"
"\x00\x00\x00\x00\x00\x00\x00\x00\x00\x00\x00\x00\x00\x00\x00\x00\x00\x00\x00\x80\x97\x41\x0C\xA8\x5E"
"\x06\xF1\xBB\xB8\x93\x4A\x1B\xD3\xD3\x0B\xD1\x9B\x4E\x2B\xF9\x3B\x68\xAC\xB5\x19\xEE\xC8\xDA\xF4\xFE"
"\xDC\x3B\x3B\x61\x79\xBC\xF8\x7B\xC9\xC7\x5B\x7F\x97\xFE\x75\xFC\xC8\xE8\x9A\xBD\xF1\x29\xE3\x6F\xD8"
"\xDF\xF6\x0A\x91\x90\xF2\xFB\x40\x8B\xDD\x89\xE5\xEF\x0F\x1C\x2A\xD6\x66\x58\x9B\xD9\x5C\x66\x0A\x17"
"\x94\xEE\x22\xD0\xD2\xC6\xEB\x4F\x7F\xC7\xD9\xA3\xE1\x6B\x85\x42\x53\xCA\x0B\x2D\xEF\x77\xBC\x49\x5A"
"\x58\xCD\x6C\x37\xD9\x5F\x2C\x79\xA2\xEC\xFF\xC5\xF1\xB5\x2D\x12\x69\xA6\x46\x28\x4D\x6A\x66\x09\x81"
"\x85\x9B\x5C\x90\x9C\xBF\x2F\xFD\x5D\x4A\xE0\x8A\x63\x9B\x5A\xE4\x68\x84\x92\x29\x7F\x29\x13\xB4\xE2"
"\x92\x96\x36\x97\x37\xCA\xCC\x0E\x93\xBF\xB3\x8B\xC7\x51\x3E\x1E\x3B\x93\xE9\x5D\xCF\x90\x41\xD9\xD3"
"\x4C\x04\xBD\x1E\x36\x25\x90\xF8\x31\x58\x99\x85\x75\x99\x56\xD5\xF2\x85\xA8\x55\x6B\x1C\x89\xBE\x2D"
"\x9B\x8A\x59\xFF\xD1\x25\x8D\xCC\xA8\x1F\xB9\x7A\x19\x43\xA8\xF1\x22\x3A\x5E\x3D\x49\x93\x46\x62\x3F"
"\x77\x19\x23\x85\xC1\x97\x36\xAC\x1C\xE0\xDC\x4F\xFC\x6C\x0C\x31\x44\x52\xB1\x2F\xE2\xE4\x06\x1F\xB1"
"\xCB\x6D\x7E\xBE\x2D\x04\x3F\xAC\x19\x25\x20\xB1\xF7\x6B\x7F\xFE\x62\xDA\x18\x16\xF1\x49\x49\x74\x08"
"\x5F\x1E\x37\xF0\xDC\xA2\x0B\x1D\x09\x1B\x13\x94\x5E\x1F\xB1\xF7\x70\x3B\x32\x86\x03\x5C\xBC\x60\x13"
"\x04\x26\x75\x8F\xEB\x51\xA1\x11\x2B\x26\x04\x06\xFD\xCF\x1C\x6B\xC0\xE2\x6B\x54\x55\xF2\x66\xFF\x89"
"\x8D\x4F\x0C\x0D\x93\x24\x24\x34\x99\x23\x3D\x48\xAD\xCD\xC7\x24\x25\x67\xC2\x75\xDF\xF7\x6B\x29\xFB"
"\x63\x3C\x6A\xBA\xDD\x52\x5F\x1B\xFA\x34\x1E\x6D\x58\xD1\x61\x97\x33\x0A\x5F\xB4\x90\x14\x96\xEA\x74"
"\xA6\x83\x85\x63\x7B\x55\x16\x19\xCE\xC6\xA3\x0D\xB7\x21\x83\x3B\x92\xF8\xD9\x85\x88\x12\x55\x98\x28"
"\x44\xD8\x28\xD4\x27\xF2\xCE\xDE\xE0\x58\x18\x77\x1E\xDB\xB2\x20\xD0\x87\x0D\x07\x02\xD7\x36\xEA\x7A"
"\x89\x96\x12\xED\x91\x16\xE3\x1C\xCB\x71\x93\x9D\x6E\x56\xFB\xF3\x74\x3C\xFA\x10\x7F\x87\xC5\xF6\x52"
"\xAB\xBA\x18\x67\x4C\x23\x69\xBD\x31\xFD\xA7\x48\x3F\xA7\xF5\x97\x88\xAD\xF1\x4C\xE5\x59\x67\xD1\x8B"
"\x88\xDE\x5F\x6D\x5D\x0E\xB1\xD7\xD9\xC9\xE8\x34\xA9\xAF\xC5\x31\xC8\x49\x6B\x99\x6D\xAA\x6A\xC6\x91"
"\xD3\xA1\x6B\xA9\x4A\xA9\x91\xBB\xA6\x9E\x83\x24\x53\x85\x46\x26\xCB\x39\xDE\xFA\x03\x7D\x2E\x46\x9B"
"\x02\xE4\xD0\x86\x45\x1B\x9B\xFB\x47\x23\xCA\xB1\xF4\xF0\x59\xC5\x86\x40\x5B\x24\x50\x15\xDB\xF6\x83"
"\x4E\x45\x18\x62\xFC\x22\x6F\x53\xD2\x50\xE2\x2F\xBB\xAA\x9C\x8C\x70\x21\xD0\x3B\xFA\x6A\x2B\x27\xC8"
"\xDB\x76\x77\x4E\x6C\x12\x63\x80\xE8\x08\x94\x66\x1E\x74\x1F\xFF\xE5\x7D\x4B\x94\xD7\x24\x1F\x0B\xB4"
"\x65\x0B\x2C\x39\xC7\xCE\x3E\x49\xA0\xD7\xBF\x07\x0F\xE8\x75\xFC\x3C\x02\xF8\x3D\x04\x16\x65\xA5\x31"
"\xEE\x39\xA1\x35\x0D\xBD\x95\x27\x50\x4D\x71\x62\x3F\x74\x1F\x42\x3A\x2D\x3C\x3B\x9D\x0C\x0D\x9C\x43"
"\x13\x16\x81\xC0\xFA\x10\x81\xF2\x3C\x81\x62\xEA\x8F\x43\x5A\x32\x0D\x07\xDA\x6E\xD5\x79\x4D\xC6\xCF"
"\xA1\x17\x76\xB7\x53\x8E\x03\x5D\x96\x57\x5F\xD4\x89\x8C\xF1\xD2\x48\xC9\x14\xA4\xCC\x27\xC8\xDE\xCE"
"\x0F\xEE\xB0\xBC\xF1\x73\x62\xCC\x6B\x08\xFC\xF0\x04\xB6\x59\xDE\x33\x59\xB4\x2A\x12\xC8\x23\x95\xF3"
"\x0E\xA7\xD9\x20\x90\xD6\x04\xD2\x39\x0B\x24\x47\xE0\x14\x47\x26\x27\x6D\x46\xB2\x9A\xA5\x42\xE9\x52"
"\x45\x1E\xA9\x9C\xF6\x04\xB6\x07\x08\xA4\x67\x08\xEC\x32\x0B\x56\x94\xE7\x3B\x2D\x71\x12\xF5\xF5\xB6"
"\x98\xB0\xD1\x89\x3C\x19\x07\xE6\x16\xB8\x26\x50\xB3\x22\x30\xC8\x59\xDD\x01\x02\xED\x33\x04\x8E\xF6"
"\x95\x12\xA6\x57\xE9\x4E\x90\xCB\x78\xC8\x59\xCA\x6B\x7B\x66\xAB\x09\xAB\x8B\xC3\x98\xC9\xE2\xFA\x2A"
"\xC9\xDB\x72\x8B\xF6\x7A\x20\x13\x41\x55\x79\xE5\xD8\x6C\xC9\x4A\x57\xC7\x81\x55\x9F\x96\x51\x56\x66"
"\xA5\xE6\x0A\x5E\x04\xD6\xAE\x14\xD0\x25\x09\xCB\xD9\x07\xAE\x75\x2B\xFF\x4E\x4A\x37\x23\xE1\x3C\x81"
"\xD6\x7E\x88\xA9\x8F\x88\xB5\xBC\xC2\x57\x15\xAB\x75\x77\x43\x5C\x86\xD6\xE5\xA4\xBF\x4F\x79\x93\x68"
"\xF3\xAA\xBD\xBC\xBE\x7E\xB0\xA1\xC6\xD8\xF3\x71\xA0\x7B\x4A\x7E\x1C\xD0\xE8\xCE\xB8\xA7\x67\xC6\xE2"
"\x2C\xAD\x75\x53\x0B\xA7\x6F\x58\xE2\x53\x1E\x93\x68\x47\x4D\x5E\xFE\x9D\x08\xF2\xF6\xCC\xE8\x46\x31"
"\x8C\x89\x82\x69\x7C\x3C\xBD\xAC\x83\x3E\x63\x1A\x11\x87\xD6\x99\x10\x98\x08\x82\x66\x26\x90\x92\x82"
"\xF0\xFC\x35\x3D\x4B\xA0\x67\x30\x10\x68\xEA\xA4\x28\x6B\x78\x17\x09\xE4\x51\x65\x29\xFC\x90\xD0\xE0"
"\x71\xBA\xE5\x04\x98\xA4\xFE\x7B\x35\xAB\xE6\x29\x3D\x70\x30\xFB\x6E\x1E\x8F\xD2\x75\x17\xA7\xE5\xB8"
"\x32\x7D\xFF\xFA\x83\x49\x91\xA5\xF1\x74\x29\x2F\xE1\xAF\xEA\xEA\x97\xEF\x9F\x68\xC2\xE9\x28\x47\xAD"
"\x7B\x3F\x3B\x49\x68\x4A\x6C\x3C\x3A\x8B\xB5\xCE\x7A\x5F\x02\x5D\xAB\x1D\x7A\x42\xA9\x47\x74\xDD\xE3"
"\x31\xBD\x70\x8E\xC9\x68\x8F\xC7\x78\xBC\x95\x4F\xEB\x81\xE1\xC0\x58\x1D\x1D\xE2\xC2\xC1\xEE\x54\xAD"
"\x74\x3A\xBF\x87\x4B\x69\x47\x24\xB0\xD9\x99\x0B\x5F\x45\x60\xF0\xC1\x93\x25\xF6\xEE\x84\x55\x97\x4C"
"\x9D\xE0\x42\x60\x18\xC6\x6E\x77\xA6\x72\xCF\xE8\x81\x05\x02\x55\xD0\x03\xC5\x9F\x3F\x73\xB9\xFB\x64"
"\x93\xCC\x08\xD4\xA5\x7B\xA3\xEB\x08\xFC\x28\x13\xA8\x7D\xD6\xFB\xCF\xFB\xFB\xFB\x5F\x31\xCB\xF9\x7C"
"\x08\x0C\xF5\x81\x8F\xDD\x16\x78\x5E\x0F\x2C\x10\xE8\xE3\xF2\x3F\xEF\xFF\x0D\xF8\xEB\x05\xDE\xA9\x09"
"\xB7\x4C\x08\x54\x61\x8C\xEC\x47\x08\x0C\x4A\xFF\xDF\x91\xBF\xFF\xFE\x15\x51\x9F\xCC\xF2\x3B\x96\x72"
"\x4C\x59\xD2\xEF\xE8\x8A\x30\x26\x4F\x91\x67\x02\x63\xF8\xC9\x85\x40\xAF\x26\x14\xAC\x63\x93\x40\x7B"
"\x1D\x81\x6F\xC6\x65\x41\x63\x13\x7E\x9F\x9A\x70\xEC\x87\x6B\x36\x04\x6E\x8D\xC2\x7E\x12\xC6\x3C\x21"
"\x67\xED\xEA\x44\x36\x8A\x4D\x6E\xAA\x26\x6C\x12\x68\x5F\x40\x60\x39\x8C\xE1\x44\x60\x15\x86\xB1\x65"
"\x89\xC0\x2B\x07\xD6\x8B\xBD\xB0\x93\x4F\x43\x20\xAD\x93\x64\x92\xCB\x8C\xCD\xD1\x34\x8A\x4C\x5D\x4C"
"\xE0\x46\x1C\xE8\xA3\x4D\xEA\x86\x54\xAE\xED\x13\xFE\x7A\x2E\x13\x36\x85\xF1\x57\xAC\xF6\xFA\xC0\xF3"
"\x72\x56\x91\x94\x59\x8C\x59\x94\xAD\x1B\x36\x33\x5E\xBF\x20\x50\x5D\x16\xC6\x6C\x10\xE8\x15\xEA\xE5"
"\x9A\x0A\x5C\xEA\x12\x22\x81\x25\x35\xC1\xE9\x24\xD7\x0D\xAC\x6F\x35\x4B\xA1\x93\x7A\x41\x63\xBC\xA4"
"\xD5\xB1\x21\xF0\xE1\x9F\xBD\x2E\xF5\xCF\xEB\x96\x74\x3D\x81\x6E\xC5\x1A\x3F\xE4\x32\x0D\xCC\xB0\x9A"
"\x6C\xE8\x46\xB6\x8B\xC9\xFB\x70\x5F\xEB\xD9\x31\xA7\x7D\xE0\xA7\x65\xE3\xF3\xA0\x92\xB6\xDC\x08\x6C"
"\xBD\xA6\x5F\x68\x33\xA2\x10\x4A\x5C\x1C\x07\xBE\x95\x1E\x10\x9F\xBA\x04\xEF\xEA\x8E\x4C\xCB\xB8\x38"
"\x0E\x2C\xCB\x33\x8C\x52\xE1\x50\x72\xFB\xED\x04\x7E\x1C\x21\x90\x38\x11\x58\xFB\xF8\x6B\x67\xE4\x7A"
"\x5A\x91\xA6\x5D\x04\x32\xAB\x4B\xF0\x9D\xAD\x9B\x27\xB8\x2F\x77\xBA\x3C\x0E\x2C\x64\x96\xBC\x96\xED"
"\x90\xC7\xE6\xE7\x9E\x1E\x54\xDA\x67\xE4\x15\x31\x9B\xF1\xEF\x6A\x51\x0E\x5C\xB2\x3E\xD7\x45\xD6\x3B"
"\xAB\x9E\x99\xD5\x25\x4C\x04\xF6\xB4\x3D\xDF\xB0\xD0\xE7\x4C\x99\x42\x73\x70\x79\x2C\x65\x76\xC6\x76"
"\x35\xB3\xBA\x84\xB7\xC3\xF5\x78\xE3\x40\xEE\x99\x05\xDE\x76\xAE\x05\xC3\x6A\xAE\x6B\x08\x1C\x8E\x15"
"\x34\xAA\x75\x05\x4D\xFA\x7E\x9E\x70\x9D\x2E\x02\x40\xEB\xF9\x34\x9F\x44\xA5\x7C\x96\x9C\xF0\xFD\xAA"
"\xBB\xD5\xBD\x0B\x3F\xE9\x05\x81\x64\x57\x53\xFB\x29\x9F\xB8\xEE\xA4\xAA\x5D\x8B\xDA\x35\x0C\x09\xD4"
"\x47\xD7\xED\x50\xC9\x7C\xFF\xEC\x67\xBA\x9A\x67\xBA\x12\xE8\x98\x6B\xEF\xEA\x16\xF8\x69\x09\x33\x81"
"\xFB\xAF\xB9\x1A\xD7\xEA\x3E\x84\xAE\x95\xC7\xCC\x9B\x13\x81\x8D\xB7\xA0\x5B\x28\x70\x9D\x77\x0A\x9C"
"\x16\x10\xF4\xB5\x09\xF7\x70\x3B\x9B\xFA\xF8\xAD\x09\xB4\xF7\xF1\xDB\xC6\xD7\xC4\x72\x22\x30\x94\x2C"
"\xCF\x89\x96\x6A\x53\x34\x97\x67\x55\x55\x21\xD4\x16\x51\xF5\x22\x62\x54\x97\x50\xCC\x9E\x9A\x79\x35"
"\x22\xFA\x86\x09\x07\xA2\x2B\x6E\xE9\x30\x51\xF6\xD9\x04\x70\x3E\x04\x2E\x16\x85\xB8\x7E\xCE\x90\x4C"
"\xA6\x4D\x24\x95\xEB\x9A\xA9\x96\x50\x58\xFA\xA4\x59\xAC\x80\x7F\x79\x95\x85\x30\xC5\x5C\xAF\x9E\x1F"
"\x26\xA3\xBA\x84\xA8\x34\x2D\x9A\x8D\x6A\xA7\xB2\x72\xF7\xBF\x6E\xAF\xB6\x06\x51\x92\x1B\xAA\x20\xDA"
"\xB8\x87\xC6\x6A\x21\x69\x3F\x32\x7C\x87\x9E\x4F\xF9\x2A\x05\xC3\x91\x40\x7B\x1F\x02\x59\xA5\xC2\x2E"
"\xFA\x1F\xDD\xFA\x0D\xA2\xFF\xE6\x4E\x31\xE9\x91\x64\x98\x5E\xBB\xE2\x61\x61\x7D\xB7\xA0\x25\x30\x5B"
"\x04\x79\x26\xD0\xBE\x6C\x62\x81\x08\x4A\x44\x6F\xA6\x25\x06\xFD\x6B\x19\x84\x0D\x4E\x73\x1C\xFC\x63"
"\xF7\xBA\x53\x50\x13\x44\xDB\x75\x0F\x3D\xE3\xE2\xA0\x56\xE6\x2B\x5F\xBA\x9F\xDA\x7B\x93\x8D\x69\x3F"
"\xB7\x4E\x86\x7D\xBC\x67\x12\x42\x13\x45\xEF\xEA\x38\xB0\xEA\xD3\x89\x9F\x51\x8A\x55\x73\x7F\xC6\x4B"
"\x4B\x58\x8F\x43\x98\x79\x75\x3F\xFA\x8E\xDB\x91\xAA\x80\xFA\x8D\x2F\x81\xB9\x9A\xA0\x32\xDB\x78\xDD"
"\x06\x33\xD3\xF0\x3B\xB7\x54\xB8\x90\x0C\x67\x26\xF2\xBA\xB4\x4A\xF0\x5A\x84\x3B\x21\xD0\xB5\xD5\xEA"
"\xE7\xAF\xE4\x4E\x1B\x23\x1C\x50\x13\xBC\xB3\x93\x77\x20\x90\xC8\xF2\xD2\x12\x9C\x08\x77\x4C\xC5\xF4"
"\x81\xEF\x1C\x04\xCF\xA1\xB0\x48\x3E\x4B\x8F\x67\x6E\x57\x77\x29\x9A\xE8\x8D\x69\x5E\xC5\x86\x57\x32"
"\x4C\xE5\x59\xEB\x65\x3B\xD1\xA6\x0F\xB1\x70\x78\x51\x38\x92\x1C\xCF\x05\x1D\xA7\x68\xD9\x55\xCD\x42"
"\x10\xD2\x78\x65\x72\x21\xFE\xDF\x59\x19\x2F\x35\xE5\xDB\x11\xC6\xB5\xF4\x97\xBB\x23\xDA\x64\x97\x5C"
"\xBD\xA4\xD0\x10\x2D\x56\x8E\xAF\x43\x56\x4E\x07\x17\xA6\xBF\x07\x1A\xBB\xBB\x24\x4A\xEA\x74\xF3\xE0"
"\x7C\xFF\xE1\xEC\xE7\x62\xF9\xA3\x05\x85\x72\x31\xEA\xD2\xAA\xE0\x8C\xEF\x23\xAC\x1D\x4E\xAE\x76\x5D"
"\xB8\xB7\xBE\xC2\x0E\xC2\xB4\xB5\x01\x71\xF2\x5A\x7F\xD5\x49\x29\x8E\x82\x7E\xE2\x92\xBE\xD2\x31\xA5"
"\x26\xFA\x74\xBF\xE0\x65\x31\x47\xBE\x8F\x30\x7D\x45\xA1\x08\xC2\xA4\x61\xB7\x45\xAE\xF6\xC3\x3C\x9F"
"\x15\x04\x38\xEB\xA3\xD4\xD5\x6D\xEF\x17\x9C\x1E\x88\xED\xD8\xAE\x7D\x61\x51\x0C\xB4\xDC\x5C\x60\x52"
"\xE6\xBB\xD9\x78\xA4\xA6\x74\x29\xA8\x32\x51\x9B\x04\xEE\x6A\xC8\x32\x1A\x2A\xC3\xFD\x71\xC3\x7A\x2D"
"\x1B\x1B\xF7\x4C\xF4\x91\x4D\x2C\x90\xD6\xDB\xCE\x6F\x54\x55\xD2\x6A\x37\xEB\x32\x85\x32\x6A\x18\x1D"
"\x3F\xFE\xE2\xEA\xE1\xC5\xAD\x8F\xA2\xEF\x9B\x77\xAD\x69\xEB\x03\x68\x57\xED\xBB\x40\xA1\x34\x91\x71"
"\x96\xFB\xAC\xEB\x79\xC1\xC0\x6C\xFF\xAD\x39\x70\x89\x04\xB6\x07\x33\x2D\xD9\x92\x9D\x37\xBE\x2F\xF9"
"\x42\xA1\xA2\x89\x93\xE6\xC8\x5F\x4C\xE3\xB3\x2D\x86\x2B\xA5\xF3\xBD\xBA\x0E\xD3\x37\x9D\xA7\x25\xCA"
"\x02\x48\x9D\x7E\x8B\x99\x3D\x6C\xCF\x72\x8F\xF5\x79\x44\xD6\x4F\x77\xD6\x8D\x52\xAD\x36\xAB\x9A\xD3"
"\x53\xF4\x25\x14\x2E\xA2\x6D\xA3\x5B\xA5\x1A\xB7\x4C\x5C\xFC\x12\xF5\xC6\x14\xED\x72\xC6\x38\x25\x71"
"\xDD\xBC\x7A\xE5\x33\x55\x0A\x55\x4B\xAB\xA0\x27\xEF\xC3\xB9\x8D\x86\xAC\xDD\x60\x4C\x72\xD7\x41\x1D"
"\x9D\xB6\xBE\x94\xC2\x3C\x5A\xA4\x94\x45\xCB\xD4\x01\x46\x1B\x5C\xA7\x5F\x89\xB1\xB4\x17\x88\x74\x55"
"\x4B\xE9\x99\x29\x46\x95\xF7\xD9\xE2\xF8\x39\x3F\x68\x83\x45\xC4\x44\x8C\x2E\xA4\x6F\xB6\x42\x5A\x05"
"\x46\x44\x9C\xFD\x5F\xEC\x8B\xBB\xCC\xF9\x85\x8D\x1E\xAF\xAC\xD0\xAA\xD2\xA0\x26\x1D\xBC\xEA\xE4\x1B"
"\x7F\x4C\x4B\x3A\x67\x05\x96\x7D\x7B\xB1\xC2\x5E\xB5\xFD\x4A\xCF\x71\x6B\x9B\xFF\x06\xD4\x7A\x51\xA1"
"\x6A\xB4\xFA\x06\x6D\x44\x28\x6D\x52\x57\x6B\xF4\x6F\xA1\x6F\xBA\x3B\x39\x84\x80\xE3\x50\xC5\x10\xA6"
"\x49\xF1\x8D\xDF\xD2\x7C\xFF\xB7\x00\x00\x00\x00\x00\x00\x00\x00\x00\x00\x00\x00\x00\x00\x00\x00\x00"
"\x00\x00\x00\x00\x00\x00\x00\x00\x00\x00\x00\x00\x00\x00\x00\x00\x00\x00\x00\x7C\x07\xFE\x07\xE9\x1D"
"\xF5\xAF\x60\xC4\x6E\xCE\x00\x00\x00\x00\x49\x45\x4E\x44\xAE\x42\x60\x82"
}
};

static const binfile_t background_gw = {"background_gw.png", 2495, {
"\x89\x50\x4E\x47\x0D\x0A\x1A\x0A\x00\x00\x00\x0D\x49\x48\x44\x52\x00\x00\x01\x40\x00\x00\x00\xF0\x08"
"\x03\x00\x00\x00\x46\xF3\x4D\x59\x00\x00\x03\x00\x50\x4C\x54\x45\xFB\xF8\xF1\xFA\xF7\xF1\xFB\xF7\xEE"
"\xF9\xF6\xF0\xFB\xF5\xE9\xFB\xF5\xE7\xFB\xF4\xE6\xFB\xF4\xE4\xF7\xF5\xEE\xFB\xF3\xE3\xF6\xF3\xED\xFB"
"\xF1\xDE\xF4\xF2\xEC\xF2\xF0\xEB\xFB\xEF\xD8\xF1\xEF\xE9\xE8\xE7\xE3\xE1\xE0\xDE\x00\x00\x00\x00\x00"
"\x00\x00\x00\x00\x00\x00\x00\x00\x00\x00\x00\x00\x00\x00\x00\x00\x00\x00\x00\x00\x00\x00\x00\x00\x00"
"\x00\x00\x00\x00\x00\x00\x00\x00\x00\x00\x00\x00\x00\x00\x00\x00\x00\x00\x00\x00\x00\x00\x00\x00\x00"
"\x00\x00\x00\x00\x00\x00\x00\x00\x00\x00\x00\x00\x00\x00\x00\x00\x00\x00\x00\x00\x00\x00\x00\x00\x00"
"\x00\x00\x00\x00\x00\x00\x00\x00\x00\x00\x00\x00\x00\x00\x00\x00\x00\x00\x00\x00\x00\x00\x00\x00\x00"
"\x00\x00\x00\x00\x00\x00\x00\x00\x00\x00\x00\x00\x00\x00\x00\x00\x00\x00\x00\x00\x00\x00\x00\x00\x00"
"\x00\x00\x00\x00\x00\x00\x00\x00\x00\x00\x00\x00\x00\x00\x00\x00\x00\x00\x00\x00\x00\x00\x00\x00\x00"
"\x00\x00\x00\x00\x00\x00\x00\x00\x00\x00\x00\x00\x00\x00\x00\x00\x00\x00\x00\x00\x00\x00\x00\x00\x00"
"\x00\x00\x00\x00\x00\x00\x00\x00\x00\x00\x00\x00\x00\x00\x00\x00\x00\x00\x00\x00\x00\x00\x00\x00\x00"
"\x00\x00\x00\x00\x00\x00\x00\x00\x00\x00\x00\x00\x00\x00\x00\x00\x00\x00\x00\x00\x00\x00\x00\x00\x00"
"\x00\x00\x00\x00\x00\x00\x00\x00\x00\x00\x00\x00\x00\x00\x00\x00\x00\x00\x00\x00\x00\x00\x00\x00\x00"
"\x00\x00\x00\x00\x00\x00\x00\x00\x00\x00\x00\x00\x00\x00\x00\x00\x00\x00\x00\x00\x00\x00\x00\x00\x00"
"\x00\x00\x00\x00\x00\x00\x00\x00\x00\x00\x00\x00\x00\x00\x00\x00\x00\x00\x00\x00\x00\x00\x00\x00\x00"
"\x00\x00\x00\x00\x00\x00\x00\x00\x00\x00\x00\x00\x00\x00\x00\x00\x00\x00\x00\x00\x00\x00\x00\x00\x00"
"\x00\x00\x00\x00\x00\x00\x00\x00\x00\x00\x00\x00\x00\x00\x00\x00\x00\x00\x00\x00\x00\x00\x00\x00\x00"
"\x00\x00\x00\x00\x00\x00\x00\x00\x00\x00\x00\x00\x00\x00\x00\x00\x00\x00\x00\x00\x00\x00\x00\x00\x00"
"\x00\x00\x00\x00\x00\x00\x00\x00\x00\x00\x00\x00\x00\x00\x00\x00\x00\x00\x00\x00\x00\x00\x00\x00\x00"
"\x00\x00\x00\x00\x00\x00\x00\x00\x00\x00\x00\x00\x00\x00\x00\x00\x00\x00\x00\x00\x00\x00\x00\x00\x00"
"\x00\x00\x00\x00\x00\x00\x00\x00\x00\x00\x00\x00\x00\x00\x00\x00\x00\x00\x00\x00\x00\x00\x00\x00\x00"
"\x00\x00\x00\x00\x00\x00\x00\x00\x00\x00\x00\x00\x00\x00\x00\x00\x00\x00\x00\x00\x00\x00\x00\x00\x00"
"\x00\x00\x00\x00\x00\x00\x00\x00\x00\x00\x00\x00\x00\x00\x00\x00\x00\x00\x00\x00\x00\x00\x00\x00\x00"
"\x00\x00\x00\x00\x00\x00\x00\x00\x00\x00\x00\x00\x00\x00\x00\x00\x00\x00\x00\x00\x00\x00\x00\x00\x00"
"\x00\x00\x00\x00\x00\x00\x00\x00\x00\x00\x00\x00\x00\x00\x00\x00\x00\x00\x00\x00\x00\x00\x00\x00\x00"
"\x00\x00\x00\x00\x00\x00\x00\x00\x00\x00\x00\x00\x00\x00\x00\x00\x00\x00\x00\x00\x00\x00\x00\x00\x00"
"\x00\x00\x00\x00\x00\x00\x00\x00\x00\x00\x00\x00\x00\x00\x00\x00\x00\x00\x00\x00\x00\x00\x00\x00\x00"
"\x00\x00\x00\x00\x00\x00\x00\x00\x00\x00\x00\x00\x00\x00\x00\x00\x00\x00\x00\x00\x00\x00\x00\x00\x00"
"\x00\x00\x00\x00\x00\x00\x00\x00\x00\x00\x00\x00\x00\x00\x00\x00\x00\x00\x00\x00\x00\x00\x00\x00\x00"
"\x00\x00\x00\x00\x00\x00\x00\x00\x00\x00\x00\x00\x00\x00\x00\x00\x00\x00\x00\x00\x00\x00\x00\x00\x00"
"\x00\x00\x00\x00\x00\x00\x00\x00\x00\x00\x00\x00\x00\x00\x00\x00\x00\x00\x00\x00\x00\x00\x00\x00\x00"
"\x00\x00\x00\x00\x00\x00\x00\x00\x00\x2F\xBC\x49\xA4\x00\x00\x06\x7A\x49\x44\x41\x54\x78\xDA\xED\x9D"
"\x8B\x76\xA2\x3A\x14\x40\x0B\xC1\x8A\x30\x4C\xD2\xFF\xFF\xD9\x11\xF2\x3A\x01\xB4\x58\x6F\x2F\x24\xEC"
"\xBD\xD6\xB4\x15\x1D\x1F\xDB\x9C\x3C\x4E\x42\xF8\xF8\x00\x00\x00\x00\x00\x00\x00\x00\x00\x00\x00\x00"
"\x00\x00\x00\x00\x00\x00\x00\x00\x00\x00\x00\x00\x00\x00\x00\x00\x00\x00\x00\x00\x00\x00\x00\x00\x00"
"\x00\x00\x00\x00\x00\x00\x00\x00\x00\x00\x00\x00\x00\x00\x00\x00\x00\x00\x00\x00\x00\xF8\x2D\xAA\xDD"
"\x28\x40\x9E\x1A\xB4\xD9\x11\xFD\x47\x65\xAD\xAF\xD3\xE6\x6B\x67\x8C\xEE\xB2\x2D\x88\xED\xEE\xF6\x9C"
"\xC3\x36\x4F\x7F\xC3\x41\xFC\xDD\x0D\x0E\x39\xB6\x1C\xFA\xEB\x40\xE8\x0A\x7F\x27\x33\x78\x30\x7F\x77"
"\x83\x99\x35\xBF\x5F\x87\xA3\xCB\x2A\x80\x4D\xD2\x91\xD8\x8D\xE4\x6D\x54\x79\x06\xB0\x6E\x77\x7C\xE3"
"\x55\xAB\xB3\x0C\xE2\x58\x00\xF7\xEF\x40\xC4\xCE\x54\x46\x45\xB0\x3B\x52\xC5\xD3\x65\x58\x0B\xEA\x43"
"\x45\x8D\xCE\x2E\x86\x43\x04\x1F\x23\x68\x0E\xF6\x76\xB6\x8C\x81\x5F\xFD\xCA\x55\xFB\x23\x54\xF5\x62"
"\x11\xCC\x25\x33\xD3\xBD\x54\xE9\x54\x83\xF9\xE1\xA0\xD9\x98\xA1\xFA\xEF\xDF\xCF\x01\xF8\xF3\xCA\x37"
"\xAE\xDE\x4A\x39\x98\x4D\x2F\x91\x9B\xC0\xE1\x85\x4F\xA7\xDE\x4C\xD9\xBC\xF4\x1A\x43\x81\x02\xF5\xFF"
"\x30\xC6\x2D\x59\x60\xEB\x6B\xB3\x9F\x60\xFF\xAF\xC8\x96\x56\xAA\xED\x56\x9A\x96\x92\x04\xCE\xE7\x79"
"\x6C\x01\x1C\xD4\x8F\x18\xD2\x22\xA8\xF4\xE4\xD4\x18\xAD\x4A\x15\x38\x7E\x44\xBD\x14\xA8\xEB\xBA\x5E"
"\x13\xE4\x0F\x4F\xBF\xEA\xF0\xD7\x78\xDC\xDE\xA1\xA5\x40\x91\x00\x37\x69\xF6\xAF\x1C\x81\x66\xF1\x29"
"\xA6\x23\xDA\xF9\x92\xD2\x84\xA6\xA5\x56\x7F\x7C\x12\x68\xD6\x12\xB8\x89\xC1\x62\x04\xDA\xEE\x84\xF9"
"\x4E\xA0\x2B\x6F\x51\x54\x2A\x72\x5D\xA0\x7E\x92\x81\xCE\x56\xE0\xBC\x1F\xD8\x3E\x15\x58\x07\xAC\x32"
"\x67\xB2\xF6\xF7\x78\x75\xE2\xF8\x10\x9E\x2F\x7C\x67\xA1\x53\xAE\x0B\x2C\x81\x1B\x05\x06\x6D\xCD\xF5"
"\xD6\xDF\xB9\x5D\x9B\x70\x38\x15\x18\x4A\xA0\x1B\xEE\x9A\xAE\xAA\xAA\xCE\xCC\x5F\xBC\x78\x81\x43\xDA"
"\x40\xD8\xBF\x9B\x5B\xFF\x37\xD0\xDF\x1A\x95\x3E\x26\x2D\x81\x43\x12\xB6\x3A\x29\x82\xD5\x39\x04\xFA"
"\x9A\xCD\xFF\xBC\xFD\x9D\x71\x7B\x26\xD0\xA4\xC9\x16\x2D\x6E\x56\xA7\x10\x58\xCF\xEA\xB9\xA6\xFF\xBB"
"\xA0\x6F\x64\xE3\x32\x49\xF4\x02\x6D\x04\x77\xB3\xEC\x81\x3A\x55\x08\xFB\xFA\x6F\xFA\x71\x09\x91\x7B"
"\xB9\x13\x62\xF9\xA2\xC2\x23\x6C\xA8\x7B\x81\xED\xEC\xD5\x66\x42\xCF\x24\x70\x0A\x51\xE7\x6F\xAC\xF7"
"\x9A\xBE\x6F\xC6\xFA\xD0\x1B\x4C\x7B\x87\x3A\x11\x58\xCD\x9E\xF6\xB4\x02\x9B\x18\xB1\xEA\x5E\xF8\xFA"
"\xF1\xB7\x8B\xE9\x46\x45\xCD\x0B\x81\xE5\x95\xC0\xAF\xED\x02\x7D\x13\xE2\xA4\xB9\x36\xC3\xBA\xB4\x0D"
"\xF0\x54\x08\x7B\x25\x55\x87\x3A\x50\xCD\xEA\xC0\x36\xCD\x32\x9C\xA1\x04\x8A\xC0\xBC\x45\x7F\x52\xA0"
"\x3F\x5E\xAF\x08\x7C\xD6\x0A\x97\x20\xD0\x7D\x92\x6A\x2E\xB0\x12\xAD\x70\x18\x6F\x34\xBE\xA4\xCD\x05"
"\xDA\x92\xD9\xA8\x38\xBC\xDB\xD6\x0F\x2C\x47\xE0\xC7\x63\x81\x62\x8C\x7B\xF3\x9A\xA6\xEE\x8C\x74\xD6"
"\x88\xA2\x69\x75\x0F\xAB\x23\x11\x3D\x5F\x55\x79\x86\x7E\x60\x1D\x52\x06\xBD\xB5\xE4\xFA\x83\x93\x40"
"\xD9\xB9\xEE\xE5\xB0\xAF\xF8\xB1\x70\xBB\xB6\xD4\xC7\x2C\x0E\x49\x81\xBE\xCC\x25\x02\x9D\xB2\x26\x16"
"\x4E\x1B\xEE\x43\xE9\xD9\x98\x8D\x13\x46\x5A\x8C\xD1\xAE\x63\x29\x0B\xA3\x12\x5F\x02\x9D\xB0\xB1\x74"
"\x5E\x45\x82\xAB\xF4\x7C\xE0\xE6\x79\x21\xD7\x81\x19\x25\x8D\x61\x7A\x7B\x24\xF0\x96\x8E\x89\xA5\xC0"
"\x71\x7A\xB9\xB8\x8C\xF4\x4B\x02\x5D\x67\x7A\x2C\x64\x9F\x21\x95\x1F\x03\x7A\x3A\x60\x8B\xA7\x0B\xE1"
"\x24\x1F\x28\xE6\x44\xBE\xCA\x99\x13\x79\x55\xA0\x72\x02\x2F\xA9\xC0\xFE\xE2\x7A\xD8\xD3\x18\xAF\x17"
"\xA9\x55\x3D\x6B\x94\x2A\xD5\x75\x5D\x5B\xD0\xAC\xDC\xC6\x49\xDF\x61\x2E\x30\xA6\x54\x45\x22\xC6\x0B"
"\x5C\x4B\x67\x2D\x94\xB5\x51\x64\xD6\xE9\xAC\xF6\x8F\xA3\x1B\x71\x1D\xB4\xC1\x1D\x1A\x0F\x8A\xB1\xB0"
"\x2D\x73\xBE\x9D\x70\x3E\x3F\x65\x36\x70\xA3\x40\xBF\xD8\xC6\xE8\xF6\x34\xF9\xC0\x58\x07\xFA\x76\xC2"
"\xDF\xF6\x99\xC1\x31\x8E\x55\x68\x61\x66\xF9\xC0\x84\xCE\xCC\x1B\xE3\x53\x74\xA4\xBD\xB0\x6B\x48\x19"
"\xF8\xD6\xF6\xD2\x87\x42\x38\x15\xCF\x95\x7C\xA0\x44\x2F\x97\xCE\x9C\x63\x24\x22\x73\x59\x8D\x4C\x5A"
"\x85\xF4\x7E\x13\xBB\xD5\xCB\x69\xCD\x47\x0D\xD8\xF8\x1E\x4E\x23\x30\x0E\xE5\x6C\x72\x3A\x8C\x7A\x6D"
"\x42\xB5\xB9\x25\xA5\x73\x55\xA0\x3F\xBF\x31\x19\xD2\x9D\x21\x1F\x38\x4F\x26\xC8\x29\xF5\xF1\x8E\x7B"
"\x1C\x5F\x43\x32\xA1\x5E\xEF\x07\x8A\xA4\xC2\xA0\xAA\x70\x86\x43\x77\x9E\x69\xCD\x18\xC3\xBD\x52\xC9"
"\x34\xE6\xF4\xAF\x4F\x87\xC2\x6B\x02\xBB\x64\x2D\xB4\xBB\x75\x96\x89\x75\x1F\xC4\x32\xA1\x2A\xEB\x42"
"\x7B\x5C\x4E\xBE\x2F\x05\x6A\xF7\xB2\xEA\xDA\xDF\x9A\x70\xF3\x2C\x02\x95\xAD\xF7\x6A\x91\xD2\x17\x02"
"\x5D\x4A\x5F\x2E\xFF\x58\x0A\xB4\x4F\xF7\x61\x0B\xEB\xC5\xCF\x8D\x94\x1F\xC2\x89\xAC\x3A\x4E\x2A\xD5"
"\xBE\xCB\x1C\x27\x95\x84\xD4\x7A\xD1\x8D\xF1\x93\x49\xEE\x19\x94\xFF\x7E\x4E\x26\xB0\x8E\xD3\x9A\xAE"
"\xF6\xF3\xD3\x9A\x9F\xE1\x71\xEA\x89\xC0\xF6\xE3\x6A\x1F\xAE\xDC\xF2\xC3\x93\x74\xA4\xC5\x6C\xD1\x83"
"\x89\xF5\xCF\xD0\x28\x3F\xE8\xC6\x9C\xB6\x04\xCA\x65\x09\x32\x62\x67\x4B\x3B\x66\xEB\x53\x57\xFA\x81"
"\x49\x1D\xD8\xF8\xE9\xCE\x13\xAC\x0F\x8C\x4B\x8B\x92\x36\x77\xB6\xB8\xE8\xC9\xFA\xC0\x27\xAD\xF0\x57"
"\x39\xAD\xB0\x32\x8B\xF3\x12\x4C\xBA\x46\x5A\xB4\xBA\x2B\xCB\xDB\xBE\x17\xD8\x25\xAF\x3B\x94\xD6\x0F"
"\x9C\x4A\x84\xE9\xD6\x42\x78\xBE\xAE\xDC\x66\x62\x92\x05\x96\x71\x78\xF7\xB8\x23\xFD\x51\xF6\x48\x64"
"\xCC\xD4\xE9\x74\x13\x9C\x99\xC0\x3A\x11\xA8\x44\x60\xA7\xE9\x85\x87\xF9\xC0\xB2\xC6\xC2\x1B\x4E\xB4"
"\x91\xE9\xAC\x70\x32\x83\xED\x52\xCF\x94\xC5\x42\xAA\x9E\xE5\x03\x8B\xCE\xC6\x3C\x17\x58\x2F\x04\xAA"
"\x95\x75\xFA\x62\x1C\xB2\x9E\x0F\x1C\x0A\xCE\x07\x3E\x12\xA8\x93\x53\x68\xE4\xDA\x7C\x91\x50\x58\x3B"
"\x7B\x44\x7F\x93\x91\x36\x85\x65\xA4\x37\x0A\x0C\x09\x7E\x95\x9C\x3F\xB2\x4C\x2F\xAC\x0B\xF4\x73\x22"
"\x26\xD4\xB7\xC5\xF4\x03\x57\xF0\xF9\x12\x15\xFB\xD1\xF2\xCC\x10\x55\xCB\x26\x44\x2C\xE2\xB2\x7F\x9B"
"\x47\xA7\x6B\x56\x6D\xD7\xA9\x72\x96\xB7\x7D\xFB\x50\x3F\x51\xF7\x1A\x83\xDE\x68\x25\x77\x81\xD5\x96"
"\xCF\xF6\x9B\x67\x5C\x73\xC2\xF5\x3B\x27\x5C\x97\x34\x2F\xBC\xFA\xF9\xDE\x34\xB8\x65\x5B\xBB\xA2\x05"
"\xDE\x0D\xBE\x11\xC5\x66\xD3\xB6\x80\x65\x0B\x1C\x57\x55\xFD\x70\xA3\x5F\xAD\x37\xBE\x40\x6E\x02\xC3"
"\x3E\x2D\x07\xD9\xFC\xB5\xCD\x6D\xDB\x93\x97\x77\x2E\xFA\x65\xF4\xC1\xBE\xD0\xEF\xAB\x35\xF6\xCE\x7A"
"\x93\xD0\x2C\x1C\xA2\xD2\x89\x4B\xB6\x73\xF1\x27\xDE\xF2\x01\x82\x26\x6E\x07\x9E\xCF\x16\x96\x71\x7C"
"\xB1\xBF\xC1\xE8\xCF\x64\xB4\xAD\xBE\x16\x9B\x88\xEF\x5A\xF1\xC8\xB5\xFB\x39\x6D\x84\x2C\x77\xD1\x37"
"\xBA\xEB\xDA\x5D\xE8\x92\x6B\x21\x98\xAC\xAE\xEB\x70\xB8\x7D\xB8\x73\xDB\x89\xBB\x3A\xDE\x4E\xE6\x99"
"\xED\x05\xAF\xCC\xB1\xFC\x99\xEC\x2E\xCC\x72\x2C\x83\x26\xC3\x0B\xDB\x1C\x29\x8A\x75\x96\x17\xB5\xA9"
"\x8E\x72\x45\x96\x9D\xBB\x52\xEF\x84\xB1\x3E\x80\x42\xA3\x73\xBE\x2E\x55\xD5\x69\xB3\xA3\x44\x93\xF3"
"\x25\xA9\x82\x43\xD5\xEE\x86\x2A\xE1\xCA\x72\x00\x00\x00\x00\x00\x00\x00\x00\x00\x00\x00\x00\x00\x00"
"\x00\x00\x00\x00\x00\x00\x00\x00\x00\x00\x00\x00\x00\x00\x00\x00\x00\x00\x00\x00\x00\x70\x18\xFE\x01"
"\x5C\x78\xBD\x8B\xBB\xD7\xB7\xB7\x00\x00\x00\x00\x49\x45\x4E\x44\xAE\x42\x60\x82"
}
};

static const binfile_t background_lnx = {"background_lnx.png", 2985, {
"\x89\x50\x4E\x47\x0D\x0A\x1A\x0A\x00\x00\x00\x0D\x49\x48\x44\x52\x00\x00\x01\x40\x00\x00\x00\xF0\x08"
"\x03\x00\x00\x00\x46\xF3\x4D\x59\x00\x00\x03\x00\x50\x4C\x54\x45\xFB\xF8\xF1\xFB\xF6\xEB\xF8\xF6\xEF"
"\xFB\xF4\xE6\xFB\xF4\xE5\xF7\xF4\xEE\xF6\xF4\xEE\xFB\xF3\xE3\xFB\xF1\xDD\xF4\xF2\xEC\xF4\xF1\xEC\xF2"
"\xF0\xEA\xFB\xEF\xD9\xFB\xEF\xD8\xEF\xED\xE8\xEE\xEC\xE7\xED\xEB\xE6\xE9\xE8\xE4\xE7\xE6\xE3\xE4\xE4"
"\xE0\xE4\xE3\xE0\xE2\xE2\xDF\xE0\xE0\xDD\x00\x00\x00\x00\x00\x00\x00\x00\x00\x00\x00\x00\x00\x00\x00"
"\x00\x00\x00\x00\x00\x00\x00\x00\x00\x00\x00\x00\x00\x00\x00\x00\x00\x00\x00\x00\x00\x00\x00\x00\x00"
"\x00\x00\x00\x00\x00\x00\x00\x00\x00\x00\x00\x00\x00\x00\x00\x00\x00\x00\x00\x00\x00\x00\x00\x00\x00"
"\x00\x00\x00\x00\x00\x00\x00\x00\x00\x00\x00\x00\x00\x00\x00\x00\x00\x00\x00\x00\x00\x00\x00\x00\x00"
"\x00\x00\x00\x00\x00\x00\x00\x00\x00\x00\x00\x00\x00\x00\x00\x00\x00\x00\x00\x00\x00\x00\x00\x00\x00"
"\x00\x00\x00\x00\x00\x00\x00\x00\x00\x00\x00\x00\x00\x00\x00\x00\x00\x00\x00\x00\x00\x00\x00\x00\x00"
"\x00\x00\x00\x00\x00\x00\x00\x00\x00\x00\x00\x00\x00\x00\x00\x00\x00\x00\x00\x00\x00\x00\x00\x00\x00"
"\x00\x00\x00\x00\x00\x00\x00\x00\x00\x00\x00\x00\x00\x00\x00\x00\x00\x00\x00\x00\x00\x00\x00\x00\x00"
"\x00\x00\x00\x00\x00\x00\x00\x00\x00\x00\x00\x00\x00\x00\x00\x00\x00\x00\x00\x00\x00\x00\x00\x00\x00"
"\x00\x00\x00\x00\x00\x00\x00\x00\x00\x00\x00\x00\x00\x00\x00\x00\x00\x00\x00\x00\x00\x00\x00\x00\x00"
"\x00\x00\x00\x00\x00\x00\x00\x00\x00\x00\x00\x00\x00\x00\x00\x00\x00\x00\x00\x00\x00\x00\x00\x00\x00"
"\x00\x00\x00\x00\x00\x00\x00\x00\x00\x00\x00\x00\x00\x00\x00\x00\x00\x00\x00\x00\x00\x00\x00\x00\x00"
"\x00\x00\x00\x00\x00\x00\x00\x00\x00\x00\x00\x00\x00\x00\x00\x00\x00\x00\x00\x00\x00\x00\x00\x00\x00"
"\x00\x00\x00\x00\x00\x00\x00\x00\x00\x00\x00\x00\x00\x00\x00\x00\x00\x00\x00\x00\x00\x00\x00\x00\x00"
"\x00\x00\x00\x00\x00\x00\x00\x00\x00\x00\x00\x00\x00\x00\x00\x00\x00\x00\x00\x00\x00\x00\x00\x00\x00"
"\x00\x00\x00\x00\x00\x00\x00\x00\x00\x00\x00\x00\x00\x00\x00\x00\x00\x00\x00\x00\x00\x00\x00\x00\x00"
"\x00\x00\x00\x00\x00\x00\x00\x00\x00\x00\x00\x00\x00\x00\x00\x00\x00\x00\x00\x00\x00\x00\x00\x00\x00"
"\x00\x00\x00\x00\x00\x00\x00\x00\x00\x00\x00\x00\x00\x00\x00\x00\x00\x00\x00\x00\x00\x00\x00\x00\x00"
"\x00\x00\x00\x00\x00\x00\x00\x00\x00\x00\x00\x00\x00\x00\x00\x00\x00\x00\x00\x00\x00\x00\x00\x00\x00"
"\x00\x00\x00\x00\x00\x00\x00\x00\x00\x00\x00\x00\x00\x00\x00\x00\x00\x00\x00\x00\x00\x00\x00\x00\x00"
"\x00\x00\x00\x00\x00\x00\x00\x00\x00\x00\x00\x00\x00\x00\x00\x00\x00\x00\x00\x00\x00\x00\x00\x00\x00"
"\x00\x00\x00\x00\x00\x00\x00\x00\x00\x00\x00\x00\x00\x00\x00\x00\x00\x00\x00\x00\x00\x00\x00\x00\x00"
"\x00\x00\x00\x00\x00\x00\x00\x00\x00\x00\x00\x00\x00\x00\x00\x00\x00\x00\x00\x00\x00\x00\x00\x00\x00"
"\x00\x00\x00\x00\x00\x00\x00\x00\x00\x00\x00\x00\x00\x00\x00\x00\x00\x00\x00\x00\x00\x00\x00\x00\x00"
"\x00\x00\x00\x00\x00\x00\x00\x00\x00\x00\x00\x00\x00\x00\x00\x00\x00\x00\x00\x00\x00\x00\x00\x00\x00"
"\x00\x00\x00\x00\x00\x00\x00\x00\x00\x00\x00\x00\x00\x00\x00\x00\x00\x00\x00\x00\x00\x00\x00\x00\x00"
"\x00\x00\x00\x00\x00\x00\x00\x00\x00\x00\x00\x00\x00\x00\x00\x00\x00\x00\x00\x00\x00\x00\x00\x00\x00"
"\x00\x00\x00\x00\x00\x00\x00\x00\x00\x00\x00\x00\x00\x00\x00\x00\x00\x00\x00\x00\x00\x00\x00\x00\x00"
"\x00\x00\x00\x00\x00\x00\x00\x00\x00\xA5\xE6\x1E\x3A\x00\x00\x08\x64\x49\x44\x41\x54\x78\xDA\xED\x9D"
"\x0B\x7B\xA3\x2A\x10\x86\x2D\x67\xA5\xBB\xBA\xAB\x82\x1D\xFE\xFF\x4F\x3D\x11\x44\x2E\x62\x6E\xCD\x85"
"\xE9\xF3\xBD\x4F\x37\xB1\xD9\xC4\xA4\x5F\x06\x18\x86\x61\x6C\x1A\x00\x00\x00\x00\x00\x00\x00\x00\x00"
"\x00\x00\x00\x00\x00\x00\x00\x00\x00\x00\x00\x00\x00\x00\x00\x00\x00\x00\x00\x00\x00\x00\x00\x00\x00"
"\x00\x00\x00\x00\x00\x00\x00\x00\x00\x00\x00\x00\x00\x00\x00\x00\x00\x00\x00\x00\x00\x00\x00\x00\x00"
"\x00\x00\x00\x00\x00\x00\x00\x00\x00\x00\x80\x3A\x69\x5B\xD9\x9E\x90\xF6\xB6\x84\x5C\xFF\xFF\xFC\x7D"
"\xF9\x55\xE7\x1F\x4F\x5E\xCB\x52\x3C\x39\x28\x4D\x95\xA0\xD5\x20\x99\xC9\xD7\xA9\xD3\xE7\x36\xF6\xE7"
"\x74\x63\xCC\xF2\xAF\x74\x6C\xD6\xDB\xC3\xFB\x83\xD7\x5D\x3C\xB6\xBF\x52\x78\x17\x52\x1D\xA7\xA6\xAB"
"\xE2\xBF\x80\xBC\x4E\xF9\xB1\x7B\x46\x2A\xE7\xEE\xBE\xF0\xBA\xEB\x8E\xD7\x6F\x2F\x48\xAA\xD8\x34\xE5"
"\x4E\x07\xDB\x0A\x12\xED\x6F\x9D\x91\x5E\xA1\xA0\xB9\xEF\xD6\x64\x0A\xCE\x4C\x8C\xB0\xF7\x66\x60\xD6"
"\xBF\xE2\xE8\x96\x42\x13\x3F\xBC\x37\xDF\xB9\xCD\xCF\x47\x3D\x0B\xFB\xA3\x60\x38\x49\x23\xA6\xE2\xF1"
"\x79\xF3\xA3\xE8\xC9\xE7\xCF\x73\x70\x1C\xF7\x04\xA7\x1F\x06\x36\xD8\xCE\x14\x37\x24\xF7\xCD\x47\x3D"
"\x7B\x76\x4C\x51\x43\x2B\xDD\x47\x83\xC2\xD9\xF3\x1C\x1E\x27\x02\x9A\xB9\xFE\x7E\x50\x6D\x4D\x37\x35"
"\x9E\x77\x62\xFC\xA0\x62\x8C\xAA\xBF\x01\x6F\x0D\x53\x4F\x5D\x70\x88\x63\xE7\x38\x75\x94\xBD\xC7\x5B"
"\xBE\x3F\xF7\xDA\x6B\x8F\xBB\x49\xD3\xD6\x21\x54\xDE\x88\x85\xDE\xFA\xB5\x49\x54\xF4\xB1\x26\x3F\xAE"
"\x91\x66\x30\x02\xDB\x0F\xDB\x57\xF7\xC1\xC8\x39\xE8\x75\x8F\xC4\xCA\x77\x7D\x63\x6D\x9F\x6C\xF4\x5D"
"\x4B\xDD\xBD\xA0\x1F\x35\xB5\xA8\xED\x93\x09\xED\x47\xB6\xAA\x05\xF4\x3E\x6C\x85\xED\xA4\xF7\xC3\x5B"
"\xED\x02\x5A\xEF\xAE\x42\x77\xAB\xF5\x33\xE4\xEA\x9B\xF0\x32\x6F\xAF\xD4\x43\xB5\x53\xC7\xDA\x05\x5C"
"\x86\x90\xE9\xE6\xD8\xE1\xBD\xEC\x02\x7D\xA2\x1B\x4F\x0F\x8F\xDD\xBE\x13\x9E\x98\x08\xB8\x48\x38\xDC"
"\xE8\xA4\x45\xB3\x97\x38\x90\x10\x85\x24\xF2\x79\x73\x98\xE8\x24\xFE\xA6\x18\x56\x47\x94\xF4\x90\x4B"
"\x38\xAC\xAF\xA9\xDE\x02\x6F\xF4\xB5\x5A\x9D\xCC\x5B\xCB\x02\x46\xF7\xB9\x80\x46\x05\xA5\xA4\xF6\x67"
"\x5A\x3C\x81\xCC\x38\x7B\x2E\x02\xD2\x91\x80\x9D\xD2\x63\xD9\x75\x0C\x71\xBB\x7D\x7C\x26\x0D\xD0\x04"
"\x5B\x8C\x6C\x70\xD3\x6F\x4E\x5E\x30\xCB\x4C\x40\xF7\xF5\xB2\x15\xD0\xC6\xB9\xA6\x83\xE8\xD7\xB7\x90"
"\x9B\x2D\xFB\x20\xA3\xBB\xD7\xED\x3E\x4E\x69\x18\xF4\x81\x07\x6E\xA0\x1D\x05\x67\x51\x78\x94\xE6\xE1"
"\x8F\x4C\xF8\x53\x38\xB6\xF7\xDD\x89\xF0\xFB\x9F\xC1\x1A\xDC\x14\x02\x41\x76\xF5\x43\x76\xCA\x45\x60"
"\x54\xEE\x08\x52\xED\x7E\xE0\x59\x01\x6D\x03\xCA\x3D\x44\xDB\x03\xDE\x1F\x22\xE9\x17\x03\x76\x01\x02"
"\xB9\x74\x7F\xBE\xE7\x93\x6E\x59\x41\x66\x16\x48\xD5\x5B\x20\xD1\x39\x01\xF7\x2E\xB6\x58\xBA\xAD\xF9"
"\xFE\x89\x5F\x4B\xDB\xC4\xD1\x9E\x7F\x6B\xB5\x76\x6C\x32\x53\x3E\x88\x54\x3F\x13\x71\x0A\xDE\x20\x20"
"\x7D\x4F\x40\x61\x43\x54\xF6\xF5\x8B\xCD\x45\xB6\x6C\xA7\x6E\x9A\xA1\x80\xE7\xFA\xC0\xC7\x0B\xD8\xDA"
"\x26\x2C\xFC\x54\x2D\x3A\x93\xB5\xCD\xF8\xED\x58\xB8\x31\xCE\xD1\x78\x8B\x80\x32\xB7\x38\xEB\x13\xCA"
"\x44\x40\x62\x31\x17\x3E\x72\xA4\xDD\x5C\x54\xE4\x02\x9A\x07\xF5\x81\xD2\x1E\x5D\x10\x90\x98\x4C\xE5"
"\x5E\x29\xA0\xA1\xD0\x84\x29\x6D\xC2\xA9\xC1\xF7\xAB\xBF\xF9\xC3\x46\xE1\x07\x34\x61\xB3\x0D\x22\xF1"
"\x57\x37\xEC\x06\x11\x16\x7E\xA0\xF3\xB5\x0E\x2C\xB0\x28\xA0\x79\x50\x1F\xD8\x4C\x36\x86\xD0\x6E\xD3"
"\x3A\x93\xBB\x31\x2C\x66\x22\x6E\x4D\xE9\x75\x83\x88\x08\x3D\x9F\xA4\x28\x84\xB0\xE4\xE7\x50\xE6\x48"
"\x73\x70\x63\x2E\xCC\x44\x9E\x2A\xE0\xE9\x0D\x5C\x16\x56\xDF\xF5\xCE\xDA\x13\x03\x64\xE2\x07\x9E\x1D"
"\x44\x9E\xD3\x84\x37\x01\x5B\xBD\xAE\xFD\xFA\x80\x42\xBA\xB4\xC5\x25\x9C\x75\x6E\x14\x7E\xCA\x20\x12"
"\x9C\x97\xD3\x04\x38\x24\x72\xEC\x02\x82\xAB\x1B\x53\xFF\x20\xB2\x09\x28\xFB\x21\xC6\x65\xFC\x8E\xC9"
"\x63\x5D\x3B\x3F\xC2\x91\xDE\x02\x82\x2A\x8A\xC4\x2E\x09\x95\x42\x08\x66\x7E\x20\x05\x0B\xEC\xA3\xDC"
"\x1E\x2A\x1D\xDB\x0E\xEB\x21\x6E\x4C\x64\x66\x5B\x48\xBF\x6F\x5A\x9B\xA6\xAD\x55\xDF\x72\x12\x90\x7C"
"\x40\x55\x68\xDA\xAF\x75\x24\x99\x97\x3E\x04\xFD\xDD\x99\x88\x49\xFA\x3A\x39\x4C\x6A\xEA\x65\x23\xC6"
"\xB0\x30\x30\x8A\x26\x2C\x0C\x73\x71\xA4\x5B\x2A\x0B\x68\x92\xE5\x0F\xF3\x00\x01\x8B\x79\x10\x2E\x9C"
"\xE5\x97\x08\x96\xE6\xCC\x23\x1E\x18\xDC\x18\xA1\x7D\xFA\xA4\xD9\x49\x69\x92\xC7\x1F\xE5\xC6\xA4\xFA"
"\x99\x6D\x40\x31\x6E\xB2\xC2\xCE\x0F\xEC\xBE\xF2\x3C\x47\xBF\x83\x21\xE9\x03\xBF\x2D\xA0\x29\x59\xA0"
"\x5F\xAA\x9A\xE7\x75\xFE\xA1\x18\x3A\xD2\x6D\xD7\xF7\xDD\x46\xAF\x6D\x03\x1A\x4E\x47\xF6\xC7\x22\xDB"
"\xAF\x47\x85\xB3\x52\x97\xC5\xDA\xFE\xD7\x28\x85\x90\xA3\x1B\xBC\xBA\x7E\xD5\x94\xEF\x4C\xE4\xC8\x0F"
"\x34\x8F\x17\xD0\x76\x1F\xDE\x0F\x94\xD6\x0A\xD5\xC0\x23\x1E\x68\x9B\xEA\x0D\x02\x7E\x7D\x57\xC0\xD2"
"\x20\x22\x6D\xEF\x77\xD2\xEF\xE3\xF3\xF3\xC3\xE6\x1D\x2F\x8D\x98\x18\xB8\x31\xE6\xF5\x02\x9A\x82\x80"
"\xB6\xD5\xAA\xA6\xF9\xF5\xF7\xDF\xBF\xBF\xFF\xB9\x59\x24\xF9\xAD\x7B\x75\x0B\xF8\xC6\x78\x60\xF2\x56"
"\xD6\x19\x15\x27\xFD\x4E\x0A\x8A\x66\xB0\x2B\x9E\x5C\x16\x95\xE8\x36\x01\xCD\x13\x06\x11\x2B\x60\xD7"
"\x7C\x38\x01\x3F\xDC\xDE\x01\xE2\x90\xA1\x4A\x17\x05\x14\xCF\x0B\x67\xA5\x81\x9F\x20\xA0\x70\xCB\xEF"
"\x2C\x32\x54\x2F\x65\x26\xD0\x6B\x04\x9C\x16\xBB\x9E\x9A\xE6\x73\x11\xF0\x73\xF5\x0A\xE7\xD5\x0A\xF9"
"\x86\xB3\xAC\x80\x4F\x8C\x07\x06\x6C\xC6\xD2\xDC\x36\xE2\xF3\xF7\xEF\x5F\x62\x8D\x55\xAB\x35\xCC\xF5"
"\xD3\x04\xA4\x27\x08\x28\xE6\xC5\xE7\x5B\x12\x07\xC5\x36\xAD\xD3\x23\x8B\x1C\x69\x3A\x2B\xE0\x33\x72"
"\x63\x4C\x69\xF7\xD1\xE8\x42\x5A\xD6\x93\xEE\x6C\x98\x95\x06\x1E\x11\xE9\x77\x08\x68\xF6\x02\x8A\x75"
"\xCF\xB7\x56\x4A\xBB\x8F\xA4\x05\x13\x01\x89\x5E\x1D\xD2\x2F\xF8\x81\x71\xDE\xA6\x1B\xD6\xBE\xA4\x5F"
"\xD6\x64\x13\x0F\x7C\x9D\x80\xC5\x78\x60\xE7\xC3\x3E\x6E\x9F\x70\xF7\x43\x32\x54\x77\x7F\xEB\x32\x0A"
"\x9B\x27\xC4\x03\x6D\xC2\xF9\x16\x39\x53\xB2\x61\x22\xA0\x39\x23\xA0\xCD\xFE\x19\x9A\x57\x09\x78\x52"
"\xCC\x15\x0F\x99\xD7\x8A\x27\xEC\x05\x6C\xA4\x52\x7D\x51\x80\xC7\x8F\xC2\xFE\xEC\xB2\xEB\xA4\x3F\x39"
"\x93\xFC\x40\x73\xDB\x5E\xC3\xE7\x0A\x98\x1A\x24\x8F\x85\xF5\xE3\x14\xDF\x67\x09\x78\xED\xE6\xDA\xDE"
"\x10\x0F\x37\x86\x6A\x15\x90\x47\x76\x16\xDD\xDA\x84\xCD\xB7\x43\xFA\xE6\x6A\x01\x79\xAC\x0B\xDF\x66"
"\x81\x8F\xDB\x27\x72\xA5\x05\xFE\x30\x01\x9D\x7B\x3D\xF7\xF2\x3E\x7A\xBA\x7E\x7B\xB2\x2F\x88\xC1\xD6"
"\x91\x2E\xD3\x59\xC9\xEF\xAF\xA9\x63\x0C\xD1\x75\xC5\x01\xFB\x35\x15\x82\x6D\x38\xEB\xD8\x04\x2F\x94"
"\xC1\xA3\x28\xA9\x66\x5F\x4F\xEB\xEA\xFD\xF1\x3D\x97\x2D\xFF\x77\xEC\x17\x3E\x27\x20\x05\xD1\xD2\x82"
"\x64\x3E\x0F\x30\xEC\x17\x6E\xA7\xD2\xA6\xF6\x9E\x95\x80\x74\xB3\x80\xA1\x5C\x63\x5A\xEA\x2D\xDF\x5E"
"\x6D\xD2\xAA\x96\xDB\x63\xD1\x7E\xEB\x35\xB1\x37\x29\x60\x19\x76\xC3\xF6\xC4\xA1\x09\xDF\x21\xE0\x69"
"\x8E\x37\x29\x7D\x1F\x6A\x8C\xFB\xBF\x29\xAF\x7D\xB7\x17\x90\xE1\xA2\x92\x98\xB6\x3F\x77\x29\x6F\x20"
"\x83\x56\x0F\x2F\x2E\x23\xC6\xBC\xF9\x2E\x6D\xBA\xE3\x35\x95\xDB\x09\x18\x95\x94\x58\x2C\x53\x47\x05"
"\x24\x5E\x5B\x5A\x97\x6B\xCD\x04\x15\xD5\x31\x98\x9C\xE3\xBC\x56\x5E\x7C\x71\x29\x3A\xAE\x02\x76\x51"
"\x3D\x67\xB9\xA6\xAD\xAC\xEE\xC7\x6B\x0B\x6C\x71\x89\x07\xEE\x8A\x4E\xB4\x5B\x8A\xA0\x0D\xE7\xCB\xED"
"\xD7\x17\x17\x28\x63\x31\x17\x5E\x5B\xC9\x9B\x6A\x8F\x89\x7E\x5C\x18\x86\x31\x62\xAB\x6D\xC4\x46\xC0"
"\x25\x0D\xF5\x3D\xEF\x3E\x25\xB3\x94\xAD\x7C\xF4\xBA\x8E\x35\xB0\x99\xCA\x99\x74\x8F\xDA\xEB\x50\x45"
"\x01\xFD\x60\x3F\x31\x12\xF0\x4D\x85\x4A\x65\xD1\x1F\xF7\xCD\x41\xF3\x99\x0B\xBF\xDA\xC3\xBB\x4E\x5D"
"\x2E\xF5\x03\x89\xEA\x2C\xD7\xAC\x0C\x97\x78\xA0\xDB\x54\x50\xDB\x27\xEB\xB6\x4B\x6C\x54\x2D\xE0\xE4"
"\x67\x1D\xBA\xB2\x22\xA0\xAD\xDF\x84\x78\x6B\x71\xC8\x37\x74\x34\x6B\x36\x54\x55\xDD\xA0\xDC\xF4\xA3"
"\xCA\xAF\x6D\x33\x85\xEA\x7D\x15\x55\xF2\xED\xE7\x2D\x40\x5B\xB7\x01\x2E\x17\x73\x08\x5B\x33\xF5\x20"
"\x2B\x28\x27\x2D\xA4\xDD\xEA\xBD\x7E\x28\x5D\xFD\xE5\x1C\xFA\xC4\x8B\x9D\xF5\xFB\x49\x82\xDA\x0C\x2E"
"\xC9\x32\x45\x57\xF5\x88\x0B\x76\x52\xB1\xD4\x6C\x5E\x13\x35\xBF\x5C\x55\x1A\xBE\xCF\xCE\x52\xB8\xBC"
"\xD5\x99\xE7\x17\x0B\x68\xD6\x88\x4A\x76\xA3\x67\x1B\x85\xD3\x5A\xA9\xC6\xA4\x79\xA4\x94\x09\x4C\x61"
"\x2D\x84\xA2\x2B\x09\x99\x50\x6A\xF6\x9A\xE7\xAF\xD7\x12\xA9\xB5\xBE\x75\x69\x4A\x7A\x2C\xD8\x7E\xD3"
"\xBA\x29\xED\xC6\x0E\x52\x95\x4B\xCF\xE6\xC6\x76\xE9\xF9\x2E\x86\xAB\x04\x0F\x01\x9B\x91\x4C\x74\x95"
"\xB2\xA4\x5E\xC2\xFE\xF7\xAC\x86\x42\xFC\x38\x45\xCD\xB1\x24\xDF\x75\xCF\xDF\xAC\x7C\x68\xD8\x60\xD3"
"\x6B\x93\x32\xDA\xB4\xBB\xDA\x96\x29\xD8\x4A\x7A\x35\xA6\x7D\x73\xCC\x9B\xED\xF5\xCF\xAF\xCD\x31\xBD"
"\x3C\x18\x6B\x8A\xAF\x20\x67\x42\x9F\x45\x26\xBE\x06\x61\x26\x6A\x5C\xB7\x9C\xCC\xBE\x1A\x77\xF4\x38"
"\x25\xF6\x7C\xE1\xF9\xA4\xFB\x86\x1B\xCB\x95\x8C\xF2\x42\x27\x94\x6D\x3E\x38\x2A\x01\x7F\x95\x80\x94"
"\x9E\xF7\xE8\xF9\x8B\x43\x3A\x75\x0D\x4B\x5A\xD9\xF5\x6F\xA7\x93\x3C\xAF\xEE\x0A\x00\x00\x00\x00\x00"
"\x00\x00\x00\x00\x00\x00\x00\x00\x00\x00\x00\x00\x00\x00\x00\x00\x00\x00\x00\x00\x00\x00\x00\x00\x00"
"\x00\x00\x00\x00\x00\x00\x00\x00\x00\x00\x00\xF8\xA1\xFC\x0F\x32\x4B\xFF\x79\xDB\xD4\x4C\xE3\x00\x00"
"\x00\x00\x49\x45\x4E\x44\xAE\x42\x60\x82"
}
};

static const binfile_t background_md = {"background_md.png", 3547, {
"\x89\x50\x4E\x47\x0D\x0A\x1A\x0A\x00\x00\x00\x0D\x49\x48\x44\x52\x00\x00\x01\x40\x00\x00\x00\xF0\x08"
"\x03\x00\x00\x00\x46\xF3\x4D\x59\x00\x00\x03\x00\x50\x4C\x54\x45\xFB\xF8\xF1\xF9\xF6\xF0\xFC\xF6\xEB"
"\xFC\xF5\xE8\xF7\xF4\xEE\xF6\xF4\xEE\xFB\xF3\xE4\xF4\xF2\xEC\xF4\xF1\xEC\xFB\xF0\xDC\xFB\xF0\xDB\xFB"
"\xEF\xD8\xF2\xEF\xEA\xEF\xED\xE8\xEE\xEC\xE7\xED\xEC\xE7\xEA\xE8\xE4\xE9\xE8\xE4\xE9\xE7\xE3\xE5\xE4"
"\xE1\xE4\xE4\xE0\xE4\xE3\xE0\xE2\xE2\xDF\xE0\xE0\xDD\x00\x00\x00\x00\x00\x00\x00\x00\x00\x00\x00\x00"
"\x00\x00\x00\x00\x00\x00\x00\x00\x00\x00\x00\x00\x00\x00\x00\x00\x00\x00\x00\x00\x00\x00\x00\x00\x00"
"\x00\x00\x00\x00\x00\x00\x00\x00\x00\x00\x00\x00\x00\x00\x00\x00\x00\x00\x00\x00\x00\x00\x00\x00\x00"
"\x00\x00\x00\x00\x00\x00\x00\x00\x00\x00\x00\x00\x00\x00\x00\x00\x00\x00\x00\x00\x00\x00\x00\x00\x00"
"\x00\x00\x00\x00\x00\x00\x00\x00\x00\x00\x00\x00\x00\x00\x00\x00\x00\x00\x00\x00\x00\x00\x00\x00\x00"
"\x00\x00\x00\x00\x00\x00\x00\x00\x00\x00\x00\x00\x00\x00\x00\x00\x00\x00\x00\x00\x00\x00\x00\x00\x00"
"\x00\x00\x00\x00\x00\x00\x00\x00\x00\x00\x00\x00\x00\x00\x00\x00\x00\x00\x00\x00\x00\x00\x00\x00\x00"
"\x00\x00\x00\x00\x00\x00\x00\x00\x00\x00\x00\x00\x00\x00\x00\x00\x00\x00\x00\x00\x00\x00\x00\x00\x00"
"\x00\x00\x00\x00\x00\x00\x00\x00\x00\x00\x00\x00\x00\x00\x00\x00\x00\x00\x00\x00\x00\x00\x00\x00\x00"
"\x00\x00\x00\x00\x00\x00\x00\x00\x00\x00\x00\x00\x00\x00\x00\x00\x00\x00\x00\x00\x00\x00\x00\x00\x00"
"\x00\x00\x00\x00\x00\x00\x00\x00\x00\x00\x00\x00\x00\x00\x00\x00\x00\x00\x00\x00\x00\x00\x00\x00\x00"
"\x00\x00\x00\x00\x00\x00\x00\x00\x00\x00\x00\x00\x00\x00\x00\x00\x00\x00\x00\x00\x00\x00\x00\x00\x00"
"\x00\x00\x00\x00\x00\x00\x00\x00\x00\x00\x00\x00\x00\x00\x00\x00\x00\x00\x00\x00\x00\x00\x00\x00\x00"
"\x00\x00\x00\x00\x00\x00\x00\x00\x00\x00\x00\x00\x00\x00\x00\x00\x00\x00\x00\x00\x00\x00\x00\x00\x00"
"\x00\x00\x00\x00\x00\x00\x00\x00\x00\x00\x00\x00\x00\x00\x00\x00\x00\x00\x00\x00\x00\x00\x00\x00\x00"
"\x00\x00\x00\x00\x00\x00\x00\x00\x00\x00\x00\x00\x00\x00\x00\x00\x00\x00\x00\x00\x00\x00\x00\x00\x00"
"\x00\x00\x00\x00\x00\x00\x00\x00\x00\x00\x00\x00\x00\x00\x00\x00\x00\x00\x00\x00\x00\x00\x00\x00\x00"
"\x00\x00\x00\x00\x00\x00\x00\x00\x00\x00\x00\x00\x00\x00\x00\x00\x00\x00\x00\x00\x00\x00\x00\x00\x00"
"\x00\x00\x00\x00\x00\x00\x00\x00\x00\x00\x00\x00\x00\x00\x00\x00\x00\x00\x00\x00\x00\x00\x00\x00\x00"
"\x00\x00\x00\x00\x00\x00\x00\x00\x00\x00\x00\x00\x00\x00\x00\x00\x00\x00\x00\x00\x00\x00\x00\x00\x00"
"\x00\x00\x00\x00\x00\x00\x00\x00\x00\x00\x00\x00\x00\x00\x00\x00\x00\x00\x00\x00\x00\x00\x00\x00\x00"
"\x00\x00\x00\x00\x00\x00\x00\x00\x00\x00\x00\x00\x00\x00\x00\x00\x00\x00\x00\x00\x00\x00\x00\x00\x00"
"\x00\x00\x00\x00\x00\x00\x00\x00\x00\x00\x00\x00\x00\x00\x00\x00\x00\x00\x00\x00\x00\x00\x00\x00\x00"
"\x00\x00\x00\x00\x00\x00\x00\x00\x00\x00\x00\x00\x00\x00\x00\x00\x00\x00\x00\x00\x00\x00\x00\x00\x00"
"\x00\x00\x00\x00\x00\x00\x00\x00\x00\x00\x00\x00\x00\x00\x00\x00\x00\x00\x00\x00\x00\x00\x00\x00\x00"
"\x00\x00\x00\x00\x00\x00\x00\x00\x00\x00\x00\x00\x00\x00\x00\x00\x00\x00\x00\x00\x00\x00\x00\x00\x00"
"\x00\x00\x00\x00\x00\x00\x00\x00\x00\x00\x00\x00\x00\x00\x00\x00\x00\x00\x00\x00\x00\x00\x00\x00\x00"
"\x00\x00\x00\x00\x00\x00\x00\x00\x00\x00\x00\x00\x00\x00\x00\x00\x00\x00\x00\x00\x00\x00\x00\x00\x00"
"\x00\x00\x00\x00\x00\x00\x00\x00\x00\xA3\x28\xC4\xB0\x00\x00\x0A\x96\x49\x44\x41\x54\x78\xDA\xED\x9D"
"\x89\x76\xE3\x28\x10\x45\x43\x1A\x66\x34\x69\x2D\x44\x28\xF0\xFF\x7F\x3A\x16\x9B\x58\x15\x39\x49\x8F"
"\x5D\x73\xDE\x3D\xDD\xB1\x63\xCB\x72\x28\x41\xD5\xA3\x58\xF4\xF2\x02\x00\x00\x00\x00\x00\x00\x00\x00"
"\x00\x00\x00\x00\x00\x00\x00\x00\x00\x00\x00\x00\x00\x00\x00\x00\x00\x00\x00\x00\x00\x00\x00\x00\x00"
"\x00\x00\x00\x00\x00\x00\x00\x00\x00\x00\x00\x00\x00\x00\x00\x00\x00\x00\x00\x00\x00\x00\x00\x00\x00"
"\x00\x00\x00\x00\x00\x00\x00\x00\x00\x00\x00\xF0\xE4\x30\x1E\x10\x82\x27\xB8\xDF\x84\x38\x7F\x74\x87"
"\xF2\xF6\x39\x3A\xAF\xDF\x9E\xB2\xFF\x89\xF1\xF8\x28\x95\xD2\x0F\x60\x53\x72\xE4\xE4\xCD\x37\x48\xAD"
"\x8D\x31\xFB\x7F\xB3\x97\xCA\x3E\x1C\xCF\xDD\x2F\x27\x8F\xE9\xE7\xEE\x79\xAE\xFD\x27\xE5\x40\xDB\x7C"
"\xCA\x95\x45\x27\x46\x3B\x9E\xBB\xDF\x4C\x66\xCE\xEA\xB1\xF1\xB9\x2B\xCF\xA3\x05\xB5\xA2\x6B\x42\x26"
"\x63\x85\x6B\xFE\x3C\x8A\xFC\x89\x05\xCD\x17\x7E\x1E\x75\x51\x4B\xA2\xDE\x50\xA8\xC4\x04\xA1\x35\x1A"
"\x93\x35\xCD\x33\xCB\xF5\x3E\x77\xE9\x79\xAC\x80\xFB\x79\x94\xA0\x69\x3F\x5D\x94\x27\x36\xAD\xE8\xE7"
"\x33\x1F\xD7\x79\x4C\xE3\x42\xF1\xD9\xF3\xE7\xC9\xF7\x52\xB4\xA0\x50\x49\x1D\x2A\x6A\x55\x28\xAA\x76"
"\xD5\x26\x2B\x77\xF1\xB8\x1F\xE1\x2B\x6A\x6C\x9C\xE1\xB3\xD1\x52\xB1\xF1\xA6\xA6\x8F\x31\xC5\x90\xAC"
"\x83\x4C\xF9\xA2\xC4\x22\xFF\xF7\xA4\x97\x4F\x51\xF3\x83\x4B\x52\x17\x6E\x7A\x4C\xA4\xE2\x38\x17\xCA"
"\xE7\x32\xBA\x3C\xFE\xF2\x73\x21\x6E\xFA\x53\x1F\xB2\x68\x21\xA6\x5F\x8E\xB6\xA8\xC6\x87\x5D\x7C\x36"
"\xAA\xA3\x51\xD3\x52\x33\x2A\x3A\xBB\xC7\x6A\x08\xA7\xA4\x5C\x20\x21\x56\x01\xFD\x75\xCF\x5B\x8E\x18"
"\x17\xB9\xFC\xB9\xFE\x15\xB7\xA7\x17\x85\x2F\x09\xF2\x9A\x52\x15\x5C\x83\x0B\x97\x99\xF9\xA4\xF7\xEE"
"\xF2\x42\x4C\x64\x42\x0C\xC3\x68\x19\x06\xC1\xD9\xE7\x15\x99\xB7\x4F\x2F\x8D\x57\x43\x2B\x21\x09\x13"
"\x1A\xB0\x4A\x2B\xDB\x78\xF4\x2D\xCE\x6A\x03\x13\xC3\xEC\xD3\x0F\x26\x09\xE0\x4A\xC9\x79\x10\x27\x66"
"\x1C\xF5\x21\x8F\xC6\xD4\xAE\x2A\xF4\x1A\xE9\x48\x99\x29\xF8\x9D\x31\x2B\x60\xD2\xF3\xE8\x58\x90\x89"
"\x49\x46\xFD\x63\x4C\xDE\xAF\xB5\x57\x64\x9D\xFF\x66\x1D\xAF\x61\xC2\x17\x18\x53\x7F\xF1\xFE\xEA\x44"
"\xA8\x05\xBB\x02\xA7\xE2\x4B\xE8\x98\x86\xD9\xDF\xDA\x78\x2B\xEF\xB5\xE9\x23\xC9\x10\x94\xB0\x2E\x13"
"\x0F\x5B\x2B\x4B\xC5\xB7\x28\xA6\xED\xA3\x48\x25\xA9\x3F\x1B\x99\x36\xCC\x36\x5F\x7F\x96\xD2\x15\x69"
"\x35\x8D\x93\x8D\xD0\xA5\x2E\x63\xA3\xCC\x34\x70\x99\xAB\x89\x95\xCB\xFD\xB6\x96\xDA\x68\xB1\x6F\xC5"
"\xD3\x67\xCE\x77\xF1\x15\x78\x63\x64\x5C\xA0\x67\xC8\xDD\xA2\x8F\xC9\x6C\x4F\x11\xEA\xAC\x34\x62\xD9"
"\x74\x9E\x60\xD0\x69\x5D\x8C\x1D\xB5\x24\x3F\xB3\x2D\x22\xBB\x66\x2E\xED\xF2\xFA\xEB\x95\x2D\xF6\x58"
"\x9E\xB5\x6E\x77\x6E\x2A\x4E\x70\x08\x56\xE0\x85\x8B\xF7\x4D\x9A\xA9\xDC\xBA\x42\xA6\xDD\x2E\xF7\xD1"
"\x5B\xCC\x58\xE6\xC9\x45\xE1\x69\x96\x21\xA9\x9D\x66\x69\xD2\x68\x3B\xD8\xCF\xB0\x5F\x6F\xBF\xDF\xFE"
"\xBA\x35\xD9\xDC\xFD\xF2\x60\x40\x2A\x42\x66\x6A\x48\xD7\x65\x2F\xFA\x94\xF4\xF3\x62\x09\x9D\xB8\x09"
"\x39\x3C\xAD\xB7\xF5\x26\xE5\xEA\x01\x0D\xC6\x6F\x22\x72\xDD\x74\x96\x92\x88\x26\x9C\xAC\x57\x60\x6F"
"\xBF\x7F\xFF\x7E\x7B\x9D\xF6\x43\x52\x17\xA1\xDC\x99\xB3\xD0\xF2\xCC\xCC\xBE\x7C\x6B\xEE\x87\x8E\x02"
"\xCC\x3A\x5A\xF3\x26\xDE\x4C\x92\x7C\x59\x27\xC1\xCE\xD5\xE1\xB4\xA6\x19\x17\xBD\xF0\xE3\x9A\x4D\xAF"
"\x6F\x6F\xBB\x01\xC7\xD2\x80\xAB\xF7\x07\x54\xC2\xF0\xE2\x7D\x56\x6A\xC0\xDD\x66\x31\xA8\xC8\x68\xCD"
"\x71\x4B\x72\x77\x17\xC7\x80\xB8\x8F\x37\xCE\x86\xDB\x18\xA5\x8A\x64\xFF\xEC\x06\x64\xF6\xFB\xE7\xD4"
"\x80\xDE\x73\x2E\x84\x0D\xE8\x9C\x14\x4F\x02\x8A\x48\xFA\x0E\x36\x3E\xDF\xD1\xC3\xE3\x53\x70\x89\xBB"
"\xDD\xB9\x8D\x5B\xFB\x29\x5F\xFF\x79\x7B\xFB\xC5\x55\xE9\xEF\x56\x1F\x80\x16\x42\x3E\xD0\x66\xD2\xD3"
"\x22\xDB\xF2\xAE\xDC\xA6\x5A\xF7\x72\xDF\x02\xCA\xA0\xA2\x44\x59\x87\x7B\x25\xC6\xB0\xC6\x8E\x8D\x1A"
"\x76\xAD\xB7\xEB\x4E\xC1\x5E\x19\x5F\x77\x63\x7D\xF0\xCC\x07\xBA\xE0\x44\xA5\x09\x8F\x0D\x03\xEE\x81"
"\xC3\xBA\xFD\x45\xBA\xB6\x37\x1D\x5D\xBB\x9B\xF9\xBE\x14\xEC\xD7\x20\x72\x6E\xEE\x60\x76\xC9\xDB\xDB"
"\xE9\x37\xFB\xD2\x92\x25\x77\xBD\x0C\xA2\x12\x44\x86\xE0\xA0\x58\xD9\x25\x3D\x92\xF0\x8A\xCF\x41\x5C"
"\xA8\x2F\x97\x6B\x0C\xC3\x2E\x7A\xE6\x2A\x1B\x41\xC9\x3A\xE1\xAC\xA1\x4B\x9F\x5E\x48\xDB\xA2\x88\xA6"
"\x3A\xB4\x05\x14\xB3\x4B\xF6\xEF\xE2\xE3\x1B\x7D\x9E\x25\x26\x9C\x85\x4A\xC7\x96\x86\xEA\xEF\xD1\xE5"
"\xDF\xF3\xCC\x5D\xB9\x60\xC0\xFC\x8A\xFB\x61\xBA\x68\xBF\xDD\x7A\x66\xFB\x66\xAD\x18\x42\xEE\x61\x0A"
"\xA3\x58\xBA\x1A\x84\x8B\x2D\x82\xCC\x44\x0F\xA5\x9B\xC2\x95\xCD\xCA\xBE\xAE\x26\x36\xFA\x23\xD6\x6F"
"\x97\x89\x7B\x5D\xA8\x47\xB6\x87\xE6\xFD\xF4\x33\x2B\x13\x5D\xEE\xDB\xE8\xE4\xA4\x57\x5D\x27\x13\xBC"
"\x0E\x1E\xA7\x3D\x63\x2C\x5C\x66\xE0\x47\xF2\xFD\xCC\x77\x04\x6F\x0D\xD4\x9D\x9E\xB5\x64\xD5\x0E\x9D"
"\x8C\xAA\x6C\xE5\xA3\xB3\xB0\xE8\xEA\x5F\x69\x60\x76\x91\xD2\x40\xAE\x86\x75\x47\x2E\x65\x98\x68\x44"
"\xC6\x80\xB3\x6F\xA0\xBD\x36\xB3\xB8\x46\x27\x8B\x7C\x96\xDA\x2E\xA2\xDE\xF3\x6C\x96\xD4\xBA\x1E\x7F"
"\x29\xBA\xC2\x86\x8E\x0C\xB4\x4E\xC7\x1A\xB0\x93\x80\x73\x51\xDA\xAC\x2C\x8F\x30\x8D\x71\xF1\xDE\x78"
"\x79\x11\x27\xD8\xDA\x88\xFA\x59\x7A\xD2\x79\x49\x32\x06\x14\xA1\xBB\xDF\x0E\x11\xEF\xF6\xBD\x2C\x27"
"\x2D\xB2\x54\xB4\x3E\xD2\xF3\xCD\xD7\xCB\x9C\xF3\x8B\xD8\x9C\x8C\x6E\x87\x99\x70\x29\xE8\x8C\x89\xF0"
"\x50\x7D\x44\xDB\xBC\xD5\x78\x09\x53\x5A\xE7\xF3\x5A\xF2\x89\x45\xE5\xEB\xE6\x48\x2E\xC6\x74\xE3\x67"
"\xDF\x47\x48\xC5\xEC\x8D\xC6\xE5\xF7\xC6\x6E\x88\xC9\x07\x19\xA7\x6C\x06\xCD\xB6\x1D\x55\xEF\xE3\x43"
"\x37\x5E\x37\xA6\x4C\x4E\xD9\x84\x4B\xBB\x0A\x8E\x61\xA6\x25\xA1\xE9\x31\x2A\xF4\xB0\x5A\xD5\xD3\x8E"
"\x98\xE4\x95\xC5\x4A\x6C\x25\x92\x40\xCB\xE3\x8F\x1C\xFB\x92\xB0\x09\x3E\x55\x8A\xE5\x8E\xD3\x9D\x83"
"\x01\xE9\xD8\xEF\x45\xFA\x29\x67\xB2\xD3\x53\x2E\x46\xB9\x99\x36\xF7\xB9\x28\xD7\x39\xE3\x2F\x55\xD2"
"\x74\xE8\x8B\x2A\x42\x2A\xE6\x98\x9B\xA5\x3A\xEF\x15\x9D\x14\xAE\xEF\xAD\x20\xAA\x32\xA0\xED\x6E\x34"
"\x95\x8C\x97\xF5\xA4\xE6\x67\x85\x41\xF4\x96\xDB\x71\xA3\x9A\xE2\xDB\x06\x2C\x82\x82\x8B\xFC\xAA\xD7"
"\xB1\xBC\x31\x12\x32\xE0\x10\x22\x26\x6F\x04\x98\xBA\xA0\x3F\x61\x40\x77\x61\x1A\x4E\x90\xDC\x98\x9C"
"\x57\x0E\x3D\x5D\xE1\x24\xCE\xFA\xF3\x06\x5C\x6B\xBF\x78\x92\x5C\x7B\x7A\x1D\xE3\xB5\xD7\xD0\x16\xD9"
"\x85\x43\xFF\x11\x03\x4A\x6B\x40\xD1\x6C\x0D\x56\xB8\x93\x9A\xE4\x1B\xB3\x74\xCD\x0A\xA1\xFF\x94\x01"
"\x5B\xD5\x6C\x0A\x9D\x3F\x4A\xF6\x7B\x79\xEF\x25\xB4\xFE\xAC\x01\x5B\x35\xD0\x67\x2E\xF4\x3B\x29\x03"
"\x86\x54\xFB\xDA\xF4\x81\xE5\x64\xC7\x2F\x18\xD0\x98\xD2\xDF\xB9\x65\x3D\xB5\x0F\x5C\xFD\xBC\x1A\x49"
"\xCA\x80\x93\x5F\xE2\xA0\x3A\xB9\xC0\x5C\xDF\x58\xA3\xDE\xD5\xD3\xAA\x0D\xB8\x4F\x2F\x6A\xAE\x66\x50"
"\x7E\xE4\x6E\x22\x65\xC0\xC1\x07\x91\x86\xE7\x5E\x9B\x3A\xF0\xCE\x95\x1C\xB5\x01\x85\x1B\x78\xAE\x2F"
"\xD8\x87\xCF\x06\x8E\xA4\x0C\x28\x42\x02\xA5\xF6\x49\x6E\x38\x73\xFE\x96\x01\x59\x6D\x40\xDB\xC1\x31"
"\x73\xE7\x2F\x21\x35\xC1\x37\x78\xB5\xBE\x8E\x29\xCD\x65\x55\xCF\x3D\x42\xD7\xCF\x66\xAB\x13\x62\x4D"
"\x15\x73\x96\x9B\x7C\x5A\x21\xA8\xFC\x6C\xDB\xB1\xF7\xD6\x98\x07\xED\xBD\x17\x31\x0D\x17\x99\xB6\x2A"
"\x92\xBB\x89\xD0\x8D\x5A\x3C\x7A\x03\xD2\x52\x31\x71\xA5\x4D\xA3\x4D\xB9\x89\x5A\x8D\x7C\xA8\xB9\x67"
"\x11\x5C\x51\xB9\xFD\x3C\xE8\xB9\x93\xD7\xD0\xA4\x16\x39\x84\x84\x56\x6F\x60\x8E\xFB\x99\x7D\x59\x15"
"\x6C\x64\x9F\xF5\xD9\x7A\xE2\xE2\xCC\x6E\x42\x58\xAB\x99\xC6\xC5\x23\xC4\x0C\x18\x66\xBE\xF4\x13\x5A"
"\x59\x0D\x8A\x8B\x39\xAA\xF5\xC1\xA6\xB1\x88\xB5\x9A\xFD\x32\x34\xAE\x49\x22\xB9\x7B\xB9\xDD\x67\x4F"
"\x68\x95\x2B\x1D\xA2\xB5\x36\x3F\x3F\x26\x6D\x83\x4B\xBA\xBC\xE1\x64\x3D\xB1\x7F\x77\xA9\x86\xF4\x9A"
"\x4B\x27\xDC\xEC\x73\x7A\x2A\x26\xC8\xB2\x66\xD7\x20\x2E\x7D\xC9\x2A\xD1\x3E\xF1\xF4\x32\xF9\x64\x4C"
"\xAE\xFA\x36\xE2\x61\x39\x36\xB5\x15\xD7\x3C\x18\x50\xF4\x3C\x64\x65\xC1\x2F\x7F\x95\x6F\xA5\xB2\x9F"
"\x58\xEB\x5C\xC8\x27\x4F\x68\xE9\xFE\xA4\x46\xEE\x47\x9D\x7E\x62\x25\xBE\xF0\x13\x0F\xDA\x57\x63\xEC"
"\x77\x89\x9E\x3F\xA1\x75\xD2\x05\x0D\xFD\x83\xED\xDB\x69\xE2\x61\x3B\x6D\xA3\x93\xDF\x76\x81\x9A\x0C"
"\x0C\x33\x7A\xBA\x63\x61\x71\xF5\xD0\xF2\xAD\xAA\x61\x67\x58\x5A\xB5\x33\xDC\x2D\xA7\x9E\x3D\xA1\xE5"
"\x0D\xB4\xBE\x9C\x5A\xF0\x7B\x5B\x92\x08\x3F\xCD\xAB\xDF\x0F\x0C\xEB\x1E\x17\x72\x06\x9C\xC2\xA6\x37"
"\x27\x6D\xCF\xF7\x3E\xE4\x17\x1D\x3C\x0F\xD5\xEB\xC4\x13\x28\x2F\x7F\x26\x72\x06\x1C\x42\x18\xF6\x4D"
"\x94\xF9\xE5\xE7\x07\xF2\xE8\xBC\xCD\x5F\x30\x21\x9F\x8F\x05\x88\xB2\x3C\x77\x58\x35\xC1\x82\x7E\xA4"
"\xB7\x81\x96\x08\x2B\xDA\x44\xE2\x8C\xEA\xEE\x9A\x89\x93\xC4\xEF\x3C\xFD\xB2\x15\xC2\x3B\xED\xC5\x44"
"\xD7\x2B\xFC\x54\x6C\x4D\x6F\xEB\x22\x1E\x0C\x38\xE4\x09\xC2\x62\xEA\x5F\xD8\xF5\x6A\xDF\xA8\xEE\x72"
"\x38\x61\xE3\x7B\x9D\x5B\xC8\xCF\xEF\x2D\x36\x9C\xE9\xF9\x67\xD7\x31\xD9\xB2\x7F\xA6\xAA\x55\xC0\x7B"
"\x8A\x44\xBC\x1F\xAB\xD1\xF5\x26\x87\x0B\xE5\xE4\xC3\xBE\x96\x26\xF4\xEF\xB4\x14\x6B\x7E\xCE\xAC\x0B"
"\xE9\x93\x59\x86\x9E\x8A\xB1\x0B\xD4\x4C\xD2\xC3\x17\x72\xAD\xD8\xA3\xC7\xA8\xB2\xB5\xE9\xEB\x7C\x66"
"\x44\x3E\xCC\x6B\x5C\x1A\xEB\x76\xF5\xD9\x63\x49\xE3\xCC\x22\x68\x01\xD7\x9F\x5E\x09\x1A\x50\xFA\x9D"
"\xB3\x3E\x53\x60\x61\x75\xC2\xD1\x04\x95\x9C\x86\x62\xC5\x30\xE3\x62\xB0\xFB\x51\xE4\x5B\x50\x4C\xEC"
"\xC2\x1F\x61\x08\x26\xB3\x6C\x42\xEB\xF2\x8E\x41\x6C\x54\x45\x60\x71\x5B\xA0\xAA\xD5\xA5\x0E\x56\xA5"
"\xB6\x6A\x6F\x4A\x73\x69\x4F\x29\xBF\x85\xA1\x99\x08\x1A\x70\xD4\x77\x6C\xF5\x30\x48\x5D\x6E\x7B\x57"
"\x98\xAB\x98\xE6\x7B\x6D\x73\x54\xB6\xF9\x18\x35\x12\x34\xA0\xF0\x9E\xED\x62\x00\x8C\x4B\x80\xCB\x98"
"\x6A\xCA\x6D\x43\xED\xC2\xF6\x8B\x27\x0D\x5B\xF0\x51\xDC\xC2\x92\xDF\x3D\x9E\xB8\x6F\x98\x5C\x27\xF0"
"\x73\xA5\xD7\xD9\x36\xE6\xE4\x22\xD2\x5A\x25\x97\x36\x1F\xE5\xAF\xFE\x3D\xCD\xC7\x6F\x5D\x54\xEC\x50"
"\x99\x86\x17\xC1\xEE\x74\x23\x9A\x64\x32\xCB\x27\xB4\x6C\xD3\xBB\x7B\x34\x82\x8B\x71\x0E\x91\x43\xC7"
"\x78\x32\x8F\xE2\xEE\x7A\x34\x7B\x87\x49\x51\x06\xBA\xC9\xDD\x7B\xFD\xF9\xAA\x84\x60\x71\x03\x79\xC6"
"\xBE\xFC\x27\x38\xBD\x28\x49\x1A\xD0\x0F\x13\x3D\xB2\x17\x10\x56\x28\xCF\x24\x0D\x38\x3E\xDC\x80\x4C"
"\x35\x76\x91\x23\x96\xD0\x7A\xE8\x12\x2B\x92\xF3\xCB\xB3\x84\x96\xD6\x0F\x9D\xDD\xED\x57\xC9\xD1\x94"
"\x81\xB7\xEB\xFF\xE1\x13\x55\xC3\xE3\xDA\x80\x57\x31\x44\xEF\x8A\x11\x3C\xD0\xC3\x3A\xA2\x93\xD1\xE4"
"\x56\xC9\x95\x09\x2D\x3B\x22\xC6\xBB\x9B\x66\x9F\x6E\xC3\xED\x9F\x57\xF7\xB7\xE9\x6E\xC2\xED\xFE\xC5"
"\x77\xB8\x0C\x5B\x5B\x10\x35\xA0\x34\xE9\x3E\xA8\x0F\xDA\x0E\xBE\x37\xE9\x88\x02\x53\xBE\x91\x67\xDA"
"\x31\x4B\xA6\xA9\xA5\xDB\xDF\x1D\x7B\xA6\x16\xA3\x1D\x8D\x81\x80\xF6\xF9\xCA\xE3\xC9\x26\xB3\xBC\x0F"
"\x2F\xF7\x3E\xD5\x8D\xBC\x5E\xBE\x45\xAA\xC9\xD3\x07\xAD\xF9\x81\x67\xE7\x6B\xDD\x8F\x44\x53\xBD\xA7"
"\x8D\x68\xDE\x5D\x25\xC9\x51\xD5\x37\x6C\x69\xDE\x61\xA5\x7D\x93\x8B\x6B\xC7\x93\x9C\x99\x75\xE8\x58"
"\x5D\xE5\x54\xFC\x0D\x32\x92\x1B\xF8\xE8\xD3\xDB\xFE\xE8\x86\x05\xEF\x39\xDE\x10\x1D\x92\xF3\x61\x38"
"\xDB\x5C\x36\xAB\x3C\xA9\x8F\x4A\x87\x26\xCB\xE7\x65\xC3\xCC\xFD\xDC\xE7\xC7\xEF\x95\x9D\x6A\x10\x3E"
"\x06\xD7\xEB\x7B\x24\xE5\x3E\xAA\x75\xBB\xB4\xEC\x98\x3A\xB1\x5F\x1E\xD3\x3B\x5E\x13\x5B\xE7\x5A\xF0"
"\xF7\xAA\x1F\x8E\xA2\x7D\x67\xB9\xEA\x16\x8F\xE5\x2D\x1C\x3F\x79\xA7\xBA\x4D\x64\x7E\xFC\xE7\xB7\x99"
"\xA4\x7F\x6F\x43\x00\x00\x00\x00\x00\x00\x00\x00\x00\x00\x00\x00\x00\x00\x00\x00\x00\x00\x00\x00\x00"
"\x00\x00\x00\x00\x00\x00\x00\x00\x00\x00\x00\x00\x00\x00\x00\x00\x00\x00\x00\x00\x00\x00\x00\x3C\x0D"
"\xFF\x02\x94\xB4\x1B\x42\x66\x8C\x2F\xED\x00\x00\x00\x00\x49\x45\x4E\x44\xAE\x42\x60\x82"
}
};

static const binfile_t background_msx = {"background_msx.png", 3078, {
"\x89\x50\x4E\x47\x0D\x0A\x1A\x0A\x00\x00\x00\x0D\x49\x48\x44\x52\x00\x00\x01\x40\x00\x00\x00\xF0\x08"
"\x03\x00\x00\x00\x46\xF3\x4D\x59\x00\x00\x03\x00\x50\x4C\x54\x45\xFB\xF8\xF1\xF9\xF6\xF0\xFA\xF4\xE9"
"\xF7\xF4\xEE\xF6\xF4\xEE\xFB\xF3\xE3\xFB\xF1\xDC\xFB\xF0\xDA\xF4\xF2\xEC\xF6\xF0\xE2\xFB\xEF\xD8\xF3"
"\xF0\xEB\xF1\xEF\xE9\xF8\xED\xD9\xF5\xEC\xD9\xF3\xEC\xDE\xEF\xEE\xE8\xEE\xEC\xE7\xEC\xEB\xE6\xEB\xEA"
"\xE5\xE9\xE8\xE4\xEB\xE6\xDB\xE6\xE5\xE1\xE6\xE3\xDC\xE4\xE4\xE0\xE4\xE3\xE0\xE2\xE2\xDF\xE0\xE0\xDD"
"\x00\x00\x00\x00\x00\x00\x00\x00\x00\x00\x00\x00\x00\x00\x00\x00\x00\x00\x00\x00\x00\x00\x00\x00\x00"
"\x00\x00\x00\x00\x00\x00\x00\x00\x00\x00\x00\x00\x00\x00\x00\x00\x00\x00\x00\x00\x00\x00\x00\x00\x00"
"\x00\x00\x00\x00\x00\x00\x00\x00\x00\x00\x00\x00\x00\x00\x00\x00\x00\x00\x00\x00\x00\x00\x00\x00\x00"
"\x00\x00\x00\x00\x00\x00\x00\x00\x00\x00\x00\x00\x00\x00\x00\x00\x00\x00\x00\x00\x00\x00\x00\x00\x00"
"\x00\x00\x00\x00\x00\x00\x00\x00\x00\x00\x00\x00\x00\x00\x00\x00\x00\x00\x00\x00\x00\x00\x00\x00\x00"
"\x00\x00\x00\x00\x00\x00\x00\x00\x00\x00\x00\x00\x00\x00\x00\x00\x00\x00\x00\x00\x00\x00\x00\x00\x00"
"\x00\x00\x00\x00\x00\x00\x00\x00\x00\x00\x00\x00\x00\x00\x00\x00\x00\x00\x00\x00\x00\x00\x00\x00\x00"
"\x00\x00\x00\x00\x00\x00\x00\x00\x00\x00\x00\x00\x00\x00\x00\x00\x00\x00\x00\x00\x00\x00\x00\x00\x00"
"\x00\x00\x00\x00\x00\x00\x00\x00\x00\x00\x00\x00\x00\x00\x00\x00\x00\x00\x00\x00\x00\x00\x00\x00\x00"
"\x00\x00\x00\x00\x00\x00\x00\x00\x00\x00\x00\x00\x00\x00\x00\x00\x00\x00\x00\x00\x00\x00\x00\x00\x00"
"\x00\x00\x00\x00\x00\x00\x00\x00\x00\x00\x00\x00\x00\x00\x00\x00\x00\x00\x00\x00\x00\x00\x00\x00\x00"
"\x00\x00\x00\x00\x00\x00\x00\x00\x00\x00\x00\x00\x00\x00\x00\x00\x00\x00\x00\x00\x00\x00\x00\x00\x00"
"\x00\x00\x00\x00\x00\x00\x00\x00\x00\x00\x00\x00\x00\x00\x00\x00\x00\x00\x00\x00\x00\x00\x00\x00\x00"
"\x00\x00\x00\x00\x00\x00\x00\x00\x00\x00\x00\x00\x00\x00\x00\x00\x00\x00\x00\x00\x00\x00\x00\x00\x00"
"\x00\x00\x00\x00\x00\x00\x00\x00\x00\x00\x00\x00\x00\x00\x00\x00\x00\x00\x00\x00\x00\x00\x00\x00\x00"
"\x00\x00\x00\x00\x00\x00\x00\x00\x00\x00\x00\x00\x00\x00\x00\x00\x00\x00\x00\x00\x00\x00\x00\x00\x00"
"\x00\x00\x00\x00\x00\x00\x00\x00\x00\x00\x00\x00\x00\x00\x00\x00\x00\x00\x00\x00\x00\x00\x00\x00\x00"
"\x00\x00\x00\x00\x00\x00\x00\x00\x00\x00\x00\x00\x00\x00\x00\x00\x00\x00\x00\x00\x00\x00\x00\x00\x00"
"\x00\x00\x00\x00\x00\x00\x00\x00\x00\x00\x00\x00\x00\x00\x00\x00\x00\x00\x00\x00\x00\x00\x00\x00\x00"
"\x00\x00\x00\x00\x00\x00\x00\x00\x00\x00\x00\x00\x00\x00\x00\x00\x00\x00\x00\x00\x00\x00\x00\x00\x00"
"\x00\x00\x00\x00\x00\x00\x00\x00\x00\x00\x00\x00\x00\x00\x00\x00\x00\x00\x00\x00\x00\x00\x00\x00\x00"
"\x00\x00\x00\x00\x00\x00\x00\x00\x00\x00\x00\x00\x00\x00\x00\x00\x00\x00\x00\x00\x00\x00\x00\x00\x00"
"\x00\x00\x00\x00\x00\x00\x00\x00\x00\x00\x00\x00\x00\x00\x00\x00\x00\x00\x00\x00\x00\x00\x00\x00\x00"
"\x00\x00\x00\x00\x00\x00\x00\x00\x00\x00\x00\x00\x00\x00\x00\x00\x00\x00\x00\x00\x00\x00\x00\x00\x00"
"\x00\x00\x00\x00\x00\x00\x00\x00\x00\x00\x00\x00\x00\x00\x00\x00\x00\x00\x00\x00\x00\x00\x00\x00\x00"
"\x00\x00\x00\x00\x00\x00\x00\x00\x00\x00\x00\x00\x00\x00\x00\x00\x00\x00\x00\x00\x00\x00\x00\x00\x00"
"\x00\x00\x00\x00\x00\x00\x00\x00\x00\x00\x00\x00\x00\x00\x00\x00\x00\x00\x00\x00\x00\x00\x00\x00\x00"
"\x00\x00\x00\x00\x00\x00\x00\x00\x00\x2B\x90\x7E\xF9\x00\x00\x08\xC1\x49\x44\x41\x54\x78\xDA\xED\x9D"
"\x0D\x83\xA3\x26\x10\x86\xD7\x4A\xBB\xDB\xD3\x6B\x8D\x58\x9A\x0E\xFF\xFF\x7F\x36\xEA\x80\x7C\x19\x34"
"\xB7\x7B\xC9\xB4\xEF\xD3\x9E\x51\xA3\x6E\x7C\x05\x06\x86\x01\xDF\xDE\x00\x00\x00\x00\x00\x00\x00\x00"
"\x00\x00\x00\x00\x00\x00\x00\x00\x00\x00\x00\x00\x00\x00\x00\x00\x00\x00\x00\x00\x00\x00\x00\x00\x00"
"\x00\x00\x00\x00\x00\x00\x00\x00\x00\x00\x00\x00\x00\x00\x00\x00\x00\x00\x00\x00\x00\x00\x00\x00\x00"
"\x00\x00\x00\x00\x00\x00\x00\x00\x00\x00\x00\x00\x5E\x99\xA6\x55\xED\x0E\x4A\xAD\xCB\xFB\x9F\xE5\xB3"
"\x8E\xEC\x6F\xFE\x03\xF2\xB5\x9A\x9E\x88\x6E\xC5\x27\x3F\x43\x64\xAD\x9D\xFF\xD9\xF9\x8E\x92\x75\xCB"
"\xCB\xDD\xCF\x9D\xF3\x0E\xAE\x13\x19\xE9\x89\xF0\xC2\x37\x43\xC1\x8D\xF9\x75\xF2\x02\xD2\xEE\x67\xE9"
"\xBC\x83\xEB\xF3\x16\x0D\xC2\x05\x9C\xE2\x94\x16\x2D\x17\x0D\x8F\x28\x68\x1F\x5F\xD2\x24\x3F\x07\x73"
"\x3E\xCC\x97\x2C\xE0\x5D\x05\xED\x8F\x2C\xE7\x15\xE1\x79\xB8\xF5\x77\xE2\xD2\x1C\xF9\x15\x27\xD1\x81"
"\x0C\x1C\x1C\x7F\x74\xDD\xFF\x4D\xD9\x66\xA4\x73\x89\xCD\x06\xE5\x9E\xBB\xD9\xA5\x0C\xF4\x99\x39\xFA"
"\xB4\x14\x1B\x1A\x0A\xC5\xF5\xD7\xB1\xC1\x3A\xA5\xEB\x9C\x85\xA9\x13\x2D\x60\xBF\xDD\xFE\x13\x58\xA4"
"\xEC\x45\x0B\x38\xB2\x7E\x26\xAC\x1C\xC7\x15\xE5\x52\xF5\xD9\xEF\x57\xFE\x78\x15\x91\x5D\x27\x5B\x57"
"\x86\xD3\xE8\x28\xDB\x08\x73\x46\x7B\xC2\x5D\x8C\x2C\xA0\x6C\x33\x6C\x58\xC0\x27\xD4\xC6\x06\x16\x50"
"\xB4\x19\x6E\x5D\xBB\xA2\x56\x92\xB7\xFD\xA8\x4F\x31\xF6\x35\xEB\xDA\x39\x33\x22\xD9\x0C\x2B\x67\x13"
"\x2B\x37\xD1\x5F\xA3\x2A\x4C\x60\x04\x36\x4B\x9B\x1E\x71\xED\xEB\x0F\x6F\xB9\x84\x64\x33\xDC\xF3\x5D"
"\x57\xB2\x51\xCF\x5A\xF9\x0A\xCF\x56\x07\xB4\x41\x85\x31\xF8\xA4\x7A\x2B\xAD\x31\x5C\xA1\x96\x6C\x86"
"\x47\xBE\xE7\xA9\x92\x56\xB8\xC6\x91\x09\xB8\x55\xEF\x0A\x02\x5A\x52\x55\x03\x36\x1F\x26\xD9\x0C\x4F"
"\x5C\xE1\xD5\x95\xE2\x9E\x28\x6C\x4A\xC4\xF5\xB8\x74\x23\xA8\x33\xDF\x4F\x82\x9A\xC5\x96\x6C\x86\x0D"
"\xA7\xA7\xCA\x9D\xCE\x6A\xE8\xEE\x14\x7A\x16\xB2\xF2\x5C\x58\x40\x23\xBE\x25\x5C\x6B\x4E\x2D\x79\x4D"
"\x9D\xBB\xF4\x07\x55\xD3\x56\xE7\x52\xAB\x5C\x33\xAC\x9C\x80\xEA\xD3\x05\x54\x75\x01\x95\xCB\xFC\x4A"
"\xAC\x80\x3D\xD9\xB5\xC6\xD1\x7C\x89\x80\x15\xDB\xD4\x5C\xB9\xC4\x94\x6B\x86\x47\x36\x08\xE6\xED\xD3"
"\x05\x5C\xF2\xE7\x54\x2B\x81\x57\x01\xE5\x9A\x61\xCD\xF5\x3B\x5D\x15\x90\xCE\xA7\xC0\x6A\xED\x68\x35"
"\x4E\xD5\x3A\xC0\x6B\x1B\xE1\xB5\x35\x30\xD4\x04\xA4\x2F\x11\x70\x60\x01\xC5\x9A\xE1\xD6\x35\xBE\xBA"
"\xCF\xCF\xC2\x6A\xAE\x07\x4E\xD5\xD6\x30\x89\x6E\x0D\x2B\x27\xA0\xFA\x12\x01\xAB\x55\x64\xE5\x5A\xC3"
"\x52\xCD\x70\xCF\x6D\xA9\x8A\x11\x7E\x5B\x2A\xC5\x77\x4C\x65\xB3\xD7\xCA\xAE\x14\x6E\x8D\x13\x50\xAA"
"\x19\x1E\x59\xC0\x5A\x19\x34\x2E\xB5\x1D\x73\x8A\xC5\xBA\xD7\xCC\xAB\xE1\x76\xF5\x45\xAC\x11\x5E\x5B"
"\x02\x35\x2B\xD8\x45\x1D\x46\xF9\x9A\xCD\xFB\xE6\xD6\x3D\x5D\xF5\x07\xAC\xE7\x4A\x35\xC3\x86\x1D\x03"
"\x97\xBA\xD2\x61\x5F\xFB\x41\x01\xAB\x46\x78\x09\x8B\x58\xFB\x86\x65\xEA\xD7\x38\xDF\x49\xD5\xA3\xD9"
"\x4E\x99\xEB\x25\xE8\x74\xA7\xF2\x7E\x32\x55\xE3\xDA\x39\xFF\x97\x4C\x33\xAC\x9C\x80\x75\x23\xD8\x0C"
"\xE6\x6C\x97\xA5\x19\x9A\x23\xBF\x60\x7D\x00\x32\xCD\x70\xCF\x31\x56\x74\xA8\x57\xA7\x3D\xC9\xA1\x3C"
"\x70\xE5\x74\x2D\xD3\x0C\x5F\xD8\xBF\xFC\xC4\x12\xC8\xB0\x80\x32\xCD\xB0\xF3\x08\xEB\xFF\xF5\x4F\xF8"
"\x91\xC7\xCF\x9D\x44\x97\xA7\x66\x02\x4B\x52\x9D\xD2\xCD\x95\x1F\xFF\x13\x0B\xA0\x9E\xB3\xF0\x55\x62"
"\xE7\xBA\x72\x55\x13\xF5\xCC\xDF\x60\xE5\x9A\xE1\xCE\x55\xDC\xD8\x60\xB6\x5D\xFF\xD3\xE8\x54\x50\x15"
"\x95\xDA\xB9\x1E\x7B\xE3\xD4\x14\x87\x95\x6F\x81\xE4\x5B\x68\x78\x18\x8A\x99\x2E\xC3\xA8\x49\xDA\x39"
"\x7E\xBB\x0E\xD1\xA4\x5C\x63\x68\x79\x88\x12\xCD\xB0\xE6\x1B\xD4\xDE\x79\x12\xC4\x4F\x06\x31\x1A\x51"
"\x5C\xA5\xA5\x6C\x69\x23\xE1\xD2\xEB\xEC\x1E\xBF\x76\x1A\x6B\x3E\x43\xA2\x19\x76\x7D\xC2\xE3\x8E\x7E"
"\x96\x62\x41\xC2\xE8\xDC\x3C\x3A\x3F\x17\x70\xEF\x78\xFF\x7C\xFA\x13\x0E\xA1\x97\x35\xC2\x6B\x9F\x58"
"\x6B\xFC\xA8\x03\x4A\x02\x56\x53\x21\x63\x97\x01\xA5\xED\xE0\xA3\xC7\xCF\x1B\xD7\xD6\x45\xC8\xD6\x5D"
"\x92\x2F\x69\x84\xF9\x86\x14\x87\xEA\x91\x19\x3D\x37\x41\x83\xAD\x71\x9C\xDD\x31\x3A\xDC\x31\xD7\xDD"
"\xC2\x6D\x33\x77\xAE\xDD\x3B\xE1\x96\xDE\xC3\xEB\x2F\x1A\xF6\xCB\xAF\x58\x45\x97\x67\x86\xBB\x20\xB2"
"\x6D\x4A\xFB\xC6\x74\xE2\xA3\xEB\xD2\xF8\x01\x93\xF4\x44\x0D\x49\x65\xB8\x4D\x63\x0E\x75\xF2\x07\xB8"
"\xE0\x13\x1C\xE3\x16\x46\xA6\x98\x34\x0D\x24\xB7\x5B\x10\x30\x89\xA7\x19\xEC\x39\x01\x15\x05\x7F\xBA"
"\x1E\x9D\xF3\x9A\x46\x78\xCD\x3B\xDA\x55\x26\xDA\x53\x02\x26\x51\xC1\xA5\x14\xF8\x91\xFC\x39\x1D\x7D"
"\xCF\x02\xBA\x18\x37\x79\x66\xD8\xB0\x4D\x1C\x8F\x09\x68\xBF\x48\xC0\x91\xAD\x8E\x38\x33\x3C\x07\xA6"
"\xF8\xCA\x84\x49\x47\x0C\x25\xB7\x7B\x40\xC0\xA4\x26\x52\xC8\xC2\x65\x01\x7B\xAE\x03\x89\x0B\x35\x8F"
"\xFA\x84\x3F\x43\x40\x7A\x4C\x40\xE5\x2A\x9D\xD2\xBC\xFA\x51\x70\x5E\x9E\x85\xE9\xAC\x15\xCE\x52\x20"
"\xDD\x35\x22\xB3\xC0\x8B\x80\x47\xA3\x23\x5E\xB1\x25\xBC\x0D\x96\x7C\x44\xC0\xB4\x0C\x3C\x2F\xE0\x7A"
"\x86\xE1\x1F\x22\xCD\x0C\xBB\x96\xF0\xF4\x76\x44\xC0\x8F\x6A\x35\x26\x33\x22\xA9\x80\x94\x0A\xC8\x69"
"\x76\xE2\x36\x8C\x34\x33\x3C\x05\x2D\xE1\xB5\x83\xF8\xAB\x05\xA4\xB2\x80\x23\xB7\xEF\x84\x85\x9A\x37"
"\xCE\x95\xD0\x1F\x12\x30\x37\x22\x3F\x58\x91\xF6\x65\xE0\xE2\xC7\x10\x68\x86\x5B\x37\x72\xF7\xC3\x0B"
"\xD8\x07\x83\x2D\x6F\xE9\x73\x0A\x07\x5F\x0E\xB3\x1E\xE1\x8E\x9B\x80\x63\xB8\x7D\x4B\x47\x26\xDC\x9E"
"\x15\x1F\xC2\x1D\xB7\x0A\xF3\x14\x7F\xCF\x92\x77\xCE\x05\x21\xCB\x0C\x77\xCE\x81\xD2\xFA\x82\xBC\x3E"
"\xB2\xF7\xDE\x0E\x5B\x1D\x74\x6C\xB3\xE3\x8D\x7B\x94\x02\xCD\x70\xCF\x77\xB1\x66\x1C\x43\xD1\x4C\x1D"
"\xC9\xC4\x13\x51\x04\x87\x2D\x4D\x11\x10\x79\xA5\xE3\xB1\x73\x89\x0F\x30\xF2\x1C\x9A\xA8\x30\x91\x65"
"\x86\x47\xBE\xE9\x69\xBD\x87\x7A\x02\x3B\x34\xF8\xFC\xC4\x01\x5B\x67\xC2\xC4\xDF\xC8\x0A\x35\x9F\x38"
"\x51\x68\x67\x12\x28\x2A\xE3\x92\x12\x4B\xCD\xFD\x27\x5D\x38\x28\xFD\x96\x66\xC7\x36\x2A\x03\x6D\x52"
"\x06\x52\x54\xA8\xDE\x4A\xD5\xBF\xFE\xD8\xF8\xBD\xF3\x46\xC4\xB5\x86\x85\x99\x61\xC3\x29\x70\xD8\xB6"
"\xDA\xFD\x5A\xDB\x23\xDE\x98\xAC\x1A\xF3\xFD\xDB\xC6\xFB\xC7\x26\xE0\xC0\x99\x5A\x94\x3B\xA1\xE5\x72"
"\x89\x6F\xF2\x19\x02\xFA\x78\x84\xCE\x95\xB6\x92\xCC\xF0\x47\xDC\x84\xFF\x84\xA6\x5C\xC1\x1B\x93\xB8"
"\xB3\xBE\xBF\x97\x05\x6C\xDD\xC0\xE3\x0F\x51\x46\x78\x35\x89\xDC\x97\x53\x10\xD0\x56\x5A\x22\xA7\xDD"
"\x59\xBB\x02\x3A\x13\x26\x6A\xE0\xF5\x48\xD1\x48\xD3\xAA\x80\x0F\x78\x63\x6C\x29\x0B\xBF\xBF\xCF\xFF"
"\xAF\x02\xFA\x33\x26\x1B\xB4\x2A\x05\xB5\x84\x83\xFE\xEC\x07\x04\xB4\x9F\x27\xA0\x3E\x1A\x52\xFD\x4A"
"\x46\x98\x2B\x76\xC3\x9E\x80\xD5\x5E\xB9\x03\xCE\x84\x8F\x82\x11\x79\xDF\xAC\xB0\x17\x90\x3D\x6B\x92"
"\x5A\xC3\xAD\xAB\x19\x77\x0F\x0B\x48\xA7\xBD\x31\xAB\x15\x7E\xCF\x05\xEC\xD6\x08\x12\x49\xAD\x61\xE5"
"\xA6\x8B\x51\x8F\x0B\xF8\x60\x35\x66\xC9\xC1\x91\x11\x91\x38\xF0\xBA\xE7\x52\xC7\x05\x54\x2C\xDE\x18"
"\x75\xCA\x1F\x78\x5E\xC0\x3F\xBE\x6D\x49\xF0\xB7\x50\xC0\x65\xE0\xB5\xAC\x50\xF3\x91\x9B\xB7\x66\xD3"
"\xEB\xD6\xAA\x6B\x76\xBD\x77\x8F\xD5\x03\x13\x7F\xE0\xDF\x7F\xFE\xEA\xF9\x65\x9D\xC7\x22\x6C\x16\x89"
"\x6A\x0D\x87\x9D\xEA\x9B\x6F\xC6\xF8\x69\x9B\xF4\xAD\x88\xBB\xF2\xFA\x38\xCF\xF9\x34\x2D\xA1\x2E\xBC"
"\x3D\x7F\x2E\xB1\x31\xEB\xF6\x72\xD8\xAC\x81\x0E\x67\x87\x9A\x07\xBB\x6E\xD7\xD3\xFA\x6A\xFD\x15\xE7"
"\xC3\xC9\x06\x63\x0C\xB5\x95\xE6\xD5\x4F\x3B\x72\xDC\x54\xBE\x79\x40\x1B\xC5\x53\x33\x96\x3E\xB3\xA9"
"\x17\x6D\x3E\x15\x54\xBE\x9F\x82\x91\x4C\x97\xD0\xBD\x25\xC4\x08\x27\x5D\x89\x5D\x34\x3D\x71\xEE\x01"
"\xCC\x3F\x6D\x12\xDE\x96\xC5\xBA\x59\x4A\x26\x37\xCA\x62\xE7\xBA\xB0\x80\x10\xD5\x1A\xF6\x9D\xD9\x2A"
"\x73\xB0\xDA\xDD\xF8\x3F\x4B\x36\xF4\x0C\xA6\xF2\x15\xCE\xB3\xBB\xF1\x81\x36\x9E\xAB\x43\xB9\xC7\x21"
"\xC5\x0C\xA7\x46\x78\xB9\x09\xED\xB3\x56\x9A\x85\xCB\x69\x2C\x76\x58\x53\x7E\x1E\xEF\xB4\x65\x8F\xAA"
"\x0E\xC4\x6A\xAE\x76\x0B\x33\x91\xC0\x85\xFD\x1F\x71\x99\xF3\x53\xA3\xF4\xDB\x92\x77\x52\x4C\xA8\xB9"
"\x66\x01\x5F\xC6\xEA\x69\x61\x31\x6E\x2F\x37\xC4\xEF\xE2\x5A\xC3\x32\xF4\x6B\x5C\x79\x76\xBC\x23\xB1"
"\x79\x88\xC3\x97\xF7\x03\xAF\x65\xB8\x13\x4E\x0C\xB4\x76\x29\xC4\x5C\xEF\xF3\x0F\x2D\xCB\xDB\x7F\xDB"
"\xD6\xD5\x5C\x4E\xFC\x22\x2B\xC8\x0C\xF7\xBE\x63\x7B\x32\x66\xBA\xCB\xFA\xBD\x89\x86\x7E\x04\x2F\x29"
"\xA0\x52\x4D\xD1\x6E\x2F\x6D\xD8\xB9\x7A\xB6\xDB\xB8\x6B\xCA\x30\xC3\x97\xB4\x73\xBC\x34\x92\x88\xD2"
"\xF9\x3C\xB3\xCE\x74\xBF\xC7\x12\x65\x03\xBE\x0E\x8D\x6A\x4A\x91\x32\xE2\x4B\x57\x05\x8C\xDE\xD6\x40"
"\xC1\xE8\xB9\x70\xE6\x8E\x3D\x01\xD3\xF7\x8C\x24\xEB\xC9\x74\xAB\xF1\x6F\x91\x61\x86\x8D\x0F\xAE\xB0"
"\xC1\xEC\xBC\x36\x1B\x4A\xB8\x0D\x37\x2C\xA6\x9A\x20\x0C\xC4\xC6\x13\xD3\x86\xD7\x28\x2E\x89\xA8\xFC"
"\xFE\x12\x19\x66\xD8\xF8\x37\x32\x50\x29\x23\xA5\xA9\x33\xDC\x4C\xBF\xDE\x17\x70\xF7\x9A\x99\x80\x61"
"\x31\x2A\x43\xC0\x29\x6C\x9B\x95\x5F\xF4\x41\xD1\x38\xC2\xFB\x2F\x07\xA9\xBE\x67\xE4\xFE\xF1\xD1\x31"
"\x32\xFA\x95\x3A\xCA\x52\xC0\xFE\xBB\x93\xD2\xB7\x8D\xA4\xEB\xE9\xFB\x46\x72\x79\x2A\xC7\x47\x76\x5C"
"\x48\x88\xDB\x10\x4F\xD1\x14\x4B\x56\x08\x5C\x0B\xB3\x72\xBA\x9E\x0B\x1E\xDB\xE9\xFA\xF1\xC1\xD6\x20"
"\xC6\x21\xD8\x0F\x33\x97\x85\xF5\xD3\x6D\x2F\xCB\x61\x18\xB6\xED\x21\x38\x76\x3B\x6E\xFB\x2E\x3E\xFB"
"\xEC\xF1\xC1\xDE\x5E\xEE\x6C\xBE\x00\x00\x00\x00\x00\x00\x00\x00\x00\x00\x00\x00\x00\x00\x00\x00\x00"
"\x00\x00\x00\x00\x00\x00\x00\x00\x00\x00\x00\x00\x00\x00\x00\x00\x00\x00\x00\x00\x00\x00\x00\x00\x00"
"\x00\x00\x00\x00\xBC\xBD\xFD\x0B\xB4\x2A\xAF\xFC\xA0\x85\x12\xE8\x00\x00\x00\x00\x49\x45\x4E\x44\xAE"
"\x42\x60\x82"
}
};

static const binfile_t background_nes = {"background_nes.png", 1748, {
"\x89\x50\x4E\x47\x0D\x0A\x1A\x0A\x00\x00\x00\x0D\x49\x48\x44\x52\x00\x00\x01\x40\x00\x00\x00\xF0\x08"
"\x03\x00\x00\x00\x46\xF3\x4D\x59\x00\x00\x03\x00\x50\x4C\x54\x45\xFB\xF8\xF1\xFA\xF7\xF0\xF9\xF6\xF0"
"\xF7\xF4\xEE\xF6\xF4\xED\xF4\xF2\xEC\xFB\xF1\xDE\xFB\xEF\xD8\xF3\xF1\xEC\xF0\xEE\xE9\xE8\xE7\xE3\xE1"
"\xE0\xDE\x00\x00\x00\x00\x00\x00\x00\x00\x00\x00\x00\x00\x00\x00\x00\x00\x00\x00\x00\x00\x00\x00\x00"
"\x00\x00\x00\x00\x00\x00\x00\x00\x00\x00\x00\x00\x00\x00\x00\x00\x00\x00\x00\x00\x00\x00\x00\x00\x00"
"\x00\x00\x00\x00\x00\x00\x00\x00\x00\x00\x00\x00\x00\x00\x00\x00\x00\x00\x00\x00\x00\x00\x00\x00\x00"
"\x00\x00\x00\x00\x00\x00\x00\x00\x00\x00\x00\x00\x00\x00\x00\x00\x00\x00\x00\x00\x00\x00\x00\x00\x00"
"\x00\x00\x00\x00\x00\x00\x00\x00\x00\x00\x00\x00\x00\x00\x00\x00\x00\x00\x00\x00\x00\x00\x00\x00\x00"
"\x00\x00\x00\x00\x00\x00\x00\x00\x00\x00\x00\x00\x00\x00\x00\x00\x00\x00\x00\x00\x00\x00\x00\x00\x00"
"\x00\x00\x00\x00\x00\x00\x00\x00\x00\x00\x00\x00\x00\x00\x00\x00\x00\x00\x00\x00\x00\x00\x00\x00\x00"
"\x00\x00\x00\x00\x00\x00\x00\x00\x00\x00\x00\x00\x00\x00\x00\x00\x00\x00\x00\x00\x00\x00\x00\x00\x00"
"\x00\x00\x00\x00\x00\x00\x00\x00\x00\x00\x00\x00\x00\x00\x00\x00\x00\x00\x00\x00\x00\x00\x00\x00\x00"
"\x00\x00\x00\x00\x00\x00\x00\x00\x00\x00\x00\x00\x00\x00\x00\x00\x00\x00\x00\x00\x00\x00\x00\x00\x00"
"\x00\x00\x00\x00\x00\x00\x00\x00\x00\x00\x00\x00\x00\x00\x00\x00\x00\x00\x00\x00\x00\x00\x00\x00\x00"
"\x00\x00\x00\x00\x00\x00\x00\x00\x00\x00\x00\x00\x00\x00\x00\x00\x00\x00\x00\x00\x00\x00\x00\x00\x00"
"\x00\x00\x00\x00\x00\x00\x00\x00\x00\x00\x00\x00\x00\x00\x00\x00\x00\x00\x00\x00\x00\x00\x00\x00\x00"
"\x00\x00\x00\x00\x00\x00\x00\x00\x00\x00\x00\x00\x00\x00\x00\x00\x00\x00\x00\x00\x00\x00\x00\x00\x00"
"\x00\x00\x00\x00\x00\x00\x00\x00\x00\x00\x00\x00\x00\x00\x00\x00\x00\x00\x00\x00\x00\x00\x00\x00\x00"
"\x00\x00\x00\x00\x00\x00\x00\x00\x00\x00\x00\x00\x00\x00\x00\x00\x00\x00\x00\x00\x00\x00\x00\x00\x00"
"\x00\x00\x00\x00\x00\x00\x00\x00\x00\x00\x00\x00\x00\x00\x00\x00\x00\x00\x00\x00\x00\x00\x00\x00\x00"
"\x00\x00\x00\x00\x00\x00\x00\x00\x00\x00\x00\x00\x00\x00\x00\x00\x00\x00\x00\x00\x00\x00\x00\x00\x00"
"\x00\x00\x00\x00\x00\x00\x00\x00\x00\x00\x00\x00\x00\x00\x00\x00\x00\x00\x00\x00\x00\x00\x00\x00\x00"
"\x00\x00\x00\x00\x00\x00\x00\x00\x00\x00\x00\x00\x00\x00\x00\x00\x00\x00\x00\x00\x00\x00\x00\x00\x00"
"\x00\x00\x00\x00\x00\x00\x00\x00\x00\x00\x00\x00\x00\x00\x00\x00\x00\x00\x00\x00\x00\x00\x00\x00\x00"
"\x00\x00\x00\x00\x00\x00\x00\x00\x00\x00\x00\x00\x00\x00\x00\x00\x00\x00\x00\x00\x00\x00\x00\x00\x00"
"\x00\x00\x00\x00\x00\x00\x00\x00\x00\x00\x00\x00\x00\x00\x00\x00\x00\x00\x00\x00\x00\x00\x00\x00\x00"
"\x00\x00\x00\x00\x00\x00\x00\x00\x00\x00\x00\x00\x00\x00\x00\x00\x00\x00\x00\x00\x00\x00\x00\x00\x00"
"\x00\x00\x00\x00\x00\x00\x00\x00\x00\x00\x00\x00\x00\x00\x00\x00\x00\x00\x00\x00\x00\x00\x00\x00\x00"
"\x00\x00\x00\x00\x00\x00\x00\x00\x00\x00\x00\x00\x00\x00\x00\x00\x00\x00\x00\x00\x00\x00\x00\x00\x00"
"\x00\x00\x00\x00\x00\x00\x00\x00\x00\x00\x00\x00\x00\x00\x00\x00\x00\x00\x00\x00\x00\x00\x00\x00\x00"
"\x00\x00\x00\x00\x00\x00\x00\x00\x00\x00\x00\x00\x00\x00\x00\x00\x00\x00\x00\x00\x00\x00\x00\x00\x00"
"\x00\x00\x00\x00\x00\x00\x00\x00\x00\x00\x00\x00\x00\x00\x00\x00\x00\x00\x00\x00\x00\x00\x00\x00\x00"
"\x00\x00\x00\x00\x00\x00\x00\x00\x00\x90\x23\x21\x7B\x00\x00\x03\x8F\x49\x44\x41\x54\x78\xDA\xED\xDD"
"\xDB\x72\xAA\x30\x00\x05\xD0\x26\xC8\x29\x89\xFF\xFF\xBF\x47\x44\xF0\x4A\x0B\xE2\x54\x82\x6B\xBD\xD5"
"\x4E\x91\xEE\xC9\x8D\x04\xC2\xD7\x17\x00\x00\x00\x00\x00\x00\x00\x00\x00\x00\x00\x00\x00\x00\x00\x00"
"\x00\x00\x00\x00\x00\x00\x00\x00\x00\x00\x00\xC0\x4A\x85\xEA\xFD\x62\x28\x35\xBD\x98\x72\xDE\xAF\x40"
"\xCE\x29\x96\x19\xDF\x7E\x35\x0A\x8C\xB0\x5E\x51\x7C\xC7\x08\xEB\xB2\xDA\xBE\xB4\x5F\x9D\x54\x52\x80"
"\x2B\xCC\xAF\xA8\x04\xEB\xFD\x2A\x15\x53\x8B\x43\x5E\x67\x80\x39\xA8\xC0\x1F\x51\x89\x2F\x0A\x60\x4E"
"\xF5\xBB\xC7\xD1\xF5\xC5\x70\xAA\x90\x22\x78\x6E\x01\xD3\x2A\x4E\xF8\x62\x48\x50\x97\x55\x83\x93\x33"
"\x7A\x4A\x5E\x5D\x85\x09\xB9\xA4\x3A\x3C\x9C\x6D\x5A\x5F\xA5\x28\x22\xC0\xB8\xC2\x00\x9B\x3E\xC0\x58"
"\x52\x80\x8D\x00\x05\x28\x40\x01\xBE\x36\xC0\x20\x40\x01\x0A\x50\x80\x3A\x91\x8D\x04\x18\x52\x7A\xC1"
"\x62\x4F\xA8\xEA\xBA\x0A\x9F\x18\xE0\xF1\x9A\x6F\x61\xA5\x0A\x4D\xB7\x74\x9A\x73\x13\x3F\x2E\xC0\x7A"
"\x79\x45\x6F\xF2\xE5\xD2\x65\xF8\xB0\x00\x9B\xA5\x57\xCC\xB7\x6B\x7F\xE3\xF1\x08\x70\xB4\x09\x98\x96"
"\xA0\x00\x1F\x19\xE6\xA8\x72\xFE\x6D\xBE\xAF\xA0\x00\xC3\x9F\x05\x78\x0A\xE5\xD0\x7B\x84\x10\xFB\x1B"
"\x21\x92\x12\x38\xB3\x02\xF7\x3D\x47\xE8\x8E\x96\x2B\x01\xCE\x2A\x80\x69\xDA\xE1\x04\x78\x2F\xDF\xB5"
"\x79\x69\xBC\x15\x14\xE0\xC8\xB7\x5C\x2D\x53\x56\xC7\xE3\x55\x02\x9C\xA4\xBA\xCF\xA3\x6B\x15\x1B\x01"
"\x4E\x72\xBC\x8C\xC9\x0F\xC6\x35\x49\x80\x02\xFC\xBB\x00\xC3\x7D\xBF\x52\x7E\x15\x0E\xEF\xEA\x44\x1E"
"\x7C\xB4\xED\x00\xD3\x92\x00\xBB\x6F\x49\x77\xC7\x7B\x1C\x91\x12\x38\x16\xFF\x45\x79\xAB\xF2\x46\x06"
"\xD2\x7F\x14\x60\x97\xD7\xF9\xE6\xFB\xEE\xE7\x91\x1B\xD8\x36\xD1\x89\x84\x5B\xA7\x2A\x7C\xF7\xF9\xBC"
"\xC9\x98\x6E\x51\xA0\x7F\x2A\x25\x6F\x76\x32\x21\xA4\x7C\xE7\x3C\x1B\x75\x65\xE2\x3A\x49\x1C\xFE\x3E"
"\x0D\x8F\x44\x8D\xCC\x25\x6C\x21\xC0\xF4\xFA\x9B\xC1\xAB\x3C\xFE\x34\xCD\x4D\x41\x2E\x3F\xC0\x38\xEB"
"\xC6\xFD\xEA\xEB\xA9\x04\xFB\xFC\xAA\xAE\xB4\xA7\x3A\x08\xF0\x97\xAF\xBA\x2A\xD7\xA7\xFA\x5B\xE7\xFB"
"\x75\x26\x55\x78\xF4\x82\x24\x0D\x2D\x61\x57\xDE\x6E\x16\x9A\x4E\x85\x72\x03\x01\xC6\x34\xD2\x87\x3C"
"\xDD\x89\xF4\x07\xAE\xD3\x41\x1D\xFB\xBE\xEA\x61\xB3\xB8\x8D\x61\x4C\x6C\xC7\x28\x31\xC4\x78\x33\x8C"
"\xE9\x3E\x6F\x75\xBF\x5B\x32\x06\x4D\x8F\x1F\xD3\x34\x99\x30\x6F\x6C\x78\xE8\x3F\xEA\xBA\x5F\x74\x6F"
"\x43\x13\xE0\xAC\x6E\xB9\x6F\x03\x4E\xDD\x49\x12\xE0\xBC\x02\x98\x6E\x4E\xE5\xD0\x3B\x0B\x70\xC6\x37"
"\xB7\x43\x97\xB8\x6B\x9A\xDD\xC5\x04\x83\x00\xA7\x8D\x69\xFA\x41\xE4\xEE\xDF\xF7\x41\x33\x4C\x71\x09"
"\x70\x46\x0D\xCE\x87\x33\x38\xE6\xF7\xFD\xBD\x1B\x26\xAE\x05\x38\x3D\xC0\xC3\xF1\x76\x5D\x7E\x6D\x11"
"\xEC\x4E\x26\x0A\xF0\xA9\x00\xFF\xF5\x93\x93\x95\x00\x67\x05\x18\x95\xC0\x65\x6D\xE0\x97\x36\x70\x61"
"\x2F\xDC\xF5\x22\xBB\x22\x7B\xE1\xF0\xC6\x00\xC3\xE5\x38\x70\xB7\x1B\x22\x35\x0E\x5C\x78\x25\x12\x05"
"\x38\xEF\xAB\x5D\x0B\x2F\x9F\x8D\x69\xEA\xF3\x54\xAB\xD9\x98\x19\xAD\xE0\x47\xCD\x07\xFE\xFA\xA0\xCD"
"\x79\xFF\xCB\xD3\xFF\x1D\x87\x0F\xC2\xD4\x04\x37\x34\x23\xFD\xB8\xD3\xFC\x61\xFD\xE3\x6A\x07\xA4\x63"
"\x0C\x13\xF6\x20\xDA\xEC\x9A\xC8\xC3\x7F\xB6\xF9\xF1\x61\xC3\xE6\xE6\x11\x9A\xAB\x07\x6B\xC6\x0F\x5E"
"\xA5\x4D\xAE\xCA\x3D\x3D\x2E\x3E\x97\xB8\x89\x01\xB6\x11\xA6\xCD\xAD\x0B\x3F\xD7\x23\x0C\x89\xE5\xE6"
"\xBA\x0A\xE7\x5F\x77\xE5\xDA\xDA\x9D\x09\x4F\x1E\xEA\xD0\x7D\xB4\xFA\x3E\xA3\xED\x55\xDA\x1F\x67\x6F"
"\x6D\x6C\xD7\x8E\x85\x04\x28\x40\x01\x0A\x50\x80\xA5\xDD\x23\x6D\xFF\x40\x01\xBE\xC7\x9A\xB7\x00\x2D"
"\x21\x3F\x9B\xD0\x2E\x65\x1B\xE4\x57\x55\x18\x1B\x71\x2F\xAD\x31\xB6\x82\x5F\x5C\x04\xBD\x8C\x60\x61"
"\x2B\xE8\x75\x18\x1B\xAA\xC4\x5E\x69\xF3\x41\xF9\x79\x29\xD5\x0B\xE6\x14\xBC\x16\xED\x05\x11\x7A\x31"
"\xDF\xD2\x01\x4D\xF4\x6A\x48\x00\x00\x00\x00\x00\x00\x00\x00\x00\x00\x00\x00\x00\x00\x00\x00\x00\x60"
"\x3B\xFE\x03\x9E\x80\xDD\xCD\xB4\xAF\x28\xBD\x00\x00\x00\x00\x49\x45\x4E\x44\xAE\x42\x60\x82"
}
};

static const binfile_t background_ngp = {"background_ngp.png", 3504, {
"\x89\x50\x4E\x47\x0D\x0A\x1A\x0A\x00\x00\x00\x0D\x49\x48\x44\x52\x00\x00\x01\x40\x00\x00\x00\xF0\x08"
"\x03\x00\x00\x00\x46\xF3\x4D\x59\x00\x00\x03\x00\x50\x4C\x54\x45\xFB\xF8\xF1\xFB\xF6\xEC\xF8\xF6\xEF"
"\xFB\xF5\xE7\xFB\xF4\xE6\xF7\xF4\xEE\xFB\xF3\xE3\xF4\xF2\xEC\xFB\xF1\xDF\xFB\xF0\xDB\xF4\xF1\xEC\xF2"
"\xF0\xEA\xFB\xEF\xD8\xEF\xEE\xE9\xEE\xEC\xE7\xED\xEC\xE7\xEA\xE9\xE5\xE9\xE8\xE4\xE7\xE6\xE2\xE5\xE4"
"\xE0\xE4\xE3\xE0\xE2\xE1\xDE\xE0\xE0\xDD\x00\x00\x00\x00\x00\x00\x00\x00\x00\x00\x00\x00\x00\x00\x00"
"\x00\x00\x00\x00\x00\x00\x00\x00\x00\x00\x00\x00\x00\x00\x00\x00\x00\x00\x00\x00\x00\x00\x00\x00\x00"
"\x00\x00\x00\x00\x00\x00\x00\x00\x00\x00\x00\x00\x00\x00\x00\x00\x00\x00\x00\x00\x00\x00\x00\x00\x00"
"\x00\x00\x00\x00\x00\x00\x00\x00\x00\x00\x00\x00\x00\x00\x00\x00\x00\x00\x00\x00\x00\x00\x00\x00\x00"
"\x00\x00\x00\x00\x00\x00\x00\x00\x00\x00\x00\x00\x00\x00\x00\x00\x00\x00\x00\x00\x00\x00\x00\x00\x00"
"\x00\x00\x00\x00\x00\x00\x00\x00\x00\x00\x00\x00\x00\x00\x00\x00\x00\x00\x00\x00\x00\x00\x00\x00\x00"
"\x00\x00\x00\x00\x00\x00\x00\x00\x00\x00\x00\x00\x00\x00\x00\x00\x00\x00\x00\x00\x00\x00\x00\x00\x00"
"\x00\x00\x00\x00\x00\x00\x00\x00\x00\x00\x00\x00\x00\x00\x00\x00\x00\x00\x00\x00\x00\x00\x00\x00\x00"
"\x00\x00\x00\x00\x00\x00\x00\x00\x00\x00\x00\x00\x00\x00\x00\x00\x00\x00\x00\x00\x00\x00\x00\x00\x00"
"\x00\x00\x00\x00\x00\x00\x00\x00\x00\x00\x00\x00\x00\x00\x00\x00\x00\x00\x00\x00\x00\x00\x00\x00\x00"
"\x00\x00\x00\x00\x00\x00\x00\x00\x00\x00\x00\x00\x00\x00\x00\x00\x00\x00\x00\x00\x00\x00\x00\x00\x00"
"\x00\x00\x00\x00\x00\x00\x00\x00\x00\x00\x00\x00\x00\x00\x00\x00\x00\x00\x00\x00\x00\x00\x00\x00\x00"
"\x00\x00\x00\x00\x00\x00\x00\x00\x00\x00\x00\x00\x00\x00\x00\x00\x00\x00\x00\x00\x00\x00\x00\x00\x00"
"\x00\x00\x00\x00\x00\x00\x00\x00\x00\x00\x00\x00\x00\x00\x00\x00\x00\x00\x00\x00\x00\x00\x00\x00\x00"
"\x00\x00\x00\x00\x00\x00\x00\x00\x00\x00\x00\x00\x00\x00\x00\x00\x00\x00\x00\x00\x00\x00\x00\x00\x00"
"\x00\x00\x00\x00\x00\x00\x00\x00\x00\x00\x00\x00\x00\x00\x00\x00\x00\x00\x00\x00\x00\x00\x00\x00\x00"
"\x00\x00\x00\x00\x00\x00\x00\x00\x00\x00\x00\x00\x00\x00\x00\x00\x00\x00\x00\x00\x00\x00\x00\x00\x00"
"\x00\x00\x00\x00\x00\x00\x00\x00\x00\x00\x00\x00\x00\x00\x00\x00\x00\x00\x00\x00\x00\x00\x00\x00\x00"
"\x00\x00\x00\x00\x00\x00\x00\x00\x00\x00\x00\x00\x00\x00\x00\x00\x00\x00\x00\x00\x00\x00\x00\x00\x00"
"\x00\x00\x00\x00\x00\x00\x00\x00\x00\x00\x00\x00\x00\x00\x00\x00\x00\x00\x00\x00\x00\x00\x00\x00\x00"
"\x00\x00\x00\x00\x00\x00\x00\x00\x00\x00\x00\x00\x00\x00\x00\x00\x00\x00\x00\x00\x00\x00\x00\x00\x00"
"\x00\x00\x00\x00\x00\x00\x00\x00\x00\x00\x00\x00\x00\x00\x00\x00\x00\x00\x00\x00\x00\x00\x00\x00\x00"
"\x00\x00\x00\x00\x00\x00\x00\x00\x00\x00\x00\x00\x00\x00\x00\x00\x00\x00\x00\x00\x00\x00\x00\x00\x00"
"\x00\x00\x00\x00\x00\x00\x00\x00\x00\x00\x00\x00\x00\x00\x00\x00\x00\x00\x00\x00\x00\x00\x00\x00\x00"
"\x00\x00\x00\x00\x00\x00\x00\x00\x00\x00\x00\x00\x00\x00\x00\x00\x00\x00\x00\x00\x00\x00\x00\x00\x00"
"\x00\x00\x00\x00\x00\x00\x00\x00\x00\x00\x00\x00\x00\x00\x00\x00\x00\x00\x00\x00\x00\x00\x00\x00\x00"
"\x00\x00\x00\x00\x00\x00\x00\x00\x00\x00\x00\x00\x00\x00\x00\x00\x00\x00\x00\x00\x00\x00\x00\x00\x00"
"\x00\x00\x00\x00\x00\x00\x00\x00\x00\x00\x00\x00\x00\x00\x00\x00\x00\x00\x00\x00\x00\x00\x00\x00\x00"
"\x00\x00\x00\x00\x00\x00\x00\x00\x00\xE5\xA7\x7F\xD8\x00\x00\x0A\x6B\x49\x44\x41\x54\x78\xDA\xED\x5D"
"\xED\x9A\xA3\x2C\x0C\x75\x99\x65\xD8\x85\x55\x11\x07\xEE\xFF\x52\xDF\xCA\x87\x06\xD4\xD6\x76\xB1\xEF"
"\x6C\xCC\xF9\x31\x53\x3B\xB6\xF3\xF4\x34\x5F\x84\x90\x34\x0D\x81\x40\x20\x10\x08\x04\x02\x81\x40\x20"
"\x10\x08\x04\x02\x81\x40\x20\x10\x08\x04\x02\x81\x40\x20\x10\x08\x04\x02\x81\x40\x20\x10\x08\x04\x02"
"\x81\x40\x20\x10\x08\x04\x02\x81\x40\x20\x10\x08\x04\x02\x81\x40\x20\x10\x08\x04\x02\x81\x40\x20\x10"
"\x08\x04\x02\x81\xF0\x08\x8C\x0B\x59\x07\x42\x70\x76\x35\xF2\x64\x3F\x8C\xB6\x22\xC6\xA1\x97\xD7\x21"
"\x51\xE8\x40\x9E\x73\x36\xFE\x0E\xF8\xCB\xC7\xA3\x16\x97\xA0\x4F\x0E\x49\x6C\xD2\x27\x9F\x7E\x3A\xFB"
"\xDA\xE3\xF8\x3E\xF1\xD1\x20\xD1\xD3\xC7\xF5\xA2\x77\x90\xC0\x57\x7F\x96\x14\x6A\x8E\x9B\x3F\x35\xC6"
"\x4F\x0B\x55\xD0\x16\x74\xC0\x8B\x23\xCF\xCF\xA6\xC0\x3F\x54\x98\xF9\xEB\x67\xCE\x4A\x02\x77\x04\xEA"
"\xA9\xC7\xD1\x1A\xF6\x78\x7D\xAF\xB6\x99\xEC\x41\xF9\x89\x1F\x1E\x3E\xB6\xCF\x3D\x1F\xF5\x7A\x52\x63"
"\x86\x97\x3F\x48\xE0\xCD\x6F\xD6\xC1\xCA\x9C\x22\x65\x50\x5B\x10\x7E\x58\xDD\xDE\xC2\xDF\x4A\xE0\xA2"
"\x1D\x32\xBD\xD6\x18\xF9\xEB\x80\xAA\x99\xB6\xBA\xB3\xE4\xAD\x59\x04\xD1\x76\x08\xC3\x3F\xBB\x28\x70"
"\x77\x8A\x8A\xB1\x2E\x38\x62\xFF\x7F\xD0\x05\x84\xCC\xCC\x1E\xD3\x9C\xB6\x60\x10\xC6\x26\xFF\x6E\x18"
"\x3A\x05\x4E\x16\xCA\x9C\x18\xEA\x72\x33\x5B\x09\x64\x4A\xCC\xE7\x98\xCF\x9C\xBA\x54\xB8\x31\x98\x3C"
"\x09\xAE\x25\x49\x9F\xE2\xE7\xF1\xE4\x05\xBF\x18\x53\x84\x88\x2A\x9E\x66\x26\xC5\x7F\xA7\x1B\x77\x35"
"\x7F\x55\x98\xAC\xA0\x4A\xE1\xF3\x1B\x02\x34\x9D\x16\x24\x98\x16\xC5\x3A\x11\x58\x28\x30\x17\x15\x50"
"\x18\x3B\x91\xDC\x3D\xA2\x68\x9A\x8D\x71\xC5\x9B\x7D\x26\xD6\x9A\x3A\xE9\x68\xD3\xB2\x52\x04\x7D\x96"
"\x1A\x8F\x0E\x0B\x1B\x56\xFD\x99\x05\x14\x90\xBE\xBD\x3C\x8B\x5D\xA7\x1D\xB6\xEE\xC9\x42\x4B\x99\x9E"
"\xC5\x13\x4C\xB7\x71\x9D\xFF\xC5\x36\x3E\x66\x99\x59\x2E\xAE\xB7\xD2\x5D\x6B\xCE\x21\x59\x3C\xED\xB6"
"\xB4\x78\x4C\x60\x24\x66\x00\xF2\xF7\xB5\x97\x25\x2D\xAE\x57\x04\xBA\xF5\xCB\x26\xD9\x04\x32\x38\x6C"
"\x19\x8C\x7F\x1A\x43\x10\x2D\x98\xEA\x8C\x86\xCA\x0C\x33\xB4\x1E\x32\x94\xD7\xD9\xDF\xC0\x5D\x26\x38"
"\x28\x0D\x83\xCE\xE0\xB2\x06\x34\x04\x9A\x20\x59\x40\xA7\x82\xAB\xAC\xB3\x8D\x26\x82\xC4\x2D\xEF\xD5"
"\xA6\xF5\x30\x1E\x02\xA3\x4E\x29\xB8\x34\x76\xD5\x16\xFC\x21\x51\xB1\x88\xB7\x8A\x0B\x62\x4C\x04\xDA"
"\x82\xC0\x61\xCA\xC6\x57\x8B\x74\x95\xDF\xD2\x44\x4E\xE0\xA4\xC4\x0A\x2A\xB5\xB3\xD5\x96\xC5\xDE\x20"
"\x98\x9C\x4F\x8B\x90\x40\x5B\x10\x58\x2D\x5F\xC2\xB7\x08\xB4\x98\x08\x8C\x0B\x39\x05\x29\xB5\x44\x20"
"\x11\xF8\x56\x02\x5D\x66\x03\xCF\x27\xD0\x91\x04\x6E\x45\x2C\x3F\x16\xB0\x0B\x11\xB8\x8A\x03\x5F\x24"
"\xF0\xE3\x17\xC4\x07\x24\x10\xD0\x85\x31\x8C\x59\x11\x38\xC5\x81\xCF\x13\xF8\x99\x11\xF8\xB9\x17\xC6"
"\xE0\x23\x70\xAD\xC2\xAF\x85\x31\x3B\x04\xF2\x5C\x61\x15\xBE\xA5\xDC\xE9\x04\xBA\x15\x81\x16\x1D\x81"
"\x59\xE9\x9E\x71\x2F\xD9\xC0\x7D\x09\x44\x1E\xC6\xC4\x9D\x32\x95\xE7\x67\xCE\x25\x10\xD9\x52\xAE\x28"
"\x1E\xAD\x6F\x03\xD1\x13\xE8\xDE\x4D\x20\xB2\x95\x88\x67\xF0\xAF\xE3\xC0\x83\x5E\x18\x63\x18\x73\x36"
"\x81\x16\x3D\x81\xEE\x64\x02\x2D\xF2\x38\xB0\x74\x22\x44\xE0\xFF\x92\x4C\x28\x08\x64\x3B\x04\xC6\x4D"
"\x40\x6C\x71\x60\xF5\x64\xC2\xCF\x66\x97\x40\x67\x71\xAD\x44\xD6\x29\x7D\xFB\x52\x20\x0D\xB3\x59\x20"
"\x9F\xC5\xB7\x92\x09\xC8\x09\x7C\x6D\x25\xB2\x83\x4D\x1B\x88\x2E\x1B\xB3\x0E\xA4\x45\x4D\x02\x5D\x1E"
"\x48\xE3\x77\x22\x27\x6F\x6B\x22\x0C\x63\xD6\x36\xB0\xA6\x04\xBA\x95\x04\x3A\xE4\x04\xD6\xDD\x54\x72"
"\x0E\xBF\x0A\xD7\x08\xA4\x0F\x3A\x11\x9C\xA5\x1D\x6F\x25\xD0\xA2\x23\xB0\xCE\x52\xEE\x8E\x0D\xCC\x08"
"\x44\xA7\xC2\xEB\x7C\x20\x11\xF8\x42\x32\xE1\xCC\xCA\x84\x95\x13\xB1\xC8\x09\x7C\x6D\x5F\xF8\x60\x20"
"\x8D\x52\x02\x8B\x7C\xE0\xA9\xE5\x6D\xEE\x02\xF9\xC0\xD3\x09\xB4\xD8\x37\xD6\xA9\xBC\xED\x3B\x67\x63"
"\xE2\x19\x0A\xDC\x04\x3A\xAA\x0F\xFC\xD6\x04\x62\xCF\x07\x56\x5F\xCA\x39\xFC\xE5\x6D\xE7\x11\x78\x85"
"\xFA\xC0\x93\xD3\x59\xE8\xEB\x03\xED\x7B\xF3\x81\xE8\x76\xE5\xDE\x9C\x0F\xBC\x42\x7D\xA0\xB5\x75\x53"
"\xFA\x97\xAB\x0F\xB4\x95\x77\xE5\x2E\x57\x1F\x38\x7D\xE4\x9A\xBB\x72\x57\xAB\x0F\xD4\xCE\x55\x3D\xEE"
"\x7A\x7B\x3B\x8D\x3D\x8C\xC9\x08\xEC\xA6\xFC\x56\xAD\x36\x5A\xDC\x37\x6D\xEB\x90\x13\x98\xE7\x03\x45"
"\xD0\xB1\x1A\xDD\xC7\x99\x30\xC5\x91\xFF\x2B\xD4\x07\x86\xA6\x13\x37\xC3\x55\x01\xC1\x41\xE9\x06\x37"
"\x81\x65\x37\x2B\x6E\x96\x6E\xBC\xB6\xEC\xAB\x03\x7B\xAD\x82\x46\x31\x7B\xF7\x97\xE6\xE0\x0A\xF5\x81"
"\x53\x9F\xBA\xA2\xFF\x8B\xCB\xB9\x29\x08\x74\x76\xD5\x3F\x06\xDE\x9F\x75\xD5\xBB\x42\x7D\x60\xE3\xBB"
"\x95\xAC\x04\x2F\x6F\xC0\x53\x0E\x2C\xD8\xBD\xDF\x0E\x59\x44\x74\x85\xFA\x40\x0F\xA9\xAB\x74\x1F\x33"
"\x5A\x6E\x44\x35\xC8\xF3\x81\xC9\x83\x72\x88\xA9\x95\x5D\x89\xF4\xD4\xC6\x9F\xD2\xFD\x6C\x1D\x16\xE2"
"\xAF\x0F\x3C\x15\x57\xA8\x0F\x7C\x03\x81\x8E\x08\x24\x09\x7C\x68\x03\x4F\x22\xF0\x02\xF5\x81\x67\x13"
"\x88\xBE\x3E\xF0\x64\x02\xF1\xD7\x07\xAE\xC2\x99\x9A\xA3\xE1\xAE\x50\x1F\x08\x57\x24\xDD\x60\x62\x40"
"\xDC\x1E\x49\xB1\x32\xD9\x6B\x7D\xF7\xD6\x2B\xD4\x07\xCE\x6C\x80\x56\xC8\x93\x8C\x0E\x8F\xB4\x9C\xF7"
"\x63\xEC\xA2\x6A\xD4\xB5\x24\xD0\x6D\x11\xA8\x8C\x2D\x07\x75\x99\xBB\xCD\x8B\xA5\x01\xEB\xE2\xBD\x11"
"\x68\x57\xA8\x0F\x0C\xD2\x34\xC0\xEC\xD4\x9C\x67\xE9\xD9\x5D\xE5\x04\xC3\xA9\x76\x52\xDA\x57\xA8\x0F"
"\xF4\xC6\xCF\x6C\x74\x87\xB6\xF7\x26\x8E\x88\xB2\x39\xF7\xC0\xF6\x69\xC6\x5D\x1F\xD8\x80\x4E\xDC\xD6"
"\x8E\x46\x6B\x98\x99\xD9\x9B\x79\x13\x6E\x19\x7B\x29\x94\xBE\xD3\x6B\xFB\x1A\x04\x8A\x94\x28\x1D\x7B"
"\xC1\xA2\x7B\xD5\xB1\xD7\xEA\x8E\x0C\x2A\x38\xFC\x51\x7A\xB1\x1E\xF9\x1D\x45\x47\x4D\xA0\xDF\x49\xF3"
"\x16\x0F\x52\x20\x74\x4C\x46\x6F\xF6\xD0\x1E\x32\xAD\x15\xBB\xA1\x25\xD2\x06\x8C\xC5\xA6\x52\xCC\xBA"
"\xCB\xED\x0F\xBF\xA5\x9B\xBE\x80\x03\x6C\xBE\xF5\x7B\x03\x4A\xAE\x50\x1F\x28\xED\x9E\x1B\x95\x61\x50"
"\xE1\x46\xD9\x42\x51\x05\x38\x89\xE0\xB6\x9D\xBB\x44\x7D\x60\x08\xD4\xB6\x2C\x98\x5C\x6D\x53\x42\xE1"
"\x04\x4F\xB3\xAF\x9D\xA1\x21\x17\xA8\x0F\x94\xF6\xCE\x80\xA5\x36\x58\x4C\xFE\x90\x40\xBF\x1D\xB7\x47"
"\x20\xB2\x38\xB0\xD8\xD6\xD4\xF9\xCC\x1E\xD1\x0F\x66\xE8\x12\x63\x71\x86\x5F\xF7\x58\x85\x77\x48\xC2"
"\x58\x5C\x94\x13\x18\xA6\xCC\x25\x33\xC7\x74\x0C\xA8\xDB\x8C\x00\xF3\xD0\x89\xEC\xCD\x0C\xC1\xEF\x85"
"\xA5\xDF\x28\x8F\xA1\x0A\x1B\xE6\x95\x45\x9F\x89\x20\xDF\x0C\x63\xE6\x11\x10\xD2\xEE\xED\x53\xE1\x27"
"\x30\x4C\x11\x55\x49\x90\x62\x25\xC6\x42\x87\xDE\x1E\x89\x24\xE1\x26\xBA\xF4\x59\x99\xCD\x89\x1A\x38"
"\x3B\x99\x43\x27\xA2\xDD\xD2\x36\xC6\x2B\xE6\xD8\xCA\x1E\xA8\xAD\xDA\x36\x82\x41\x04\x6F\x0E\x5A\x49"
"\x3F\x4F\x38\x8D\x78\xE1\x42\x4A\xC1\x50\x87\x31\xC5\x3C\x11\x2F\x91\x71\x42\x95\x4A\x86\x4D\x2D\x16"
"\x4E\xEC\xCC\x85\x13\x63\x51\xE4\xA1\x97\x8C\xA2\x59\xC6\xE3\xE0\x9F\x27\xE2\x0B\x22\xA3\xF6\xF5\xB3"
"\x27\x30\x33\xC5\xFE\xD8\xC2\xD6\x60\x3D\x09\x86\xDC\x4F\xDA\xCC\xA7\x04\xE1\x4C\x68\xCA\x83\x21\x8C"
"\x03\x8B\xB5\xB0\x01\xDE\xA0\x9F\x9D\xC7\x01\x02\xC3\x30\xBA\x54\x7A\xA4\x19\x98\xBA\x0B\xF2\x60\xF8"
"\xEB\x03\x0D\x18\x3C\xD8\x26\x2E\xC5\xB2\x80\x13\xFB\x83\xD2\x93\xC6\x3A\x3B\xC8\xF0\x62\x98\x23\x0C"
"\x5F\x8A\x8A\x8C\xE2\x25\x70\x00\x61\x8A\x08\xE3\xBD\x98\x34\x8B\x5A\x87\x71\xE2\x3B\xF3\x6D\x99\x6C"
"\x7B\xDD\x2B\xB1\xA4\xC4\x6E\xF6\x4F\xC7\x54\xBF\x46\x4C\x20\x98\x27\xD2\xC3\x30\x45\x7B\x07\xF3\x05"
"\x1D\x6F\x77\x70\x17\x79\x58\x86\xAB\x31\x35\xCE\x95\xD2\x71\x4F\x04\xF1\x30\x82\x10\xA6\xF4\xC9\xB5"
"\xCE\x7E\x35\x45\x75\xC6\x1E\x3A\x87\x23\x66\xD2\x59\x7C\x9F\xA0\xF7\xF8\xC7\x61\x84\x61\xA5\x29\x0F"
"\x30\x4F\x29\x1D\xF8\x9C\xA7\x3A\x34\x66\xBE\xF7\xA6\xF0\x46\xDF\xA7\x9F\x2D\xA2\x92\x65\x55\xD1\xB1"
"\x20\x9E\x27\x62\x1C\x4C\x9A\xB2\xCE\x64\xFB\xBC\xDA\x26\x59\x3A\x10\x5E\xCA\x86\xFD\xFA\x73\xC3\x47"
"\x5C\x01\x8A\x4B\x14\x58\xC6\xE1\x8D\x8B\x92\x72\x30\x66\x59\x86\xB0\xFB\xA1\x06\x33\xFF\xBD\xF0\xE6"
"\x63\xE2\xEF\xCF\x2F\x36\x1F\x7F\xBA\x00\x81\x3C\x8C\x92\xDF\xDC\x95\x8C\x07\x20\x1E\x4F\x16\xF5\x83"
"\xDB\x2D\x6B\x3E\x3D\x81\xBF\x59\xD3\xE3\x25\xD0\x96\x07\xAE\xDB\xBD\xB4\x73\x50\x44\xE7\x8E\x4C\x57"
"\x8E\x2A\xFB\x23\x48\x60\x3C\x80\x27\x91\x2E\xE5\x7C\xA0\xAB\x72\x9A\xA6\xBC\x00\x5B\x2D\x35\x5C\x5A"
"\xE5\x1E\x8B\x62\xDA\x9B\x0F\x99\x04\xF0\x47\x1C\x44\x2E\x10\xD7\x07\xC2\xDA\x18\x91\x4E\x18\xE5\x92"
"\xA6\xC6\xBB\x45\x1B\x39\xA6\xC1\xD9\xD3\x11\x25\xF6\xF1\xF9\x93\xF9\xE8\x31\xF8\x6E\x94\xF5\x81\xAE"
"\x2C\x2E\x52\x29\x8D\xAA\xE7\x13\x87\x4C\xCE\xC5\x32\x87\xC6\xA3\xFB\x2F\x61\x36\xA4\x4B\x70\x89\xB2"
"\x3A\x6B\x5D\xE2\xDB\xCD\x87\xB8\x8C\x6E\x95\x52\x9D\x1E\xE7\x55\xED\xC1\x52\x56\x1D\x4C\x9D\xE2\x8C"
"\x09\x1D\x92\xB2\xBC\x41\x5A\x1F\xB8\x51\x23\xDD\xE5\xA7\xE0\x40\x99\x91\x3C\xF8\xBE\xDC\xC4\xC4\x96"
"\x19\x2D\x48\xB0\x22\xAD\x0F\x5C\x0B\x96\x1A\xB3\xC3\x99\xEE\x41\x69\x51\xB3\x97\x1F\x5C\x0E\x24\x06"
"\xD7\x83\xB4\x3E\x70\x43\x33\xB9\x06\x07\x09\x13\x89\xFD\x33\xC5\xD2\x32\x2B\x91\x8B\x2F\x45\x5A\x1F"
"\xB8\x99\x5F\xB9\xB9\x0D\xEB\x60\x7D\xE5\xB3\x73\xEB\xD3\x77\x00\xEB\x6C\xAE\x75\xD0\x46\x74\x4B\x61"
"\xE0\xD0\xBE\xD0\x45\xE1\xF6\x06\x66\xAA\x30\x5C\xDA\x07\x20\x5D\x89\xEC\x67\xF8\xB8\x50\xAA\x55\xD9"
"\xC6\xDA\x73\x60\x2C\x7B\x69\x3C\x2B\x87\x6E\x25\xE2\xDE\x7C\xD8\x10\xE1\x4A\xA4\x7D\xCF\xBF\x6B\x83"
"\x39\x45\x44\x60\x2C\xDE\x70\xFD\x73\xC6\x4D\x26\x4C\x0A\xCA\xE6\xCB\x87\x6E\xA6\x8F\x5E\x7D\x40\x43"
"\xA0\x4E\xC7\x68\x9E\x79\x51\xB7\x6C\xB7\x4D\xAB\x35\xBD\x5C\xF6\x0F\xBF\xAF\x78\x8E\x04\x0D\x81\x6D"
"\x8C\xF5\xC6\x27\xDC\x04\x33\xE0\xEC\x88\x0C\x15\xD1\x29\xDE\xBB\xEF\xAB\x59\x4C\x48\xD8\x16\x0D\x81"
"\x22\x35\x29\x91\x4F\xBC\xC8\x80\x23\x21\xA2\xE1\x5F\x4B\xEF\x98\x07\xBB\x25\xA9\x7C\xE1\xA9\xFF\xF6"
"\xBD\xE1\x33\x75\xEE\x60\x96\x6F\x66\x5D\xCF\xBD\x89\x94\x0F\xB9\xD3\xD5\x20\x1E\x1B\x0C\xFB\xA4\xBC"
"\x7F\x7F\x23\x18\xCE\x7F\xD4\xEB\x78\x77\x4F\xDC\xA3\xAA\xE3\x31\x81\x4B\x57\xD3\x77\x7C\xA8\xF9\xCB"
"\x52\x88\x08\x64\x63\x72\x00\xF2\x1D\xDF\x95\x3B\xB6\xAF\xFC\x2F\xA1\x4F\x55\xA8\x86\x9F\xAC\xC0\xA3"
"\x8B\xFE\xBA\xC7\xC4\x5F\x2C\x2B\xF7\xCD\x5C\x4E\x65\x90\x99\x39\x39\xCB\x51\x11\x98\x0A\xF9\x4E\x96"
"\x41\x9E\x32\x8F\x6E\xA3\x40\xF8\x1F\xB7\x82\x29\x23\x73\x5B\xA2\x9E\xE6\x8A\x85\x59\xD2\xDA\x0C\x19"
"\x81\x29\xBC\x0D\x95\x7F\xA7\x7C\x3A\xD6\x81\xEC\xB4\x6C\xD0\xA1\x4B\x2B\x89\x49\x8D\xDB\xEA\x7A\xCC"
"\x5B\x03\x0A\xD0\xBB\x06\x21\x34\xDC\x00\xB2\x43\x2B\x38\xAB\x04\x2E\xDA\x21\x6B\xBB\xA0\x31\xF2\xD7"
"\x30\xBD\x6A\xDF\x39\xEE\xC2\x8C\xC7\x91\xF6\x44\xE7\xBD\x3D\xCD\x1A\xA4\x0C\x5A\xD0\xC6\x13\x6E\x65"
"\x2E\x8F\xE1\x16\xE7\xF2\x7B\xBB\x4B\xED\xF6\x6B\xF1\xF2\xD7\x84\x9A\x52\xB7\x10\x63\xD7\x3D\x4F\xE0"
"\x63\xF0\xBB\xEC\xE0\x5B\xDE\x0F\xFB\xAA\xF6\x0D\x62\xA8\xD1\xE5\xD2\xB3\x45\x48\xBA\x3A\x4A\x20\xBC"
"\x72\xA8\x96\xC0\x5B\xCE\x72\xD9\xC7\x5D\x8C\x61\xC6\x97\x8B\xB9\x00\x3B\x6F\xB7\x67\x24\x5A\x70\x6F"
"\xCE\xB3\xBD\xD7\xCD\x08\x53\x40\x38\x14\xA7\x63\x5C\x2C\xFC\x88\x54\x42\xE3\x66\x37\xEC\xE1\x4C\x1A"
"\x24\x3E\xBE\x64\x90\xCD\x15\x20\xB4\x2F\x85\xCC\x08\x81\x0E\x04\xFE\x6D\x87\xC0\xD5\xDF\xA6\x04\xAA"
"\x16\xCD\x55\xC0\x64\x6F\x46\x5B\x11\xA3\xE9\x25\x6B\xAE\x85\x5B\xF8\xBB\x6C\x5C\xFE\x15\x44\xCD\xEE"
"\x8D\x04\x02\x81\x40\x20\x10\x08\x04\x02\x81\x40\x20\x10\x08\x04\x02\x81\x40\x20\x10\x08\x04\x02\x81"
"\x40\x20\x10\x08\x84\xEF\x82\xFF\x00\x69\x83\x37\x93\x57\x06\xA9\x97\x00\x00\x00\x00\x49\x45\x4E\x44"
"\xAE\x42\x60\x82"
}
};

static const binfile_t background_pce = {"background_pce.png", 2549, {
"\x89\x50\x4E\x47\x0D\x0A\x1A\x0A\x00\x00\x00\x0D\x49\x48\x44\x52\x00\x00\x01\x40\x00\x00\x00\xF0\x08"
"\x03\x00\x00\x00\x46\xF3\x4D\x59\x00\x00\x03\x00\x50\x4C\x54\x45\xFB\xF8\xF1\xFA\xF7\xF0\xFB\xF5\xEA"
"\xF8\xF5\xEF\xF7\xF5\xEE\xFB\xF3\xE3\xFB\xF1\xDF\xF4\xF2\xEC\xF4\xF1\xEC\xFB\xF0\xDC\xFB\xEF\xD8\xFA"
"\xEE\xD8\xF6\xED\xDB\xF5\xED\xDC\xF4\xEB\xD9\xF1\xEF\xE9\xEF\xED\xE8\xEE\xEC\xE7\xED\xEB\xE7\xF0\xE9"
"\xDA\xEB\xE9\xE5\xEB\xE8\xE0\xEB\xE6\xDB\xE9\xE8\xE4\xE6\xE5\xE2\xE8\xE4\xDC\xE5\xE4\xDF\xE4\xE3\xE0"
"\xE1\xE1\xDE\xE0\xE0\xDD\x00\x00\x00\x00\x00\x00\x00\x00\x00\x00\x00\x00\x00\x00\x00\x00\x00\x00\x00"
"\x00\x00\x00\x00\x00\x00\x00\x00\x00\x00\x00\x00\x00\x00\x00\x00\x00\x00\x00\x00\x00\x00\x00\x00\x00"
"\x00\x00\x00\x00\x00\x00\x00\x00\x00\x00\x00\x00\x00\x00\x00\x00\x00\x00\x00\x00\x00\x00\x00\x00\x00"
"\x00\x00\x00\x00\x00\x00\x00\x00\x00\x00\x00\x00\x00\x00\x00\x00\x00\x00\x00\x00\x00\x00\x00\x00\x00"
"\x00\x00\x00\x00\x00\x00\x00\x00\x00\x00\x00\x00\x00\x00\x00\x00\x00\x00\x00\x00\x00\x00\x00\x00\x00"
"\x00\x00\x00\x00\x00\x00\x00\x00\x00\x00\x00\x00\x00\x00\x00\x00\x00\x00\x00\x00\x00\x00\x00\x00\x00"
"\x00\x00\x00\x00\x00\x00\x00\x00\x00\x00\x00\x00\x00\x00\x00\x00\x00\x00\x00\x00\x00\x00\x00\x00\x00"
"\x00\x00\x00\x00\x00\x00\x00\x00\x00\x00\x00\x00\x00\x00\x00\x00\x00\x00\x00\x00\x00\x00\x00\x00\x00"
"\x00\x00\x00\x00\x00\x00\x00\x00\x00\x00\x00\x00\x00\x00\x00\x00\x00\x00\x00\x00\x00\x00\x00\x00\x00"
"\x00\x00\x00\x00\x00\x00\x00\x00\x00\x00\x00\x00\x00\x00\x00\x00\x00\x00\x00\x00\x00\x00\x00\x00\x00"
"\x00\x00\x00\x00\x00\x00\x00\x00\x00\x00\x00\x00\x00\x00\x00\x00\x00\x00\x00\x00\x00\x00\x00\x00\x00"
"\x00\x00\x00\x00\x00\x00\x00\x00\x00\x00\x00\x00\x00\x00\x00\x00\x00\x00\x00\x00\x00\x00\x00\x00\x00"
"\x00\x00\x00\x00\x00\x00\x00\x00\x00\x00\x00\x00\x00\x00\x00\x00\x00\x00\x00\x00\x00\x00\x00\x00\x00"
"\x00\x00\x00\x00\x00\x00\x00\x00\x00\x00\x00\x00\x00\x00\x00\x00\x00\x00\x00\x00\x00\x00\x00\x00\x00"
"\x00\x00\x00\x00\x00\x00\x00\x00\x00\x00\x00\x00\x00\x00\x00\x00\x00\x00\x00\x00\x00\x00\x00\x00\x00"
"\x00\x00\x00\x00\x00\x00\x00\x00\x00\x00\x00\x00\x00\x00\x00\x00\x00\x00\x00\x00\x00\x00\x00\x00\x00"
"\x00\x00\x00\x00\x00\x00\x00\x00\x00\x00\x00\x00\x00\x00\x00\x00\x00\x00\x00\x00\x00\x00\x00\x00\x00"
"\x00\x00\x00\x00\x00\x00\x00\x00\x00\x00\x00\x00\x00\x00\x00\x00\x00\x00\x00\x00\x00\x00\x00\x00\x00"
"\x00\x00\x00\x00\x00\x00\x00\x00\x00\x00\x00\x00\x00\x00\x00\x00\x00\x00\x00\x00\x00\x00\x00\x00\x00"
"\x00\x00\x00\x00\x00\x00\x00\x00\x00\x00\x00\x00\x00\x00\x00\x00\x00\x00\x00\x00\x00\x00\x00\x00\x00"
"\x00\x00\x00\x00\x00\x00\x00\x00\x00\x00\x00\x00\x00\x00\x00\x00\x00\x00\x00\x00\x00\x00\x00\x00\x00"
"\x00\x00\x00\x00\x00\x00\x00\x00\x00\x00\x00\x00\x00\x00\x00\x00\x00\x00\x00\x00\x00\x00\x00\x00\x00"
"\x00\x00\x00\x00\x00\x00\x00\x00\x00\x00\x00\x00\x00\x00\x00\x00\x00\x00\x00\x00\x00\x00\x00\x00\x00"
"\x00\x00\x00\x00\x00\x00\x00\x00\x00\x00\x00\x00\x00\x00\x00\x00\x00\x00\x00\x00\x00\x00\x00\x00\x00"
"\x00\x00\x00\x00\x00\x00\x00\x00\x00\x00\x00\x00\x00\x00\x00\x00\x00\x00\x00\x00\x00\x00\x00\x00\x00"
"\x00\x00\x00\x00\x00\x00\x00\x00\x00\x00\x00\x00\x00\x00\x00\x00\x00\x00\x00\x00\x00\x00\x00\x00\x00"
"\x00\x00\x00\x00\x00\x00\x00\x00\x00\x00\x00\x00\x00\x00\x00\x00\x00\x00\x00\x00\x00\x00\x00\x00\x00"
"\x00\x00\x00\x00\x00\x00\x00\x00\x00\x96\x54\x2C\x09\x00\x00\x06\xB0\x49\x44\x41\x54\x78\xDA\xED\x9D"
"\x81\xB6\x9B\x28\x10\x86\x63\xA1\x95\xDE\xEC\xAE\x5C\x6B\x1B\x36\x81\xF7\x7F\xCD\x8D\x22\x8A\x82\xD1"
"\x44\xF4\x6E\xC6\xFF\x3B\xA7\xD5\x78\x4D\x3C\xFC\x19\x60\x98\x00\x73\x3A\x01\x00\x00\x00\x00\x00\x00"
"\x00\x00\x00\x00\x00\x00\x00\x00\x00\x00\x00\x00\x00\x00\x00\x00\x00\x00\x00\x00\x00\x00\x00\x00\x00"
"\x00\x00\x00\x00\x00\x00\x00\x00\x00\x00\x00\x00\x00\x00\x00\x00\x00\x00\x00\x00\x00\x00\x00\x00\x00"
"\x00\x00\x00\x7C\x21\x19\xCF\x37\x86\x67\x74\xD5\x63\xA2\x52\x7A\x73\x54\x25\x18\x4D\xF9\x64\xA8\x9E"
"\x31\x29\xA5\x33\xA6\xFD\x3C\x25\xE9\x49\x98\x15\xAA\x29\xA1\x76\xFF\xB7\x65\xB6\xC5\x6E\x8A\xDE\x5E"
"\xEF\xFE\xEF\x5E\x1B\xAD\x47\x6F\xEB\x5F\xF4\xF7\x69\xD3\xFE\xAB\xAF\xA9\x82\x58\x4D\x66\x65\x6F\x71"
"\x4E\x98\x81\x58\xDE\x75\x33\x14\xC9\x7B\x1D\xD8\x9A\x19\xBD\xAF\x93\xDC\xE8\x92\x94\x11\xB2\x8B\xAF"
"\x41\x6B\x6E\xA6\xB7\x42\xEF\x24\xF8\x83\x67\x6B\xDE\xCD\xC6\x78\x32\x0E\xDF\xD6\x7E\x21\x15\xA3\xA7"
"\x9F\xF6\x6D\x25\x22\xA0\xAB\xD0\xA3\xBB\xFD\xA3\x89\x7C\x46\x78\xDE\xBC\x9D\x8E\x82\x59\xA9\x9F\xEA"
"\x3E\x8C\x99\xFE\xEB\xA0\x21\x9C\x79\x6F\x49\xA5\x1D\x14\xC3\x32\xDE\x6A\xDA\x43\xC3\x55\xFB\xAF\xEA"
"\xBF\xF5\xAF\xAF\x57\x7B\xEE\xEE\xF1\xEF\x8C\x9C\x0F\x25\x16\x44\x2A\xB0\xEA\xAD\xE7\x52\xE4\x6C\x53"
"\xF2\xE2\xD2\xDB\xA1\xA2\x51\x89\x65\x57\xB9\x94\xD8\xA1\x52\x65\x42\x75\x2D\xA9\x24\x62\x80\x6D\x79"
"\x2E\x7C\xBF\x3E\xCB\xFA\x96\x24\x4C\x50\xB8\xAE\x55\xF1\xBD\x1E\xC9\x95\xAB\xC6\x14\x5A\xC1\xF2\x0B"
"\x0A\xD3\x75\x5B\x25\x01\x1F\xC6\x59\xC3\x65\x47\xA7\x22\x73\x8E\xA7\x7A\x7F\x4F\x86\xDD\x5A\x97\x6D"
"\xD7\x06\x5D\xB6\xCE\xCC\xED\xFD\x1B\x41\xEE\x6A\x53\xBE\xE7\x53\x73\xE7\x65\xF3\xB7\x17\x30\x77\x02"
"\xF2\x7D\xBF\x36\xF3\x05\x5F\x1B\x29\x01\xDB\xC1\x1E\x11\x01\xEB\x16\x69\x6F\x01\x0D\x25\x01\xA3\x16"
"\xC8\x85\x2C\x93\xF0\x29\xF8\x01\x05\xE4\x65\x10\x61\x99\x3A\x3E\x8A\xDE\xD8\xEB\xB7\x92\xFF\x1F\xBA"
"\xAE\x3D\x05\x14\x4A\x3F\x25\xE0\xEC\x4F\x49\x82\xB2\x80\x26\x68\x03\xC5\x38\xA6\x37\x75\x0C\x5F\x9A"
"\x89\x90\xA0\x88\xF4\xC2\x86\xAA\x80\x5C\x3D\xFB\x7B\xDB\xFC\xF9\x60\xA8\x4D\xCE\x8D\x19\x09\x58\x36"
"\x45\x57\x65\x91\x84\x52\x05\xE3\x5E\x62\x16\x38\x6E\x03\x9B\x08\x57\xC2\xE8\x16\x6F\x86\xBE\x7E\xEC"
"\x8A\x5A\x27\x32\xAA\xC2\xA2\xB6\x8F\x5B\x42\xC7\x90\xDF\x46\x62\x11\xEF\x85\x8B\x5A\xD0\x2A\xE5\x53"
"\xAA\xFA\x09\xC5\x61\x04\x6C\x82\xFC\x9F\x49\xA3\x2F\x7A\x18\xC0\x3F\x82\x80\x49\xC3\x5B\xD2\x1C\x4F"
"\xC0\xB4\x16\x58\x7B\x4A\xC7\x15\x30\xAF\x5E\x22\x1F\x0A\x68\x24\x51\x3F\xD0\xCC\x55\x61\xDB\x87\x4E"
"\x0F\xDF\x26\x46\x27\x7E\x3F\x2E\xEB\x77\x06\x16\x68\x68\xF8\x81\xED\xD8\x6B\x5A\x40\x31\x98\x5B\x14"
"\x11\x6E\x6A\x6C\x2C\x06\x9F\x48\x56\xC0\xD0\x0F\x1C\x09\xC8\x5E\x9C\xB7\xEA\x79\xCE\x61\x2F\x6C\x28"
"\x87\xB3\x82\xE2\x16\xF2\x05\x8A\x47\x9F\xE8\xCC\x95\xA6\x80\x9F\xE9\xDD\x98\x50\x40\x4D\xDA\x02\xCD"
"\xE6\x7E\xA0\xA1\x1C\x0F\xDC\xC2\x91\x36\x94\x1D\x69\x08\xB8\xBA\x0A\x07\x02\x0E\xBC\x36\x8C\x44\x9E"
"\xEF\x85\x21\x60\x42\x3F\x70\x9B\x5E\xF8\x48\x7E\xE0\x26\xE1\x2C\x08\xB8\x52\x40\xB4\x81\xEB\xFC\x40"
"\xDA\x02\x9A\xF4\x8E\xB4\x89\x44\x63\x10\x91\x86\x80\x8B\xE2\x81\x69\xDA\x40\xC2\x01\xD5\xB9\x78\x20"
"\x3A\x91\x35\x7E\xE0\xCA\x95\x49\xD9\xD1\xDD\x18\xA9\x6E\xAB\x50\xC5\xB1\x05\xE4\xEB\x17\xFA\xF3\x43"
"\xFB\x81\xF9\x7A\x01\xF3\x03\xF8\x81\x41\x38\xAB\xF3\x03\x63\x4B\x89\x9F\xC3\x2E\x0A\x0E\xC3\x59\xA4"
"\xE7\x07\x7A\x15\x6E\xED\x46\x32\xED\x36\x31\x13\x02\x12\x8E\x07\x6E\xE0\x48\x1F\xEA\x37\x91\xED\x05"
"\x44\x3C\x10\x8E\xF4\x8C\x05\x62\x7A\xDB\xEB\x02\x16\xB5\x4D\x26\x5D\xCA\x5B\x1E\x6B\x82\x65\xB3\x88"
"\x3D\xE5\x72\x7C\x3B\x39\x44\x1C\x46\x40\xBB\x86\x38\xDD\xC6\x38\xAC\xAA\x3D\xA5\x1B\x3B\x8C\x80\xB6"
"\xC6\x69\x25\x45\x12\xA4\xDD\xD7\x2C\xB2\xCC\x81\x6A\x3C\x70\x30\x23\x30\xC5\xBE\x77\xA3\xD9\x82\xE4"
"\xE7\x07\xBA\x29\x81\x66\x99\x34\xCB\xEE\x2A\x4E\x54\x05\x8C\xAE\x17\x2E\xA2\x6B\xDF\xC6\xBB\x66\x79"
"\x5B\x89\x05\xD3\x2B\x47\xB7\x0E\xF4\xA3\xFE\xBB\x70\x73\xBD\x8A\x2E\x24\x0C\xF6\x73\x8B\xEE\xBF\x18"
"\x5C\xA8\x46\x42\x11\x9F\x1F\x68\xC3\x08\x79\x51\x25\x42\xE6\xE3\xDD\x4D\x88\x8F\x85\xB7\x87\xF8\xFC"
"\xC0\x3D\x04\xD4\x10\x10\x02\x7A\x55\x18\x02\xBE\x5D\x1B\x48\x3A\x1E\xB8\x8B\x80\x06\xBD\x30\x04\x44"
"\x15\x86\x80\x6F\x24\x20\x13\xF2\x73\x21\x72\x36\x5F\xC3\xF1\x76\x6F\xCB\xBC\x5C\x0F\x7E\xF8\x60\x14"
"\x6A\xE8\xD6\x19\xCA\xEC\x38\x02\x2E\xD9\x0A\x91\x55\x91\x30\x81\xDD\x73\x7F\x22\xFC\xF2\x38\x9E\x4D"
"\x77\x7E\x20\xCF\x63\x05\xCF\xAA\xD8\x3E\x45\x7E\x30\x2B\x8C\xC7\x54\x31\x1B\x64\x39\xF7\xDB\x40\x7A"
"\xBD\xB0\xB8\x69\x15\x29\x93\x58\xB4\xE9\xD3\xE4\x72\xEB\xFE\x61\x4A\xDF\x04\x41\x37\xA6\xB3\xC0\x4C"
"\xC5\xB7\xF3\xB5\x06\x58\xD9\x65\xC0\x6E\x39\xB0\x3B\xDE\x91\xFD\xB5\xFA\xBC\xBD\x3D\x34\xE4\x8B\x5B"
"\x86\x4D\x4B\x40\xD3\x05\x13\xB8\x8E\x6E\x2F\x6E\x7F\x95\x2C\x96\x7F\x68\xA1\xA3\x3B\xE5\x37\x5B\x2E"
"\xB7\x0F\xA2\xE4\xC6\xCC\x0A\xC8\xF5\x93\x99\x03\x98\x8A\x76\x4B\x54\x05\xEC\xA3\x31\x2C\xBE\x39\x36"
"\x7F\x76\xCF\xEC\xEC\x91\x80\xEC\x44\x37\x22\xBD\xB1\x80\xEC\xF7\xAF\x7F\x7E\xFD\x66\x84\x1D\xE9\x69"
"\x01\xEF\x35\x7B\xBD\x80\xDF\xCE\xE7\x8F\x8F\xF3\xB7\x43\x5A\x60\x12\x01\x7F\x34\x02\xFE\x60\x74\xE3"
"\x81\xEC\x51\x27\xB2\x5A\x40\x76\xFE\xA8\x05\x3C\x1F\x53\xC0\x04\x16\xC8\x7E\xD6\x02\x7E\x1C\x53\xC0"
"\xA7\xAB\xF0\xFD\x23\x83\x2A\xFC\xFD\x6E\x7E\xE7\x8F\xEF\x27\x08\xF8\xA2\x80\xEC\xEF\xBB\x80\x7F\xB1"
"\xA3\xFA\x81\x29\x1C\xE9\x7F\xFF\xFC\xB9\x92\x74\xA4\x1F\xF7\xC2\xE9\x86\x72\xA6\x73\xA4\x0F\x25\xE0"
"\x20\x98\x30\xCF\xE7\x64\x30\xC1\x1B\x89\xD0\x9A\xDE\xD6\x09\x78\x8B\x0B\x98\xBF\x32\x3B\x30\x8F\x0B"
"\x78\xA5\x2C\x60\x13\x38\x8D\x4D\xCF\x2F\xE7\xB7\x7E\x1F\x47\x06\x63\x99\x33\x4B\x17\x68\xE5\x2E\xFC"
"\x4A\x2D\xA0\xCA\x2B\x55\xCE\x87\xA4\x63\x71\xE8\xF1\xFC\xC0\x68\x48\x9F\x95\xAA\xB2\xCF\xA1\x33\x3F"
"\x70\x1C\x5C\x9F\x70\x56\xEA\x0C\xD8\xE3\xD4\xCC\x7A\x3A\xBF\xF0\x64\x06\xEB\xCC\x7D\x6D\x64\x92\x52"
"\xDD\x9B\x3D\x9B\x40\x59\xCE\xDD\x98\x77\x81\xE7\xFA\x97\xCB\xA9\x0E\xA4\x09\x4C\xE7\x73\x2E\x8F\x74"
"\xFB\xD4\xBE\x7F\x5A\xB4\x4C\xB5\x01\x55\x24\xE6\x7B\x91\xD2\x4D\x1D\x47\x6A\xC8\xD7\x0B\x63\xB3\xFD"
"\xEE\x98\x9C\xD4\xB5\xA2\x14\x92\x93\xF6\x9B\x1C\xEF\x95\x1E\x97\x5F\xDC\x72\x09\x1A\x19\x9A\xA5\x97"
"\x39\x6A\xA7\x04\xCD\xED\x02\x09\x1A\x09\x9A\x1B\x13\x34\xAD\x07\xB2\x75\x8A\x70\x6E\x53\x84\xBB\x46"
"\x83\x46\x8A\xF0\xB6\x15\x34\x4E\xC4\xFB\x70\xEE\x7A\xB5\x19\xE5\xED\x71\x36\xF5\xFC\xC2\x73\x7D\x1B"
"\x0D\x03\x89\x24\xA9\x6F\xF6\x36\xF1\x04\x7C\x75\x7D\xDC\x82\xEB\x66\x76\xB0\xF7\xA6\x95\xB8\x72\xE3"
"\x08\xD3\xAF\x87\xEB\xD7\xC5\xD9\x33\xFF\xEA\x6B\xE7\xA3\x27\x54\xEC\x74\x22\xA4\xA0\x3F\x1C\x0B\x32"
"\x18\xF6\xD6\x19\x8A\xB3\xFC\xFA\x50\x40\x4A\xFA\xD5\xA3\x7C\x6F\x8C\xDB\xC7\x07\xFC\x29\x6C\xAD\x2A"
"\x31\xB9\x16\x5E\xF7\x8F\xBA\x24\xA5\x9F\x0D\x16\x0C\x8B\x6E\x0F\x7D\xC3\xE8\x4F\xA7\xF4\x1B\xCC\xE5"
"\xD7\xBD\x93\xC9\x60\xC3\x3B\x1B\xA1\x54\xD1\xF9\x7F\xCF\xA4\x20\x5D\x9A\x68\x44\xB2\x13\x45\x98\xA8"
"\x94\xDE\x1C\x55\x09\x9A\xF2\xD9\x9A\xBC\x72\xAF\xB1\xC5\xBB\x91\x01\x00\x00\x00\x00\x00\x00\x00\x00"
"\x00\x00\x00\x00\x00\x00\x00\x00\x00\x00\x00\x00\x00\x00\x00\x00\x00\x00\x00\x00\x00\x00\x00\x00\x00"
"\x00\x2C\xE2\x3F\x1A\xE6\xA4\x27\x1C\x66\xF3\xAB\x00\x00\x00\x00\x49\x45\x4E\x44\xAE\x42\x60\x82"
}
};

static const binfile_t background_recent = {"background_recent.png", 2718, {
"\x89\x50\x4E\x47\x0D\x0A\x1A\x0A\x00\x00\x00\x0D\x49\x48\x44\x52\x00\x00\x01\x40\x00\x00\x00\xF0\x08"
"\x03\x00\x00\x00\x46\xF3\x4D\x59\x00\x00\x03\x00\x50\x4C\x54\x45\xFB\xF8\xF1\xF9\xF6\xF0\xF7\xF4\xEE"
"\xF7\xF4\xEC\xFB\xF1\xDE\xF4\xF2\xEC\xF2\xF0\xEB\xFB\xEF\xD8\xF1\xEF\xEA\xF1\xEF\xE9\xE9\xE8\xE4\xE1"
"\xE0\xDD\xE0\xE0\xDD\x00\x00\x00\x00\x00\x00\x00\x00\x00\x00\x00\x00\x00\x00\x00\x00\x00\x00\x00\x00"
"\x00\x00\x00\x00\x00\x00\x00\x00\x00\x00\x00\x00\x00\x00\x00\x00\x00\x00\x00\x00\x00\x00\x00\x00\x00"
"\x00\x00\x00\x00\x00\x00\x00\x00\x00\x00\x00\x00\x00\x00\x00\x00\x00\x00\x00\x00\x00\x00\x00\x00\x00"
"\x00\x00\x00\x00\x00\x00\x00\x00\x00\x00\x00\x00\x00\x00\x00\x00\x00\x00\x00\x00\x00\x00\x00\x00\x00"
"\x00\x00\x00\x00\x00\x00\x00\x00\x00\x00\x00\x00\x00\x00\x00\x00\x00\x00\x00\x00\x00\x00\x00\x00\x00"
"\x00\x00\x00\x00\x00\x00\x00\x00\x00\x00\x00\x00\x00\x00\x00\x00\x00\x00\x00\x00\x00\x00\x00\x00\x00"
"\x00\x00\x00\x00\x00\x00\x00\x00\x00\x00\x00\x00\x00\x00\x00\x00\x00\x00\x00\x00\x00\x00\x00\x00\x00"
"\x00\x00\x00\x00\x00\x00\x00\x00\x00\x00\x00\x00\x00\x00\x00\x00\x00\x00\x00\x00\x00\x00\x00\x00\x00"
"\x00\x00\x00\x00\x00\x00\x00\x00\x00\x00\x00\x00\x00\x00\x00\x00\x00\x00\x00\x00\x00\x00\x00\x00\x00"
"\x00\x00\x00\x00\x00\x00\x00\x00\x00\x00\x00\x00\x00\x00\x00\x00\x00\x00\x00\x00\x00\x00\x00\x00\x00"
"\x00\x00\x00\x00\x00\x00\x00\x00\x00\x00\x00\x00\x00\x00\x00\x00\x00\x00\x00\x00\x00\x00\x00\x00\x00"
"\x00\x00\x00\x00\x00\x00\x00\x00\x00\x00\x00\x00\x00\x00\x00\x00\x00\x00\x00\x00\x00\x00\x00\x00\x00"
"\x00\x00\x00\x00\x00\x00\x00\x00\x00\x00\x00\x00\x00\x00\x00\x00\x00\x00\x00\x00\x00\x00\x00\x00\x00"
"\x00\x00\x00\x00\x00\x00\x00\x00\x00\x00\x00\x00\x00\x00\x00\x00\x00\x00\x00\x00\x00\x00\x00\x00\x00"
"\x00\x00\x00\x00\x00\x00\x00\x00\x00\x00\x00\x00\x00\x00\x00\x00\x00\x00\x00\x00\x00\x00\x00\x00\x00"
"\x00\x00\x00\x00\x00\x00\x00\x00\x00\x00\x00\x00\x00\x00\x00\x00\x00\x00\x00\x00\x00\x00\x00\x00\x00"
"\x00\x00\x00\x00\x00\x00\x00\x00\x00\x00\x00\x00\x00\x00\x00\x00\x00\x00\x00\x00\x00\x00\x00\x00\x00"
"\x00\x00\x00\x00\x00\x00\x00\x00\x00\x00\x00\x00\x00\x00\x00\x00\x00\x00\x00\x00\x00\x00\x00\x00\x00"
"\x00\x00\x00\x00\x00\x00\x00\x00\x00\x00\x00\x00\x00\x00\x00\x00\x00\x00\x00\x00\x00\x00\x00\x00\x00"
"\x00\x00\x00\x00\x00\x00\x00\x00\x00\x00\x00\x00\x00\x00\x00\x00\x00\x00\x00\x00\x00\x00\x00\x00\x00"
"\x00\x00\x00\x00\x00\x00\x00\x00\x00\x00\x00\x00\x00\x00\x00\x00\x00\x00\x00\x00\x00\x00\x00\x00\x00"
"\x00\x00\x00\x00\x00\x00\x00\x00\x00\x00\x00\x00\x00\x00\x00\x00\x00\x00\x00\x00\x00\x00\x00\x00\x00"
"\x00\x00\x00\x00\x00\x00\x00\x00\x00\x00\x00\x00\x00\x00\x00\x00\x00\x00\x00\x00\x00\x00\x00\x00\x00"
"\x00\x00\x00\x00\x00\x00\x00\x00\x00\x00\x00\x00\x00\x00\x00\x00\x00\x00\x00\x00\x00\x00\x00\x00\x00"
"\x00\x00\x00\x00\x00\x00\x00\x00\x00\x00\x00\x00\x00\x00\x00\x00\x00\x00\x00\x00\x00\x00\x00\x00\x00"
"\x00\x00\x00\x00\x00\x00\x00\x00\x00\x00\x00\x00\x00\x00\x00\x00\x00\x00\x00\x00\x00\x00\x00\x00\x00"
"\x00\x00\x00\x00\x00\x00\x00\x00\x00\x00\x00\x00\x00\x00\x00\x00\x00\x00\x00\x00\x00\x00\x00\x00\x00"
"\x00\x00\x00\x00\x00\x00\x00\x00\x00\x00\x00\x00\x00\x00\x00\x00\x00\x00\x00\x00\x00\x00\x00\x00\x00"
"\x00\x00\x00\x00\x00\x00\x00\x00\x00\x00\x00\x00\x00\x00\x00\x00\x00\x00\x00\x00\x00\x00\x00\x00\x00"
"\x00\x00\x00\x00\x00\x00\x00\x00\x00\x76\xB9\xC6\x88\x00\x00\x07\x59\x49\x44\x41\x54\x78\xDA\xED\x9D"
"\xEB\x96\x82\x20\x14\x85\x01\x83\x01\xE2\xFD\x9F\x77\x4C\x33\x41\x31\x0F\x58\x29\xB0\xBF\x1F\xB3\x66"
"\xAD\x99\xCA\xB6\xE7\x06\xC2\x81\x31\x00\x00\x00\x00\x00\x00\x00\x00\x00\x00\x00\x00\x00\x00\x00\x00"
"\x00\x00\x00\x00\x00\x00\x00\x00\x00\x00\x00\x00\x00\x00\x00\x00\x00\x00\x00\x00\x00\x00\x00\x00\x00"
"\x00\x00\x00\x00\x00\x00\x00\xCD\xC3\x07\xA0\x43\xAA\x6C\x42\x6A\x63\x07\xEE\xF7\xFB\xF8\x8B\x35\x5A"
"\x0A\x48\xB9\x8F\x50\xA3\x6C\x51\xFA\x3F\x29\x01\x8D\xDE\x8A\x77\xDF\xC5\x5A\x0D\x11\x63\xEA\x99\x1D"
"\xF1\x9C\x2F\xA2\x81\x86\x61\xD4\xD3\xFB\xA6\xE7\x16\x86\x08\x3B\x7C\x21\x29\x9E\x1B\xF3\x65\x09\xED"
"\x7A\x54\x96\x7A\x4F\x0D\x55\xF3\xF2\xE9\x14\xF9\x5C\x44\x42\x0D\xEB\xDB\x28\x58\xFA\xCA\x4F\x29\x25"
"\x65\xFF\x63\xAC\x0A\xA3\x02\x36\x6D\x85\x72\x92\xCF\x05\x19\xD6\x1A\x15\x2B\x99\xB9\x50\x26\x1E\x2C"
"\x1B\x8D\x85\xC2\x4E\x16\x35\xEB\xD7\xD7\x78\x3B\x62\x08\x3D\x8A\x18\x1A\xA3\x6D\x30\x23\x7B\xC1\xCF"
"\xBD\xB2\xEA\xCA\xF0\x7A\x9B\x33\x2B\x53\x7C\x64\xED\x59\xC0\x41\xFE\xE6\x42\xA1\xB0\xEB\x50\x16\x71"
"\x5B\xF3\xF8\x8B\x89\xB8\xF3\x1C\x3C\x27\xF3\x6D\xCB\x08\x97\xB9\x77\x6B\x64\x61\x7B\x75\x9C\xA5\x8D"
"\x5C\x1A\x32\x42\xBE\xFA\xEA\x7C\xEB\x1F\xB7\x05\x0C\x87\x2F\x83\x19\xDA\x46\x66\x6B\xA4\xA5\x5A\xCE"
"\x43\x40\xB7\x29\xA0\x6F\xC9\xAE\xA1\x74\x1C\xD6\x7E\x9B\xD6\xB7\x6F\x81\x91\x41\x74\x0B\x35\xA1\x49"
"\xA9\x3F\xAC\xEB\x73\x84\x4D\x89\x07\xA6\x76\xFD\x6C\x52\x05\xDC\x97\x2B\x6F\x5D\x38\x12\x12\x6C\x43"
"\xFA\x19\xCE\x08\x02\x12\x24\x31\xAD\x28\x18\xB8\x1B\x25\xE2\x13\x05\x7C\x1A\xA1\xAB\x5E\xC1\x40\x3F"
"\x4E\x11\xDC\x11\x5C\x78\x7D\x6B\x2A\xD7\xCF\x91\x83\x3D\x27\x24\x91\x98\x1B\xDB\xFA\xED\x4F\x31\xAA"
"\x80\x64\x39\x54\xED\x0A\x9A\xF4\xF9\xA7\x24\x01\x83\x6C\x6C\xEB\xD4\xCF\xA5\x0E\x18\x12\x5C\x78\x31"
"\x43\x51\xDD\xC0\x58\x65\x4D\xDE\xA5\x09\x18\x28\x58\xD9\x98\xC4\x73\xAF\x94\x79\x27\x52\x21\x1D\x57"
"\xB0\xAE\x71\x31\xCF\xD3\xAF\xF7\xFB\xDE\x02\x53\x46\x67\xBE\x82\x35\xCD\xCD\x64\x1B\x46\x6C\x46\x9A"
"\x66\xEA\x49\x96\x7B\x75\xF4\x1C\x9A\xBE\xEE\x58\xB2\xC2\x44\xE2\xF9\xD5\x0F\x42\xBB\xAA\xEF\x51\x93"
"\xFD\xED\x64\x93\xA9\xAD\x1A\xD4\xBF\x1E\xE6\xDB\xBA\x9C\x78\x76\xE0\x5F\xE5\xC5\x39\xE7\x57\xE1\xC4"
"\xF6\x77\x09\x64\x9D\x48\x2A\x70\x62\x79\xC6\x6C\xBB\xF9\xFD\x4D\xFB\xAA\x01\xFE\xFC\xA1\xA3\xE7\xC4"
"\xF5\x94\x80\xF2\x1C\xBB\x57\x15\x18\xE0\xAE\x29\x70\x29\x4F\xF9\xDC\x92\x0C\xF0\x5D\x3E\x7C\x3C\xDB"
"\xFD\x74\xBE\x9C\x73\xBF\xAE\xC3\x00\xF5\x9E\xC8\x9F\x56\x50\x57\x61\x82\x8A\x52\x02\xDA\xAF\x54\x89"
"\x73\x1E\x51\x95\x1B\x20\x9F\xF2\xB4\x85\x09\x6E\xE6\x42\xBB\xA3\xF2\x38\xD7\x6F\xBF\x74\xF7\x64\xD5"
"\x06\xE8\x4F\x9F\x18\x98\x60\x3C\x13\xEE\x84\x37\xF3\x9D\xC1\xFF\x2B\x0A\x16\x3B\x22\xD6\x54\xCB\xFA"
"\xD2\x7C\xA1\x29\xBD\x92\x79\xE9\x22\xC8\xFF\xF9\xD1\x78\x25\xA6\x85\x10\x85\xFA\xB0\xA0\xC7\x20\x6F"
"\xEC\x9A\xA4\x20\x57\x6F\xB7\x1C\xD2\xEF\xE0\x25\x31\x09\x7E\x29\xB2\xA6\xF0\x86\xE5\xA9\x86\x90\x9E"
"\x4C\xD1\x1E\x4C\xAA\x90\x65\xFA\xB4\xEB\xF4\x12\x4D\x48\x23\x95\x7B\x70\x38\x7F\x42\x53\x90\x1B\xC2"
"\xFB\x17\xED\xC3\x3A\x31\x2F\xA8\xA4\x69\x64\x7F\xA9\x03\xE1\xAE\xE8\xDA\x3D\x38\x50\x7C\x3F\x64\x71"
"\x7F\xA9\xA1\x65\x75\xFA\x70\xFA\xB5\x93\x0B\xEA\x70\x6F\x83\xFC\xE8\x45\x5C\x2F\x04\xEA\x74\xCD\xDF"
"\x27\x6E\x91\xB0\xD2\x5F\x97\x1B\x04\xD5\xB4\x13\x50\xB2\x1C\x05\xB7\x5F\x65\xAC\xBF\xDB\x75\x67\xA5"
"\xBF\x2C\x77\x4E\x2B\xCB\x79\xF8\x6B\xB5\xFD\x96\x61\x3D\x93\x87\xA3\x96\xDD\xE5\xFA\x70\xDE\x95\x8B"
"\xF9\x21\x9E\x78\x97\x3C\x1C\x75\x7F\x66\xF9\x02\x26\x0E\x02\xDE\x16\xD4\x2A\xD8\x5B\x48\x1A\xB3\x98"
"\x52\x57\x0B\x8A\xDC\xE0\xB3\x5D\x50\x8F\xC9\xC3\x4D\x0B\xAD\x69\x6F\xAC\x4A\xCD\x22\x32\xFB\xC2\xB7"
"\x0A\x6A\x1D\x46\x3F\x9E\x78\x23\x4B\x9B\x96\xD6\xF9\xAE\xA3\x5F\x7E\x6A\xBA\xDB\xED\xD6\x75\x1D\x5B"
"\xED\x28\x24\xCB\xF1\x2A\xA5\x4B\x1B\x8B\x98\x03\xC1\xDB\x3C\xF5\xFB\x9B\xB8\x75\xE1\x76\xC2\x94\xB8"
"\x6A\x0B\x9D\x90\x99\xFC\xCD\xE6\xBF\xF8\xCF\xC3\xEF\x73\x92\x36\x43\x5F\x6A\x1A\x3E\x76\xDD\x76\xA1"
"\x9F\xA7\x60\x6A\x6F\x89\xD2\x05\xCC\xF3\x9C\x3E\x72\xFD\x2D\x98\xDA\x22\xF0\x1F\xC6\x92\x2B\x08\x98"
"\x19\xBB\xC5\xDF\x8A\xCC\x9E\x08\xBA\x0A\x01\xC7\x4E\xBC\x8F\x86\xBC\x44\x03\xEA\x5E\xF9\xE3\xE6\x99"
"\xA0\xA1\xBC\x7A\xD1\xF5\x57\x95\x29\xE0\xAB\x7A\x50\xC3\xF0\x3F\xC4\x90\x05\xBC\xF5\x62\xF0\x49\xC2"
"\xFD\xDA\x25\xF6\x41\xAA\xCC\xA1\x88\x2F\xA0\x79\x6D\xD3\x7C\xEC\x3F\x77\xA4\xC0\xF8\x14\x6D\x34\xDC"
"\xA7\x98\xD4\xF2\x67\xF8\x8C\xF1\xA3\x4C\x15\x02\x7A\xFD\x85\x1E\x5F\x8A\xF4\x9C\xF6\xE6\x6B\x76\x23"
"\x0A\x68\xA7\x7B\x34\xDE\xAF\x71\x9F\xA2\x2C\x56\xC0\xF1\x8B\xC8\xE7\xE2\x21\xE7\x19\xE1\x97\x04\xE4"
"\x9E\x80\xCF\x0F\x9C\x05\x74\xF7\xD2\x04\x7C\x7E\x85\xC9\x85\x03\x01\x0D\x35\x06\x76\xCB\xDF\x77\x5D"
"\xD8\x73\x60\x77\xF7\x5C\xD8\xD9\x02\x05\xFC\x40\x12\xE9\xE6\x24\xB2\x2F\xE0\xBB\x24\x52\x9A\x80\xCC"
"\x17\x70\x50\x94\x4D\xC7\x0A\x90\xBE\x48\xA4\x8C\xE9\x68\x77\x8E\x2D\x3E\xA5\x58\x01\x0F\x4E\x82\x74"
"\xCB\x3A\xFA\x96\xF9\x46\xBA\xC9\xA1\x5C\x44\xC0\x2E\xF3\x8D\x4C\x93\x93\x09\x6B\x05\xBB\xD3\x2E\xA4"
"\x54\x01\x43\x05\x3B\xD6\x9A\x80\x1F\xF0\x9C\x6E\xCE\x24\xDD\xE1\x3B\xE9\x4A\x9B\x50\xD5\x9F\x18\x00"
"\x74\xF3\x94\xFE\xE1\x21\x51\x69\x53\xFA\xF2\x22\x4F\xC3\x8A\x7D\xA8\x24\x2E\xB2\xA6\xA2\xD8\xC7\x9A"
"\xFC\x22\x0F\x73\x4C\x63\x4B\x3B\x6A\xBD\x0C\x08\x78\x62\xF0\x39\x35\x7A\x17\xBC\xBC\x4D\x5C\x62\x79"
"\x72\xC1\x0B\x2C\xAF\xE1\x3C\x55\xAC\x91\x3E\x71\x1E\xA9\xE8\x45\xE6\xFA\x02\xE1\x47\x95\xBC\x6B\x5D"
"\x5C\x60\xBB\x6E\xD9\x9B\xE5\xCE\xF7\xE1\xB2\xB7\x7A\x25\x6D\x36\xFC\x96\x07\xBB\x92\x37\x1B\x9E\xEF"
"\xC3\x85\x6F\x77\x3D\xFD\xFA\x45\xE9\x4D\x13\xF4\xB4\x25\xC1\x9C\x1C\x43\x4A\xDD\xF2\x2F\xCE\x4D\x23"
"\xE5\x37\x9D\x60\xE7\xF6\xAF\xAA\xA0\xF3\x8E\x3C\xF5\x2B\x54\xD0\x78\xE7\x54\x13\xAC\xA2\xFB\x98\xBA"
"\x9F\x16\x05\xEB\x68\x3E\x76\xA2\x09\xD6\xD1\xFE\x8E\xD6\x80\xF1\xAB\x15\x40\xE9\xBD\xA4\xCF\x6A\xC5"
"\x59\x4D\x17\x5A\x85\x26\xB4\x1F\x33\x05\xB4\x41\x3E\x68\x0B\x68\xC4\x7D\xD0\x04\x7F\xDA\x0A\x7E\xDA"
"\x96\x5D\xBE\x7E\x53\x3E\x74\x38\x8C\xE0\x70\x29\x83\xE3\x30\x0E\x7F\x21\x1C\xC8\x92\xED\xC4\xCF\x98"
"\x84\x23\x81\x0E\x3A\x31\x0E\xA5\x3A\xEA\xC4\xDF\x3E\x16\x4D\xD8\xEA\x1C\x38\xCC\x8B\xC9\x07\xF3\xDD"
"\x71\x30\xDF\xE0\x58\xD9\x47\x43\x26\x59\x52\xB5\x47\x43\x66\x1F\x4E\x9A\x76\xB6\xA6\xB0\xF7\x69\xA7"
"\x6B\x6D\x87\x93\xBE\x8A\x0B\x97\x76\x3C\x6E\x92\x80\x7E\x73\x1E\xC3\xAA\xC3\x66\x1D\xD0\x9C\xD0\x7A"
"\xA6\xF2\x03\x9A\xC3\x23\xD6\xE9\x47\x84\x3B\x1C\x11\x1E\xB3\xC1\x84\x43\xEA\x89\x1B\x55\x1B\x38\xA4"
"\x3E\x54\x90\x22\x0B\x5D\x40\x9E\xFA\xD6\x35\x28\x48\x08\x84\x54\x17\x0E\x7A\xBB\x55\x6B\x7F\x4B\x05"
"\x09\x7D\x74\xAC\xA3\xD4\x81\x3C\xEC\xED\xC6\x58\x33\x0A\xEE\x1A\x21\xC9\x02\x17\xAD\x05\x59\xE5\x04"
"\xD6\xB2\x53\x54\x53\xB2\x70\xD8\x55\xBA\xA6\x09\x84\xCD\x72\x23\x34\x18\xCD\x8F\x58\x20\x0F\x9B\x9A"
"\x5B\xC5\x1A\x20\x74\xB9\xB7\x0D\x01\xC7\x2C\xBC\xFD\x77\xBD\x78\x2B\xC9\x9A\x80\x87\x5F\xFB\x8D\x15"
"\x8E\x43\x39\xBE\x6D\x7D\x2E\xE8\x2B\xCD\x59\x2B\xE8\xA5\x84\x46\xA4\x8E\x85\x85\xDF\x12\x7E\x48\xD6"
"\x9A\x35\x84\x08\x5A\x6A\x8F\xE1\x8B\x6F\x64\x9C\xC8\xA0\x85\xAB\xC5\x1D\xA8\x69\xFE\x3E\xD3\x08\x7B"
"\x09\x22\x1A\xC6\x66\xA4\xB9\xB4\xEB\xD7\x6A\xD6\x1C\x62\xA5\xC2\x43\x43\xBD\x93\x07\xA4\xB6\xB1\xD7"
"\x09\xD6\x22\x32\x22\xC5\x43\x44\xA3\x44\xC4\x9D\xB9\x50\x26\x22\x9E\x6B\x27\xF9\xEE\xD6\x84\x81\x8A"
"\xBD\x8E\x5A\x29\x25\x65\xFF\x43\x0F\x6D\xD9\xB6\xFE\x55\xB1\x96\xD1\x5B\xBA\x10\x69\x31\xF8\x51\xAD"
"\x70\x99\xA7\x61\x7D\xDB\xB1\xD0\xE6\x08\x68\x1B\x8E\x7D\x3B\x43\x5A\xBF\x67\xED\xB6\xEF\x72\xE8\xB6"
"\x1E\x59\x6C\x0A\xE8\x48\x23\x97\xD6\x35\x54\x2B\x5F\x76\x31\xCF\x55\x50\xEF\xBD\x88\x76\x4B\x40\x0B"
"\xF1\x88\x2A\x4A\x3D\x35\xE4\x1D\x4B\xC2\xA1\x2A\x94\x02\x51\x2F\x39\xB9\xF0\xA9\xF7\x2F\x00\x00\x00"
"\x00\x00\x00\x00\x00\x00\x00\x00\x00\x00\x00\x00\x00\x00\x00\x00\x00\x00\x00\x80\x92\xF8\x07\x6C\xA2"
"\xD0\x07\x52\xB9\x75\xC7\x00\x00\x00\x00\x49\x45\x4E\x44\xAE\x42\x60\x82"
}
};

static const binfile_t background_sg1 = {"background_sg1.png", 1968, {
"\x89\x50\x4E\x47\x0D\x0A\x1A\x0A\x00\x00\x00\x0D\x49\x48\x44\x52\x00\x00\x01\x40\x00\x00\x00\xF0\x08"
"\x03\x00\x00\x00\x46\xF3\x4D\x59\x00\x00\x03\x00\x50\x4C\x54\x45\xFC\xF8\xEF\xFB\xF8\xF1\xFA\xF7\xF0"
"\xFB\xF6\xEB\xF9\xF6\xF0\xFB\xF4\xE7\xF7\xF4\xEE\xF6\xF3\xED\xFB\xF3\xE5\xFB\xF3\xE4\xFB\xF1\xDD\xFB"
"\xF0\xDC\xF4\xF2\xEC\xF3\xF1\xEB\xF2\xF0\xEA\xFB\xEF\xD9\xFB\xEF\xD8\xF8\xED\xD9\xEF\xED\xE8\xF5\xEC"
"\xD9\xEE\xEC\xE7\xEC\xEB\xE6\xEC\xEA\xE6\xEF\xE9\xDB\xEC\xE7\xDE\xE9\xE8\xE4\xE8\xE7\xE3\xE5\xE4\xE1"
"\xE4\xE4\xE0\xE4\xE3\xE0\xE5\xE3\xDC\xE0\xE0\xDD\x00\x00\x00\x00\x00\x00\x00\x00\x00\x00\x00\x00\x00"
"\x00\x00\x00\x00\x00\x00\x00\x00\x00\x00\x00\x00\x00\x00\x00\x00\x00\x00\x00\x00\x00\x00\x00\x00\x00"
"\x00\x00\x00\x00\x00\x00\x00\x00\x00\x00\x00\x00\x00\x00\x00\x00\x00\x00\x00\x00\x00\x00\x00\x00\x00"
"\x00\x00\x00\x00\x00\x00\x00\x00\x00\x00\x00\x00\x00\x00\x00\x00\x00\x00\x00\x00\x00\x00\x00\x00\x00"
"\x00\x00\x00\x00\x00\x00\x00\x00\x00\x00\x00\x00\x00\x00\x00\x00\x00\x00\x00\x00\x00\x00\x00\x00\x00"
"\x00\x00\x00\x00\x00\x00\x00\x00\x00\x00\x00\x00\x00\x00\x00\x00\x00\x00\x00\x00\x00\x00\x00\x00\x00"
"\x00\x00\x00\x00\x00\x00\x00\x00\x00\x00\x00\x00\x00\x00\x00\x00\x00\x00\x00\x00\x00\x00\x00\x00\x00"
"\x00\x00\x00\x00\x00\x00\x00\x00\x00\x00\x00\x00\x00\x00\x00\x00\x00\x00\x00\x00\x00\x00\x00\x00\x00"
"\x00\x00\x00\x00\x00\x00\x00\x00\x00\x00\x00\x00\x00\x00\x00\x00\x00\x00\x00\x00\x00\x00\x00\x00\x00"
"\x00\x00\x00\x00\x00\x00\x00\x00\x00\x00\x00\x00\x00\x00\x00\x00\x00\x00\x00\x00\x00\x00\x00\x00\x00"
"\x00\x00\x00\x00\x00\x00\x00\x00\x00\x00\x00\x00\x00\x00\x00\x00\x00\x00\x00\x00\x00\x00\x00\x00\x00"
"\x00\x00\x00\x00\x00\x00\x00\x00\x00\x00\x00\x00\x00\x00\x00\x00\x00\x00\x00\x00\x00\x00\x00\x00\x00"
"\x00\x00\x00\x00\x00\x00\x00\x00\x00\x00\x00\x00\x00\x00\x00\x00\x00\x00\x00\x00\x00\x00\x00\x00\x00"
"\x00\x00\x00\x00\x00\x00\x00\x00\x00\x00\x00\x00\x00\x00\x00\x00\x00\x00\x00\x00\x00\x00\x00\x00\x00"
"\x00\x00\x00\x00\x00\x00\x00\x00\x00\x00\x00\x00\x00\x00\x00\x00\x00\x00\x00\x00\x00\x00\x00\x00\x00"
"\x00\x00\x00\x00\x00\x00\x00\x00\x00\x00\x00\x00\x00\x00\x00\x00\x00\x00\x00\x00\x00\x00\x00\x00\x00"
"\x00\x00\x00\x00\x00\x00\x00\x00\x00\x00\x00\x00\x00\x00\x00\x00\x00\x00\x00\x00\x00\x00\x00\x00\x00"
"\x00\x00\x00\x00\x00\x00\x00\x00\x00\x00\x00\x00\x00\x00\x00\x00\x00\x00\x00\x00\x00\x00\x00\x00\x00"
"\x00\x00\x00\x00\x00\x00\x00\x00\x00\x00\x00\x00\x00\x00\x00\x00\x00\x00\x00\x00\x00\x00\x00\x00\x00"
"\x00\x00\x00\x00\x00\x00\x00\x00\x00\x00\x00\x00\x00\x00\x00\x00\x00\x00\x00\x00\x00\x00\x00\x00\x00"
"\x00\x00\x00\x00\x00\x00\x00\x00\x00\x00\x00\x00\x00\x00\x00\x00\x00\x00\x00\x00\x00\x00\x00\x00\x00"
"\x00\x00\x00\x00\x00\x00\x00\x00\x00\x00\x00\x00\x00\x00\x00\x00\x00\x00\x00\x00\x00\x00\x00\x00\x00"
"\x00\x00\x00\x00\x00\x00\x00\x00\x00\x00\x00\x00\x00\x00\x00\x00\x00\x00\x00\x00\x00\x00\x00\x00\x00"
"\x00\x00\x00\x00\x00\x00\x00\x00\x00\x00\x00\x00\x00\x00\x00\x00\x00\x00\x00\x00\x00\x00\x00\x00\x00"
"\x00\x00\x00\x00\x00\x00\x00\x00\x00\x00\x00\x00\x00\x00\x00\x00\x00\x00\x00\x00\x00\x00\x00\x00\x00"
"\x00\x00\x00\x00\x00\x00\x00\x00\x00\x00\x00\x00\x00\x00\x00\x00\x00\x00\x00\x00\x00\x00\x00\x00\x00"
"\x00\x00\x00\x00\x00\x00\x00\x00\x00\x00\x00\x00\x00\x00\x00\x00\x00\x00\x00\x00\x00\x00\x00\x00\x00"
"\x00\x00\x00\x00\x00\x00\x00\x00\x00\xA5\xA5\xCD\x1C\x00\x00\x04\x6B\x49\x44\x41\x54\x78\xDA\xED\xDC"
"\x01\x77\x9A\x30\x14\x86\x61\x49\x59\x68\x3B\x83\x1D\x83\x6C\x45\x3B\xFF\xFF\xBF\x9C\x8A\x55\x54\x8C"
"\x89\x05\xB9\xA1\xEF\x77\xBA\x7A\x6A\xAD\xF3\x3C\x5C\x25\x09\x70\x67\x09\xF9\x52\x66\x10\x00\x08\x20"
"\x80\x00\x12\x00\x01\x04\x10\x40\x02\x20\x80\x00\x02\x48\x00\x04\x10\x40\x00\x09\x80\x00\x02\x08\x20"
"\x01\x10\x40\x00\x01\x24\x00\x02\x08\x20\x80\x04\x40\x00\x01\x04\x90\x00\x08\x20\x80\x00\x12\x00\x01"
"\x04\x10\x40\x02\x20\x80\x00\x02\x08\x20\x01\x10\x40\x00\x01\x24\x00\x02\x08\x20\x80\x04\x40\x00\x01"
"\x04\x90\x00\x08\x20\x80\x00\x12\x00\x01\x04\x10\x40\x02\x20\x80\x00\x02\x48\x00\x04\x10\x40\x00\x09"
"\x80\x00\x02\x08\x20\x01\x10\x40\x00\x01\x24\x00\x02\x08\x20\x80\x00\x42\x00\x20\x80\x00\x02\x48\x00"
"\x04\x10\x40\x00\x09\x80\x00\x02\xD8\x7B\x94\x4A\xD5\x88\x89\x1D\xD0\xD8\xE5\xA8\xB1\x26\x6E\xC0\x7C"
"\x3D\x7A\xF2\x98\x01\xF5\x5A\x40\x74\xC4\x80\x95\x04\xC0\x2A\x5E\x40\xBD\x92\x00\xB8\xD2\xD1\x02\x16"
"\x6B\x11\x29\x62\x05\x4C\x97\x32\x00\x97\x69\xA4\x80\xF9\x5A\x48\xF2\x38\x01\xD5\xA1\x00\x0B\x33\x4A"
"\x0E\x9F\x20\x4B\x15\x25\xE0\xA1\x00\x6B\x35\xD2\x16\xAC\x6F\x97\xE0\x2C\x86\x02\x34\xA3\x4D\x83\x6E"
"\x97\xA0\x60\x40\x8F\x57\x2F\x60\x1B\xCA\x05\x54\xEF\x7E\x73\xA9\xC7\x7C\x8A\x58\x15\x1D\x60\xE6\x33"
"\x88\x78\x5C\x09\x66\xD1\x01\xDA\x76\x01\xEE\xB7\xBF\x3A\x2E\x71\x75\x0D\x1B\x75\xE6\x19\x7D\x65\x9B"
"\x5C\x3E\xFF\xB1\x04\x63\x03\x6C\x17\x60\x66\xEB\xEE\xD8\xD6\x24\x4B\x57\x01\xC3\xEE\x65\xD5\xFE\xCB"
"\xAB\x4F\x9F\xB5\xC6\xF2\x59\x64\x80\xD5\x71\x1E\xE5\x98\x90\x1C\x07\x38\xA1\x83\xEE\x8F\xFC\x72\xB0"
"\xD2\x35\x05\x29\x6E\x2C\x29\x48\x05\xD4\xAD\x99\xBC\xF6\x98\x64\xE5\xF7\x4F\x2F\x5C\x13\x46\xDD\x5A"
"\xCF\xD0\x51\x01\x56\xAD\x0D\xAF\xEC\xCD\x95\xA6\x7B\x96\x6D\x0E\x8B\x2C\xD7\xD7\xCC\xB6\xFB\xDE\xCA"
"\x5D\x82\x42\x01\x4F\xB7\xBB\x32\x79\x77\x8C\x3A\x31\x38\x5F\x8E\xAF\xEB\xD3\xDB\xC3\xFD\x4D\xCD\x95"
"\x9F\xEF\x61\xE7\xD3\x6B\xF7\xAA\x96\x50\xC0\xE2\xD6\xCE\xAF\x6B\xB4\x61\xD3\xE4\xF3\x30\xD0\xEE\xFB"
"\xEE\x6B\x7F\xAB\x9A\x6F\xBB\x5F\xAB\x24\xB5\x01\x03\x74\xEB\x5C\xD5\x92\x09\x78\x73\xDF\x77\xFE\xF8"
"\x8F\x5B\xEB\x9E\x9D\x15\xEE\x37\xC0\x74\x0F\x48\x65\x02\xE6\x61\x05\xD8\xBC\xCD\x42\x66\x7C\x4D\xC9"
"\x7A\x8A\x5B\xD7\x94\x48\x24\xA0\x0A\x2C\xC0\x81\x01\x9D\x25\x38\x13\x5D\x80\xBE\xEB\x58\xC3\x02\x3A"
"\x57\xB5\x66\xA2\x0B\xD0\x77\x1D\x6B\x58\x40\xE7\xBA\x90\x44\xC0\xF0\x75\xAC\x81\x01\x5D\x5B\x54\x22"
"\xA0\x0D\x5E\xC7\x1A\x18\xD0\xB5\x53\x9B\x09\x7E\x07\xFB\x8B\x0C\x0D\x98\x5E\x7F\x49\x92\x01\x8B\x44"
"\x0A\xE0\x61\x60\x1F\x17\xA0\x91\x03\x68\x00\x04\x10\x40\x00\x01\x04\x10\x40\x00\x01\x04\x10\x40\x00"
"\x01\x04\x10\x40\x00\x01\x04\x70\x3C\xC0\x14\xC0\x0E\x8F\x80\x53\xA9\x4D\xE0\x99\x9B\x53\x07\xDC\x1F"
"\x46\x29\x73\xCF\x94\x21\x47\xED\xBF\x05\xA0\xB9\xE7\xF2\x19\x03\xE0\xF1\x6F\x6C\xB8\x9F\x55\x00\xB6"
"\x3E\x05\xEB\x50\xBF\x3A\xE4\xDC\xF5\xE9\x03\x26\x69\x19\x74\x8E\xE5\xAA\x0C\x3A\xF7\xFF\x1B\x00\x6E"
"\xC6\x32\x79\xE5\x9D\x5C\x87\x3D\xF7\xB7\x00\x1C\x32\x00\x02\x38\x60\x3A\x2E\xD0\xD1\x0A\x40\xFF\xBD"
"\x4F\xD7\x65\x0E\xB5\x01\xD0\x73\xD7\x73\xED\x2A\x91\x12\xC0\x2F\x8E\xC0\xCD\xE4\x00\xB3\xA2\x97\x64"
"\x9E\x73\xC0\x36\xD6\x24\x00\xB3\xBE\xDA\xC0\xB4\x05\x77\x57\xE8\xAC\x4E\x2E\xC2\xD9\xE6\xFC\xDA\xAE"
"\x49\x00\x96\x43\xF4\xE0\xB0\xCD\x1D\x67\xED\xDA\x9A\x97\x90\x4D\x0C\xD0\xF4\x05\x98\x9D\x03\x9E\xFE"
"\x47\x4F\x2F\xCF\xCD\xCC\x7A\x6A\x80\x2A\xB7\xBD\xC4\x28\x27\xE0\xF3\x62\xF1\xB6\xF8\x3B\x45\xC0\x41"
"\x72\x01\xF8\xB4\xD8\x00\xBE\xFD\x06\xF0\x5E\xC0\x1F\x6F\x9B\x2C\x16\xFF\x00\xBC\xBB\x02\xB7\x82\xBF"
"\x26\x59\x81\x69\xD6\x74\x64\x9A\xEF\xFF\x99\xF9\x7C\x7F\xC7\xE1\x76\x7E\xF1\xF3\x3C\x6B\x37\x73\xDA"
"\xFC\x22\x4B\x9D\x80\xE9\xEB\xB6\x02\xFF\x4C\x11\x50\xF7\xD4\xCB\x6D\xA9\x9D\x3B\x91\xF4\xE5\xE7\xEB"
"\xF3\x24\xF7\xC2\xC5\x60\xE3\x40\x73\x61\xF2\x3E\x45\xC0\xDE\x9A\xE1\x99\x73\x40\x7B\x7E\xD8\xB3\x58"
"\x4F\x72\x1C\x58\xF5\xD3\xD8\xB8\x54\x7E\x5B\xA5\x7D\xDC\x7D\x22\x7B\xE1\x01\x3A\x6B\x3B\x7A\x9E\x54"
"\x2C\x67\xF9\xC4\x78\xF5\xFD\x04\xD0\x21\xD8\x5D\x83\x36\x8D\x7F\x41\xD5\x16\x0F\x49\x67\xCF\xAD\xBA"
"\x3C\x79\x8C\x8D\x12\x50\x60\x00\x04\x10\x40\x00\x01\x14\x0E\x28\xA5\x83\xBE\x5F\x57\x7D\x91\x8D\x77"
"\xAC\x54\x3F\x1B\x47\xE3\x9D\xED\xD1\x8F\x5A\x60\x6C\xDE\x71\x4E\xAB\xE8\x5E\xFA\x2A\x39\xE9\xD7\xDB"
"\xF9\xF3\x7E\x8E\x7C\xF5\xFE\x24\xB9\xEC\xF9\xFB\xC5\xC7\x47\x03\x18\x45\x00\x04\x10\x40\x00\x01\x24"
"\x00\x02\x08\x20\x80\x04\x40\x00\x01\x04\x90\x00\x08\x20\x80\x00\x12\x00\x01\x04\x10\x40\x02\x20\x80"
"\x00\x02\x48\x00\x04\x10\x40\x00\x09\x80\x00\x02\x08\x20\x01\x10\x40\x00\x01\x24\x00\x02\x08\x20\x80"
"\x04\x40\x00\x01\x04\x10\x40\x02\x20\x80\x00\x02\x48\x00\x04\x10\x40\x00\x09\x80\x0F\xCE\x7F\x83\xF3"
"\xB7\x82\xBB\xAE\x90\x01\x00\x00\x00\x00\x49\x45\x4E\x44\xAE\x42\x60\x82"
}
};

static const binfile_t background_sms = {"background_sms.png", 1885, {
"\x89\x50\x4E\x47\x0D\x0A\x1A\x0A\x00\x00\x00\x0D\x49\x48\x44\x52\x00\x00\x01\x40\x00\x00\x00\xF0\x08"
"\x03\x00\x00\x00\x46\xF3\x4D\x59\x00\x00\x03\x00\x50\x4C\x54\x45\xFB\xF8\xF1\xFA\xF7\xF1\xF8\xF5\xEF"
"\xFB\xF6\xEB\xFB\xF5\xE7\xF7\xF4\xEE\xF6\xF3\xED\xFB\xF3\xE4\xFB\xF1\xDD\xF4\xF2\xEC\xF3\xF1\xEB\xFB"
"\xF0\xDB\xFB\xEF\xD9\xFB\xEF\xD8\xF1\xEF\xEA\xF0\xEE\xE9\xEE\xEC\xE7\xED\xEB\xE7\xEA\xE8\xE4\xE9\xE8"
"\xE4\xE7\xE6\xE2\xE4\xE4\xE0\xE4\xE3\xE0\xE0\xE0\xDD\x00\x00\x00\x00\x00\x00\x00\x00\x00\x00\x00\x00"
"\x00\x00\x00\x00\x00\x00\x00\x00\x00\x00\x00\x00\x00\x00\x00\x00\x00\x00\x00\x00\x00\x00\x00\x00\x00"
"\x00\x00\x00\x00\x00\x00\x00\x00\x00\x00\x00\x00\x00\x00\x00\x00\x00\x00\x00\x00\x00\x00\x00\x00\x00"
"\x00\x00\x00\x00\x00\x00\x00\x00\x00\x00\x00\x00\x00\x00\x00\x00\x00\x00\x00\x00\x00\x00\x00\x00\x00"
"\x00\x00\x00\x00\x00\x00\x00\x00\x00\x00\x00\x00\x00\x00\x00\x00\x00\x00\x00\x00\x00\x00\x00\x00\x00"
"\x00\x00\x00\x00\x00\x00\x00\x00\x00\x00\x00\x00\x00\x00\x00\x00\x00\x00\x00\x00\x00\x00\x00\x00\x00"
"\x00\x00\x00\x00\x00\x00\x00\x00\x00\x00\x00\x00\x00\x00\x00\x00\x00\x00\x00\x00\x00\x00\x00\x00\x00"
"\x00\x00\x00\x00\x00\x00\x00\x00\x00\x00\x00\x00\x00\x00\x00\x00\x00\x00\x00\x00\x00\x00\x00\x00\x00"
"\x00\x00\x00\x00\x00\x00\x00\x00\x00\x00\x00\x00\x00\x00\x00\x00\x00\x00\x00\x00\x00\x00\x00\x00\x00"
"\x00\x00\x00\x00\x00\x00\x00\x00\x00\x00\x00\x00\x00\x00\x00\x00\x00\x00\x00\x00\x00\x00\x00\x00\x00"
"\x00\x00\x00\x00\x00\x00\x00\x00\x00\x00\x00\x00\x00\x00\x00\x00\x00\x00\x00\x00\x00\x00\x00\x00\x00"
"\x00\x00\x00\x00\x00\x00\x00\x00\x00\x00\x00\x00\x00\x00\x00\x00\x00\x00\x00\x00\x00\x00\x00\x00\x00"
"\x00\x00\x00\x00\x00\x00\x00\x00\x00\x00\x00\x00\x00\x00\x00\x00\x00\x00\x00\x00\x00\x00\x00\x00\x00"
"\x00\x00\x00\x00\x00\x00\x00\x00\x00\x00\x00\x00\x00\x00\x00\x00\x00\x00\x00\x00\x00\x00\x00\x00\x00"
"\x00\x00\x00\x00\x00\x00\x00\x00\x00\x00\x00\x00\x00\x00\x00\x00\x00\x00\x00\x00\x00\x00\x00\x00\x00"
"\x00\x00\x00\x00\x00\x00\x00\x00\x00\x00\x00\x00\x00\x00\x00\x00\x00\x00\x00\x00\x00\x00\x00\x00\x00"
"\x00\x00\x00\x00\x00\x00\x00\x00\x00\x00\x00\x00\x00\x00\x00\x00\x00\x00\x00\x00\x00\x00\x00\x00\x00"
"\x00\x00\x00\x00\x00\x00\x00\x00\x00\x00\x00\x00\x00\x00\x00\x00\x00\x00\x00\x00\x00\x00\x00\x00\x00"
"\x00\x00\x00\x00\x00\x00\x00\x00\x00\x00\x00\x00\x00\x00\x00\x00\x00\x00\x00\x00\x00\x00\x00\x00\x00"
"\x00\x00\x00\x00\x00\x00\x00\x00\x00\x00\x00\x00\x00\x00\x00\x00\x00\x00\x00\x00\x00\x00\x00\x00\x00"
"\x00\x00\x00\x00\x00\x00\x00\x00\x00\x00\x00\x00\x00\x00\x00\x00\x00\x00\x00\x00\x00\x00\x00\x00\x00"
"\x00\x00\x00\x00\x00\x00\x00\x00\x00\x00\x00\x00\x00\x00\x00\x00\x00\x00\x00\x00\x00\x00\x00\x00\x00"
"\x00\x00\x00\x00\x00\x00\x00\x00\x00\x00\x00\x00\x00\x00\x00\x00\x00\x00\x00\x00\x00\x00\x00\x00\x00"
"\x00\x00\x00\x00\x00\x00\x00\x00\x00\x00\x00\x00\x00\x00\x00\x00\x00\x00\x00\x00\x00\x00\x00\x00\x00"
"\x00\x00\x00\x00\x00\x00\x00\x00\x00\x00\x00\x00\x00\x00\x00\x00\x00\x00\x00\x00\x00\x00\x00\x00\x00"
"\x00\x00\x00\x00\x00\x00\x00\x00\x00\x00\x00\x00\x00\x00\x00\x00\x00\x00\x00\x00\x00\x00\x00\x00\x00"
"\x00\x00\x00\x00\x00\x00\x00\x00\x00\x00\x00\x00\x00\x00\x00\x00\x00\x00\x00\x00\x00\x00\x00\x00\x00"
"\x00\x00\x00\x00\x00\x00\x00\x00\x00\x00\x00\x00\x00\x00\x00\x00\x00\x00\x00\x00\x00\x00\x00\x00\x00"
"\x00\x00\x00\x00\x00\x00\x00\x00\x00\xC8\x7F\xCB\xA2\x00\x00\x04\x18\x49\x44\x41\x54\x78\xDA\xED\xDD"
"\x6D\x7B\xDA\x20\x18\x86\x61\x79\xBA\xD0\x95\x39\x22\x84\xE8\xFF\xFF\xA7\xF3\xA5\x79\x31\xEB\x94\x63"
"\x12\x11\x7A\x9D\x9F\xD4\xF6\x68\xD6\x7B\x49\xB8\x25\x86\x6E\x36\x00\x00\x00\x00\x00\x00\x00\x00\x00"
"\x00\x00\x00\x00\x00\x00\x00\x00\x00\x00\x00\x00\x00\x00\x00\x00\x00\x00\x00\x00\x00\x00\x00\x00\x00"
"\x00\x00\x00\x00\x00\x00\x00\x00\x00\xB0\x1A\x95\x49\x25\xF1\x35\x2E\x64\xE2\x9A\x1A\xF2\xD3\xE1\x90"
"\x4D\xD0\x15\x1C\xBE\xDD\x21\xA3\xAE\xFC\xC3\xD8\x1E\xB2\xB2\xA5\xE7\x27\x21\x6F\x80\x41\x0A\x0F\xB0"
"\x3D\x64\xD6\x16\x3E\x02\xF7\xB9\x03\xEC\xCB\x1E\x89\xFD\x21\x3B\x5F\x74\x85\x19\x7F\x0D\x67\x9F\xCC"
"\x8D\x9B\x2E\xB8\xCA\x4C\x15\xC6\x3F\xBD\x4E\x28\x5F\x41\x95\xB1\x39\xF7\x02\x5D\x7E\x95\x99\x2A\x8C"
"\xCB\xB1\x79\x57\x7C\x95\x19\x2B\x4C\xC8\x32\x12\x36\xA1\xF0\x2A\x33\x55\x98\x36\xF3\x19\xA4\xD0\x2A"
"\xE3\x73\x1F\x42\xD3\x29\xA4\xC8\x2A\x33\x9D\xC4\x4D\xAE\x7F\x82\x29\xB9\xCA\x44\x56\x18\xA5\xAD\x6D"
"\xFF\x9B\xB5\x5A\xD5\x5A\x65\xE2\x2A\x8C\x79\x78\xB2\x2B\x98\x3A\xAB\x4C\x54\x85\x51\xBB\x24\xD3\x05"
"\xAA\xC6\x2A\x13\x55\x61\xEC\xEA\x73\x7E\xC5\x56\x99\xA8\x0A\x93\x6A\xAA\xE6\x56\x4B\x69\x0B\xAD\x32"
"\x51\x15\xE6\xF2\xCB\x75\xBB\x07\x74\xF7\xFE\x93\x0A\xAD\x32\x51\x15\xE6\x32\x4E\xBB\x87\xC6\x47\xE5"
"\xEE\x8D\xB1\x45\x56\x99\xB8\x0A\xA3\xCE\x3B\xC7\x83\x47\x56\x73\xDE\xCD\x55\x65\x55\x26\xAE\xC2\x5C"
"\x02\x94\x14\x01\x4A\x5D\x55\x46\xC5\xCD\xC2\x3C\x29\xC0\x59\x95\x29\x65\x17\xD4\x71\xB3\x30\x49\x0E"
"\x61\xB9\x1F\xE0\x54\x65\x4A\x39\x0B\x9A\xB8\xEE\x95\x30\x40\x15\xD7\x49\x4D\x61\x01\xF6\xB2\x59\xFD"
"\x10\x96\xFD\xFD\x00\xA5\xAF\x33\x40\x49\x12\x60\x4F\x80\xEB\xD6\x18\x02\x24\xC0\x27\xD4\x98\x4A\x03"
"\x0C\x11\x01\xF6\x04\xF8\xE0\x1E\xB8\x7E\x0F\x24\xC0\x47\x7B\x60\xD5\x87\x30\x3D\xF0\xFF\x03\x7C\x5E"
"\x0F\x0C\x04\xC8\x28\x4C\x80\xF4\xC0\x9A\x03\xA4\xC6\xAC\xBB\x07\x06\x02\x24\xC0\x7F\x06\xF8\xE0\x2C"
"\xB1\xFE\xC6\xA3\xF0\xE5\xE2\x71\xD0\x4A\x29\x91\xE1\x06\x4B\x91\xF1\xF1\xF4\xE8\xF8\xF8\xFA\xB5\xE1"
"\x2B\x72\xB9\x11\xCF\x6F\xBE\x67\x80\x9F\xDF\xF7\xC8\xFD\x98\x51\xC1\x54\x1B\x60\xAA\xFB\x10\xEF\x5D"
"\xF0\xAD\x75\x14\x4E\x75\x27\xEC\xDD\x7B\x5A\xEB\x0D\x30\x49\x82\xF7\xEF\x09\xAE\x38\xC0\x8D\xD8\xEE"
"\x2A\xC3\xE3\xAF\xBA\x5F\x3C\x1F\x5F\xD8\x2F\x3F\x94\x75\x4A\xAF\xB3\x11\x1B\xA9\x38\xC0\xE3\x89\x50"
"\xCE\x9A\x46\xAE\x2C\x9F\x8F\x2F\x9F\x5E\x9F\x7D\x2D\xE6\xC3\x06\xD5\x0E\x22\xCF\x42\x80\x04\xF8\x8C"
"\x94\x8C\xF3\xDE\xB7\xE3\xA7\xF6\x95\x6E\x8F\xCF\x9D\x11\x02\x8C\x7A\x4B\xEC\x86\x90\x82\x3D\x45\xA8"
"\xEC\x30\x36\xF5\x4E\xEA\x1E\x44\xD2\x6C\x71\x3E\x94\x7B\xD9\x34\xF3\x1B\xBD\x83\x25\xC0\x3B\x16\x9F"
"\xF6\x0F\x1F\xFF\xA8\x97\x04\x78\x63\x46\x26\x06\x01\xDE\x9A\xEE\x0B\x3B\xF3\x61\xE7\x87\xAE\xB7\xDA"
"\xB8\x9E\x00\x23\x0F\x60\x2F\xD7\x67\xC3\xCF\x5B\xC0\xAE\xCE\x86\x65\x8F\xC2\xCA\x76\xA9\xEC\xE6\x3F"
"\xF8\x32\x2F\x3B\xDE\x0E\xA0\xA7\x8F\xF3\xCA\xDB\xDB\xF5\x94\x4F\xD9\x01\x9A\x84\x4B\x99\xEC\xE6\x0D"
"\x66\xF1\xF1\x67\x37\x7C\xC7\x8F\xED\x76\xFB\x2E\xF3\x33\x64\xD9\x01\xEE\x12\x06\xE8\x97\x5B\x9B\x4D"
"\x09\xEA\xCF\x40\xDF\xB6\xBF\x8F\xDE\x67\xF7\x0C\x14\x7E\x0E\xD4\x09\x17\x31\x32\xCB\x53\xE0\xEC\x7E"
"\x0A\xF9\xDC\xF4\xFB\x29\xBF\xDF\x3F\x65\xB6\xF8\x4F\xE1\x83\x48\x93\x6C\x51\x1D\xBD\xB9\x11\x60\x53"
"\x6D\x80\x6B\x6E\xED\xCB\x43\x78\xBB\xAD\xEA\x10\x5E\xED\x6D\xF0\x62\x10\xF1\xC3\x3D\x52\x3F\x7E\xD5"
"\x35\x88\xAC\xE5\xD2\x53\x3A\x59\x6C\xDC\x9C\x6A\x8C\x5C\x2F\x60\x48\x80\xB7\x8A\x74\x73\x29\x9B\xE3"
"\x84\xBF\x39\x1F\xD5\x4D\x57\xD1\x3B\x91\xC5\x22\xC5\xF3\x0B\xE7\x37\xFC\xF5\x5D\xB2\x58\xDF\x78\x38"
"\xC9\x79\x6B\xDA\x79\x5C\x5D\x6B\xAC\xAF\xE8\xBD\xB0\x4A\xB7\x1A\xB2\x6F\xBE\xE3\x64\x42\xCA\xD5\x68"
"\xDD\xD7\x1B\x1C\x76\x3D\xDD\xD5\x18\xE0\x5A\xEF\x44\xCE\xFB\xE0\x7C\x02\xD0\xC9\x46\xAE\x26\x54\x4D"
"\x1D\x53\xFA\x4D\xBA\xF5\x7C\xFB\xBF\xAE\xA5\x4B\x3B\xFC\xF4\xEE\x3C\x78\xA8\x71\x45\x9F\xD0\x4A\x2D"
"\xD7\x44\x44\xA7\xF2\xD5\xE8\x2E\x1F\xAD\xF3\xCE\xCE\x2E\x2A\xD9\xE3\xF3\x56\x73\x51\x29\xC1\x8C\x2B"
"\xD7\x44\xBE\x69\x80\x7B\xDD\xBC\x04\xBD\x2F\x34\xC0\x97\x43\x80\x04\x48\x80\x04\xF8\x04\xFA\x55\x03"
"\x2C\x65\xE1\x9D\xDC\x7F\x43\xA4\xFC\xBF\x2D\x62\x5F\x33\xC0\x72\xD6\x51\x9D\x3E\x5C\xF6\x4A\xFB\x9F"
"\x2D\x69\x25\x5F\xD5\xBC\x9C\x5A\xFE\xCA\x1C\x00\x00\x00\x00\x00\x00\x00\x00\x00\x00\x00\x00\x00\x00"
"\x00\x00\x00\x00\x00\x00\x00\x00\x00\x00\x00\x00\xC8\xE7\x0F\xC0\xFA\xFF\x08\x3A\x42\x08\xE8\x00\x00"
"\x00\x00\x49\x45\x4E\x44\xAE\x42\x60\x82"
}
};

static const binfile_t background_snes = {"background_snes.png", 1939, {
"\x89\x50\x4E\x47\x0D\x0A\x1A\x0A\x00\x00\x00\x0D\x49\x48\x44\x52\x00\x00\x01\x40\x00\x00\x00\xF0\x08"
"\x03\x00\x00\x00\x46\xF3\x4D\x59\x00\x00\x03\x00\x50\x4C\x54\x45\xFB\xF8\xF1\xFC\xF7\xEE\xF8\xF6\xEF"
"\xF8\xF5\xEF\xFB\xF3\xE3\xF5\xF3\xED\xFB\xF2\xDF\xF4\xF2\xEC\xFB\xEF\xD8\xF3\xF1\xEB\xF1\xEF\xEA\xE9"
"\xE8\xE4\xE1\xE0\xDE\x00\x00\x00\x00\x00\x00\x00\x00\x00\x00\x00\x00\x00\x00\x00\x00\x00\x00\x00\x00"
"\x00\x00\x00\x00\x00\x00\x00\x00\x00\x00\x00\x00\x00\x00\x00\x00\x00\x00\x00\x00\x00\x00\x00\x00\x00"
"\x00\x00\x00\x00\x00\x00\x00\x00\x00\x00\x00\x00\x00\x00\x00\x00\x00\x00\x00\x00\x00\x00\x00\x00\x00"
"\x00\x00\x00\x00\x00\x00\x00\x00\x00\x00\x00\x00\x00\x00\x00\x00\x00\x00\x00\x00\x00\x00\x00\x00\x00"
"\x00\x00\x00\x00\x00\x00\x00\x00\x00\x00\x00\x00\x00\x00\x00\x00\x00\x00\x00\x00\x00\x00\x00\x00\x00"
"\x00\x00\x00\x00\x00\x00\x00\x00\x00\x00\x00\x00\x00\x00\x00\x00\x00\x00\x00\x00\x00\x00\x00\x00\x00"
"\x00\x00\x00\x00\x00\x00\x00\x00\x00\x00\x00\x00\x00\x00\x00\x00\x00\x00\x00\x00\x00\x00\x00\x00\x00"
"\x00\x00\x00\x00\x00\x00\x00\x00\x00\x00\x00\x00\x00\x00\x00\x00\x00\x00\x00\x00\x00\x00\x00\x00\x00"
"\x00\x00\x00\x00\x00\x00\x00\x00\x00\x00\x00\x00\x00\x00\x00\x00\x00\x00\x00\x00\x00\x00\x00\x00\x00"
"\x00\x00\x00\x00\x00\x00\x00\x00\x00\x00\x00\x00\x00\x00\x00\x00\x00\x00\x00\x00\x00\x00\x00\x00\x00"
"\x00\x00\x00\x00\x00\x00\x00\x00\x00\x00\x00\x00\x00\x00\x00\x00\x00\x00\x00\x00\x00\x00\x00\x00\x00"
"\x00\x00\x00\x00\x00\x00\x00\x00\x00\x00\x00\x00\x00\x00\x00\x00\x00\x00\x00\x00\x00\x00\x00\x00\x00"
"\x00\x00\x00\x00\x00\x00\x00\x00\x00\x00\x00\x00\x00\x00\x00\x00\x00\x00\x00\x00\x00\x00\x00\x00\x00"
"\x00\x00\x00\x00\x00\x00\x00\x00\x00\x00\x00\x00\x00\x00\x00\x00\x00\x00\x00\x00\x00\x00\x00\x00\x00"
"\x00\x00\x00\x00\x00\x00\x00\x00\x00\x00\x00\x00\x00\x00\x00\x00\x00\x00\x00\x00\x00\x00\x00\x00\x00"
"\x00\x00\x00\x00\x00\x00\x00\x00\x00\x00\x00\x00\x00\x00\x00\x00\x00\x00\x00\x00\x00\x00\x00\x00\x00"
"\x00\x00\x00\x00\x00\x00\x00\x00\x00\x00\x00\x00\x00\x00\x00\x00\x00\x00\x00\x00\x00\x00\x00\x00\x00"
"\x00\x00\x00\x00\x00\x00\x00\x00\x00\x00\x00\x00\x00\x00\x00\x00\x00\x00\x00\x00\x00\x00\x00\x00\x00"
"\x00\x00\x00\x00\x00\x00\x00\x00\x00\x00\x00\x00\x00\x00\x00\x00\x00\x00\x00\x00\x00\x00\x00\x00\x00"
"\x00\x00\x00\x00\x00\x00\x00\x00\x00\x00\x00\x00\x00\x00\x00\x00\x00\x00\x00\x00\x00\x00\x00\x00\x00"
"\x00\x00\x00\x00\x00\x00\x00\x00\x00\x00\x00\x00\x00\x00\x00\x00\x00\x00\x00\x00\x00\x00\x00\x00\x00"
"\x00\x00\x00\x00\x00\x00\x00\x00\x00\x00\x00\x00\x00\x00\x00\x00\x00\x00\x00\x00\x00\x00\x00\x00\x00"
"\x00\x00\x00\x00\x00\x00\x00\x00\x00\x00\x00\x00\x00\x00\x00\x00\x00\x00\x00\x00\x00\x00\x00\x00\x00"
"\x00\x00\x00\x00\x00\x00\x00\x00\x00\x00\x00\x00\x00\x00\x00\x00\x00\x00\x00\x00\x00\x00\x00\x00\x00"
"\x00\x00\x00\x00\x00\x00\x00\x00\x00\x00\x00\x00\x00\x00\x00\x00\x00\x00\x00\x00\x00\x00\x00\x00\x00"
"\x00\x00\x00\x00\x00\x00\x00\x00\x00\x00\x00\x00\x00\x00\x00\x00\x00\x00\x00\x00\x00\x00\x00\x00\x00"
"\x00\x00\x00\x00\x00\x00\x00\x00\x00\x00\x00\x00\x00\x00\x00\x00\x00\x00\x00\x00\x00\x00\x00\x00\x00"
"\x00\x00\x00\x00\x00\x00\x00\x00\x00\x00\x00\x00\x00\x00\x00\x00\x00\x00\x00\x00\x00\x00\x00\x00\x00"
"\x00\x00\x00\x00\x00\x00\x00\x00\x00\x00\x00\x00\x00\x00\x00\x00\x00\x00\x00\x00\x00\x00\x00\x00\x00"
"\x00\x00\x00\x00\x00\x00\x00\x00\x00\x08\x9F\xE1\xF4\x00\x00\x04\x4E\x49\x44\x41\x54\x78\xDA\xED\xDD"
"\xEB\x7A\xA3\x20\x14\x85\xE1\x14\x4A\x13\x36\x73\xFF\xD7\x3B\x31\x9E\xC0\xA0\x31\x82\x1A\xC8\xF7\xFE"
"\x9A\x76\xF2\xC4\x74\x95\xC3\x16\xD1\x5E\x2E\x00\x00\x00\x00\x00\x00\x00\x00\x00\x00\x00\x00\x00\x00"
"\x00\x00\x00\x00\x00\x00\x00\x00\x00\x00\x00\x00\x00\x00\x00\x00\x00\x00\x00\x00\x00\x00\x00\x00\x00"
"\x00\x00\x00\x00\x00\x7C\x05\xA5\xB5\xD9\x85\xD6\xAA\xF6\xEC\xB4\x15\xE7\xDC\xBF\xDD\xDC\xDF\x5C\xAC"
"\xAE\x35\x3D\x23\x3B\x46\x17\xC4\x28\xA6\xC2\x7E\x7B\x54\x7A\x7D\x86\x95\xF5\xE6\x63\xE3\xAB\x2E\x42"
"\x7B\x78\x7C\x8F\x08\x6D\x2D\xBD\xF7\x94\xF8\x1E\x11\x56\xD1\x08\xCD\x69\xF9\xDD\x13\xAC\x60\x36\x91"
"\x7F\xA7\x92\xDA\xF2\xBB\x17\x6A\xD2\x94\xBC\x23\xF5\x30\xF7\xB5\xD2\xFE\xFF\x85\xAF\xD2\xC1\xEB\x9A"
"\xF2\x5C\xE4\xA9\xCA\x94\x9A\xF2\x73\xCE\xEC\x3E\x2A\x29\x33\xC9\x50\xAA\xC9\xCF\xD9\x83\xC6\x74\x15"
"\xCE\xFA\x05\x27\x68\x83\xBA\xEC\xB4\xBA\xB3\xD8\x72\x46\xBB\xF3\x2A\x0A\xBF\x76\x72\xA5\x9E\x1D\xBB"
"\x53\xBB\x91\x37\x7C\xB8\xE2\x07\x40\x7B\xF2\x00\x52\xE4\x30\x68\x4E\x1F\x84\xBC\x04\x4D\xD1\x1D\x78"
"\xD7\xFC\x74\xB3\xC2\x38\xB3\x80\x65\x4B\xEE\xC4\xD7\x43\xFA\x8F\x92\xC5\x99\x42\x0A\x9E\x89\xDD\x11"
"\xBF\xFC\x60\x9E\x37\x67\x7D\x8A\x9D\x47\xC0\x1D\x87\x9F\x70\x9D\x27\x96\xA0\x29\x76\x14\x74\x47\x74"
"\xE0\xC9\x79\xAF\x5B\xEA\xC4\x85\x35\x41\x7D\x44\x01\xDD\x35\x2F\x31\xFD\xD5\x16\xBB\xD4\x48\xCB\xAA"
"\xA6\xE5\x65\x03\xBC\xCF\x9E\x36\xC7\x41\xDA\x8E\xDB\x0E\x86\x6E\xD3\x27\xF9\xE8\x1E\x3C\x7B\x16\xF5"
"\xF8\x89\x25\xC3\x41\xC4\xAB\x58\x62\xCD\x7D\x98\x67\x5C\x99\x3D\x78\xB9\x89\xEA\xF4\x00\xB5\xDF\x55"
"\xF5\xD2\x40\xA9\x4B\xEC\xC1\x76\xB9\x89\x26\x4D\x8D\x61\x66\xB3\x01\xDA\x12\xFB\xB0\x7B\x39\x85\x64"
"\x08\xB0\x7D\x0F\xE3\xB7\x79\xB5\x54\xEB\x14\xD4\x87\x57\x7C\xE6\x6C\x01\xBA\xE7\x7F\xBF\xFD\xDB\xFC"
"\xDC\x2A\xDA\xEE\x1A\xA0\x0C\xF3\x54\x77\x46\x27\xCB\x6B\x0A\xE5\xD4\xD2\xF6\xF5\xB8\x9D\x23\xC0\xAE"
"\xA1\xBB\x7E\xBF\xD2\xCC\x94\xAF\xCB\x3B\x1F\x96\xD7\xA3\x4E\x42\x80\x4A\xA9\xE7\xF5\x2A\xBF\x01\x8E"
"\x2F\x08\xFB\x70\x39\xB3\x88\xDB\x2F\xC0\x66\xF5\xAA\x69\x73\x66\xB2\xDA\x32\x1C\xCD\xB4\x2F\x10\xFD"
"\xD6\xC7\xF9\xD0\x00\x25\x7B\x80\xE3\xC5\xA2\x76\x4A\xF0\x2E\x1E\xC9\x24\x52\x79\xA7\x43\x7C\xE8\x24"
"\x9C\x3D\x40\x7F\xF5\xA0\x1D\xF1\x74\x1B\x61\xD7\x24\x83\xE5\x99\x61\xD6\x95\xD2\xA6\x61\xB5\x62\xD4"
"\xDE\x14\xA0\x44\xB7\x0E\x19\x6B\xFB\xEB\xF5\x2E\xBA\x3A\x63\x4B\x3B\x17\xD1\x2B\xEA\x86\x2D\x01\xF6"
"\xD5\xD1\x6C\x03\x97\xC9\x0B\xEC\xA4\xAA\x2A\x25\xC0\x85\x0F\xAC\x9A\x39\x72\x12\xE0\x74\xD2\x7C\x11"
"\xBA\x33\xAA\xDB\xEE\xFA\xD4\x25\xDB\x17\x88\x56\x5A\xFC\x26\xA8\x4B\x2B\x04\xE3\x01\x6A\xE7\x1B\x36"
"\x85\x8F\x64\xD5\xD0\x2A\xDE\x21\x24\x76\x5C\xAB\x7E\xFF\x7E\xBB\xCA\xDA\x84\x43\x4A\x29\x01\x5E\x63"
"\x83\xF6\x8A\x6D\x96\xB2\xE2\xF7\xE2\xD4\xFC\xA9\x5B\xBB\x3E\xA8\xFE\x6E\xB7\xDB\x9F\x9F\xF6\x70\xE8"
"\x52\x02\xB4\xB1\x00\xED\x8A\xED\x90\x2B\xDE\xD6\xC5\xBE\xF0\x03\x94\x9F\x5B\xE3\x47\x22\x01\x5A\x02"
"\xFC\x8E\x00\x3F\xB6\x0B\x97\x12\x60\x7C\x12\x31\xA7\x4D\x22\x95\xCC\xC2\x7D\x11\x33\x2D\x63\xDA\xEF"
"\xAC\x29\x65\x86\x32\x46\x57\x5E\xC6\x50\x48\xE7\x0A\xF0\x7A\xCC\xA9\x9C\xB9\xAE\x3C\x95\x2B\xE6\x5C"
"\x38\x79\x31\xA1\x59\xB4\xD2\xE1\xF0\xA9\x32\x2C\x26\x7C\xC9\x72\x56\xB7\x47\xBC\xFF\x71\xBB\xF3\x36"
"\x59\xB5\x9C\xA5\xAA\x58\xCE\x4A\x5A\x50\xD5\x7D\x26\xAE\x6F\x7C\xC1\x7B\x7D\xC7\x82\xEA\xF6\x25\x7D"
"\x13\xB6\x28\xAF\xC1\x8D\x2F\xFD\x82\x25\xFD\xCD\x17\x95\x8C\x77\x4B\x8E\xDF\xC0\x82\x06\x35\x1D\x6B"
"\x2B\xBC\xA8\x64\x5E\x9F\x5B\xC4\x03\x94\xF0\x5E\x5F\xB7\x7C\xDF\xAA\xAD\xF6\xB2\xE6\x65\xEB\x85\x75"
"\x33\x4E\xA8\x7D\x9E\xF1\xC6\xF7\x74\x3A\xB7\xE6\xC2\xFA\xA5\xC0\x00\xDF\xDD\xDA\x61\x24\xB8\xD1\xDC"
"\x8A\x7D\x75\x94\x2A\xB7\x76\x8C\x83\xD7\x35\x6B\x21\x1D\x4B\x46\xF9\x6F\x58\xCD\xE6\xA2\x43\xB6\xB7"
"\xA9\x8A\xB7\xB7\xB1\xC1\x32\x5B\x1F\x5E\xDA\xE2\x2B\x39\x0E\x52\xE9\x16\x5F\x36\x99\xE7\xEA\xC3\xDC"
"\xE6\x90\x5A\x4B\x1F\x78\xA3\x8D\x3E\xE9\x63\xEC\xDC\x3A\xB8\xD5\x2B\xF1\x7C\x98\x9B\x0D\x93\x07\x28"
"\x6E\x77\x4D\x1C\x05\xB9\xE1\x3A\xB1\x16\x3C\xEB\x96\x7F\x57\xFA\x93\x4F\x78\xE8\x44\xCE\x39\x92\xC7"
"\x9E\xA4\x0D\x42\x3C\x78\x27\xB5\x1B\xF1\xE8\xA7\xF4\x04\x79\xF8\x58\x72\x82\xB1\xC7\xDF\xF9\x8F\xB4"
"\xD3\x6A\xEE\xEB\xE9\x43\xF2\xBC\xEF\xEB\xFE\x7F\x6A\x7C\xFC\x1D\x0F\x60\xCC\x50\x50\xF3\x08\xD0\xAC"
"\x6B\x26\x3C\x84\x36\xED\x9C\x80\xC7\x20\x67\xA8\xCB\x78\x10\x77\x7A\x6D\x46\x7C\x5B\x66\x13\xFE\x18"
"\x41\xFA\xD9\x31\x7F\x0E\x23\x47\x6F\xE6\x0F\xB2\x00\x00\x00\x00\x00\x00\x00\x00\x00\x00\x00\x00\x00"
"\x00\x00\x00\x00\x00\x00\x00\x00\x00\x00\x00\x00\x00\x00\x00\x00\xBE\xCC\x7F\xDF\x09\xDC\xB8\xF6\xEC"
"\x29\x0B\x00\x00\x00\x00\x49\x45\x4E\x44\xAE\x42\x60\x82"
}
};

static const binfile_t banner_a26 = {"banner_a26.png", 514, {
"\x89\x50\x4E\x47\x0D\x0A\x1A\x0A\x00\x00\x00\x0D\x49\x48\x44\x52\x00\x00\x01\x10\x00\x00\x00\x18\x08"
"\x03\x00\x00\x00\x05\xF0\x52\xFE\x00\x00\x00\x20\x63\x48\x52\x4D\x00\x00\x7A\x26\x00\x00\x80\x84\x00"
"\x00\xFA\x00\x00\x00\x80\xE8\x00\x00\x75\x30\x00\x00\xEA\x60\x00\x00\x3A\x98\x00\x00\x17\x70\x9C\xBA"
"\x51\x3C\x00\x00\x00\x1E\x50\x4C\x54\x45\xFF\x00\xFF\x06\x1B\x3C\x06\x1B\x3B\x06\x1C\x3B\x06\x1C\x3C"
"\xF6\xA0\x0A\xF6\x9F\x09\xF7\xA7\x1D\xE3\x96\x0E\xFB\xF3\xE5\x56\x98\x10\x77\x00\x00\x00\x01\x62\x4B"
"\x47\x44\x00\x88\x05\x1D\x48\x00\x00\x00\x09\x70\x48\x59\x73\x00\x00\x0E\xC3\x00\x00\x0E\xC3\x01\xC7"
"\x6F\xA8\x64\x00\x00\x00\x07\x74\x49\x4D\x45\x07\xEA\x08\x1C\x12\x15\x1A\x84\xC1\x59\xD2\x00\x00\x01"
"\x19\x49\x44\x41\x54\x58\xC3\xED\x57\x5B\x12\x83\x20\x0C\x24\x89\x68\xBD\xFF\x85\xAB\x20\x79\x60\x3F"
"\x3A\xAD\x58\xA9\xD9\xCE\x08\x06\xE8\xB8\xCB\x26\x68\x08\x0E\x87\xC3\xE1\xB8\x3C\x00\x71\x6D\x08\x33"
"\xB6\x7E\x1E\x5B\x03\x50\xA6\xC9\x12\xA4\xE5\x17\x78\x0A\x99\x3F\xCA\xB1\x5F\xB3\xFA\x02\xDB\xD3\xA3"
"\x12\x04\xB5\x20\x1C\x33\x82\x94\x29\x3C\x3E\x20\x52\x1D\xEB\x12\x03\x2A\x3F\x94\x56\xA8\x29\xC1\x6A"
"\x1D\x6D\x74\xED\xE5\x65\x94\x16\xD1\xAF\x89\x7D\x8A\x85\xC3\x5E\x90\xF0\xBE\x20\x04\x24\xF7\xD5\xA5"
"\x4B\x24\xF6\x42\x3F\xB5\xB0\xD4\x03\xC8\x11\x2E\x22\x15\x43\x9D\x1D\x22\x58\x9A\x9B\x7B\xBD\x3A\x04"
"\xB3\x09\x2A\x92\x62\x00\x93\x3D\xD5\xB2\xA0\x13\xE5\x5F\x1C\xA2\xCA\xA6\xDD\x75\xDE\xF6\x57\x29\xA3"
"\xCE\x93\xA0\x7C\x81\xDC\x83\x86\x0E\x89\x31\x8E\x0D\x05\xA1\x50\x88\x18\xA3\xD4\xDB\x6E\x4F\x19\x73"
"\x40\x73\x35\x09\x12\xA3\x76\x06\x19\xE3\x34\xB5\x53\x04\x71\x10\xB6\xE6\xCC\x15\x2D\x68\x97\x03\xC6"
"\x55\x65\x00\xF4\x61\x0D\x87\x3F\x27\xE3\x31\xCD\xF3\x14\x5B\x09\xD2\x07\x00\x5D\x10\x0D\xFB\x9E\x97"
"\x52\xE6\xCE\x82\x50\xFD\xDA\x3B\x36\x2D\xAA\x97\xC7\xB9\x5F\x01\xD8\x01\x8E\xAE\xCF\xBD\x0B\x72\xA6"
"\x1C\x0E\x87\xE3\x4E\x78\x02\x5B\x8E\x06\x4B\x0B\x07\xDE\x47\x00\x00\x00\x19\x74\x45\x58\x74\x53\x6F"
"\x66\x74\x77\x61\x72\x65\x00\x77\x77\x77\x2E\x69\x6E\x6B\x73\x63\x61\x70\x65\x2E\x6F\x72\x67\x9B\xEE"
"\x3C\x1A\x00\x00\x00\x00\x49\x45\x4E\x44\xAE\x42\x60\x82"
}
};

static const binfile_t banner_col = {"banner_col.png", 513, {
"\x89\x50\x4E\x47\x0D\x0A\x1A\x0A\x00\x00\x00\x0D\x49\x48\x44\x52\x00\x00\x01\x10\x00\x00\x00\x18\x08"
"\x03\x00\x00\x00\x05\xF0\x52\xFE\x00\x00\x00\x20\x63\x48\x52\x4D\x00\x00\x7A\x26\x00\x00\x80\x84\x00"
"\x00\xFA\x00\x00\x00\x80\xE8\x00\x00\x75\x30\x00\x00\xEA\x60\x00\x00\x3A\x98\x00\x00\x17\x70\x9C\xBA"
"\x51\x3C\x00\x00\x00\x1E\x50\x4C\x54\x45\xFF\x00\xFF\x06\x1B\x3B\x06\x1A\x3C\x06\x1C\x3C\x06\x1C\x3B"
"\xF6\xA0\x0A\xF6\x9F\x09\xF7\xA7\x1D\xE3\x96\x0E\xFB\xF3\xE5\xD1\xA5\x4B\x75\x00\x00\x00\x01\x62\x4B"
"\x47\x44\x00\x88\x05\x1D\x48\x00\x00\x00\x09\x70\x48\x59\x73\x00\x00\x0E\xC3\x00\x00\x0E\xC3\x01\xC7"
"\x6F\xA8\x64\x00\x00\x00\x07\x74\x49\x4D\x45\x07\xEA\x08\x1C\x12\x15\x1A\x84\xC1\x59\xD2\x00\x00\x01"
"\x18\x49\x44\x41\x54\x58\xC3\xED\x96\x5B\x12\x83\x20\x0C\x45\x49\x0C\xA5\xEE\x7F\xC3\xAD\xC8\x23\xA1"
"\xE8\x38\x8E\xA8\xD4\xDC\x0F\x8C\x24\xA0\xF7\x0C\xA0\xC6\xA8\x54\x2A\x95\xAA\x27\xC1\xC6\xEC\x72\x1D"
"\x16\xF7\xC3\xD5\x96\x76\x40\xF0\x92\x11\xC1\x4A\x12\x59\x9F\x6F\x31\x87\x32\x23\x07\xC5\xD2\x9B\x8B"
"\x80\x99\x0F\x0D\x07\x62\x78\x84\xB2\x2C\x37\x31\x44\x31\x0E\x81\x62\x27\xFA\x4B\x0F\x40\x0A\xCB\x66"
"\x01\x48\xB5\x0C\xBD\x49\x7E\x0F\xBF\x45\x29\x05\xFF\x01\x04\xD8\x62\x10\x65\x14\x62\xEE\x9D\x8A\xCD"
"\xC4\x81\x4C\x34\x3A\x03\x82\x55\x20\x75\x6E\x18\xBD\x22\x88\x3C\x64\x52\x25\x10\x03\xD4\x19\x90\xF5"
"\x2D\x23\x23\x76\x6A\xD6\xA6\x11\x40\x28\x00\x21\x38\x06\x88\xB5\xF6\xD5\x12\xC8\xF7\xB5\xD3\x09\x90"
"\xBE\x32\x18\x7D\x63\xFE\xCA\xCC\xD6\xE6\x68\x0E\x0B\x20\x94\x66\x48\x3B\xC8\x00\x5B\x51\xC7\x00\x79"
"\x59\xE7\x5A\x12\xC9\xA6\x30\x45\x94\x8F\x0E\x66\x59\x64\xD3\xD8\x18\x88\x9A\xD0\x3D\x50\x9E\xDB\x84"
"\x43\x78\xFF\x4B\x06\xBD\xDD\x38\x3A\xDB\x10\x48\x07\x42\x50\x20\x5C\x79\x45\x4E\xF2\x5B\xE6\xC9\x40"
"\x48\xE0\x30\x13\x91\xA6\x47\xC8\xDD\x55\xE2\x68\xFE\xB4\xDB\xEB\xD4\x7F\x97\xAB\xCD\x6E\xD0\x99\x38"
"\x54\x2A\xD5\x93\xF4\x01\x59\xCB\x04\x21\x76\x59\x44\xA2\x00\x00\x00\x19\x74\x45\x58\x74\x53\x6F\x66"
"\x74\x77\x61\x72\x65\x00\x77\x77\x77\x2E\x69\x6E\x6B\x73\x63\x61\x70\x65\x2E\x6F\x72\x67\x9B\xEE\x3C"
"\x1A\x00\x00\x00\x00\x49\x45\x4E\x44\xAE\x42\x60\x82"
}
};

static const binfile_t banner_doom = {"banner_doom.png", 428, {
"\x89\x50\x4E\x47\x0D\x0A\x1A\x0A\x00\x00\x00\x0D\x49\x48\x44\x52\x00\x00\x01\x10\x00\x00\x00\x18\x08"
"\x03\x00\x00\x00\x05\xF0\x52\xFE\x00\x00\x00\x20\x63\x48\x52\x4D\x00\x00\x7A\x26\x00\x00\x80\x84\x00"
"\x00\xFA\x00\x00\x00\x80\xE8\x00\x00\x75\x30\x00\x00\xEA\x60\x00\x00\x3A\x98\x00\x00\x17\x70\x9C\xBA"
"\x51\x3C\x00\x00\x00\x1B\x50\x4C\x54\x45\xFF\x00\xFF\x06\x1B\x3B\x06\x1C\x3A\x06\x1B\x3C\xF6\xA0\x0A"
"\xF6\x9F\x09\xF7\xA7\x1D\xE3\x96\x0E\xFB\xF3\xE5\x78\xB4\x64\xAE\x00\x00\x00\x01\x62\x4B\x47\x44\x00"
"\x88\x05\x1D\x48\x00\x00\x00\x09\x70\x48\x59\x73\x00\x00\x0E\xC3\x00\x00\x0E\xC3\x01\xC7\x6F\xA8\x64"
"\x00\x00\x00\x07\x74\x49\x4D\x45\x07\xEA\x08\x1C\x12\x15\x1B\xF3\xC6\x69\x44\x00\x00\x00\xC6\x49\x44"
"\x41\x54\x58\xC3\xED\x95\xCB\x0E\x03\x21\x08\x45\xB9\xA0\x76\xFE\xFF\x8B\x9B\x71\xAC\x62\x9B\x26\xDD"
"\xF8\xE8\xC0\x59\x18\xEF\x4E\x4E\x00\x89\x1C\xC7\x71\x76\x07\x40\x0B\x0C\x5E\xFD\x9E\x15\x02\xD0\x24"
"\x5C\x81\x3F\x43\xB9\xA0\xF3\x75\x4B\xCE\x0A\x21\xA5\xCC\x5C\x2E\x74\x78\x25\xD4\x64\x41\x88\x2A\xFB"
"\x3C\x59\x87\x4E\x08\xAA\xBA\xFB\xA2\x85\x70\xED\x8D\x76\xB6\x20\x20\x98\xE9\x10\xFA\x41\x48\x96\x61"
"\x45\x88\x7C\x1D\x19\x65\xC7\x92\x90\xDA\x27\x92\xED\xF0\x15\x98\xBA\x0E\x12\xD0\x16\x42\x42\x08\x71"
"\xA8\x90\xB6\x19\x90\xB7\x66\x09\x0C\x40\xFD\x3F\xDA\xDF\x52\x62\x48\x69\xA0\x11\xF4\x8B\xB2\x4B\x2A"
"\xAC\x16\x82\xC6\x23\x1D\x47\x0A\x4B\x5E\xB1\x0D\x02\x17\xA2\xE9\x3F\xFB\x3C\x32\x96\x85\xF0\xFB\x98"
"\xC6\xA1\x4B\x75\x7B\xE6\x6E\x2D\xFC\x01\x32\x59\xFF\xEE\xCC\xD4\xE1\x38\x8E\x25\x9E\x39\x6A\x03\x23"
"\xDA\x26\x43\xA5\x00\x00\x00\x19\x74\x45\x58\x74\x53\x6F\x66\x74\x77\x61\x72\x65\x00\x77\x77\x77\x2E"
"\x69\x6E\x6B\x73\x63\x61\x70\x65\x2E\x6F\x72\x67\x9B\xEE\x3C\x1A\x00\x00\x00\x00\x49\x45\x4E\x44\xAE"
"\x42\x60\x82"
}
};

static const binfile_t banner_favorite = {"banner_favorite.png", 417, {
"\x89\x50\x4E\x47\x0D\x0A\x1A\x0A\x00\x00\x00\x0D\x49\x48\x44\x52\x00\x00\x01\x10\x00\x00\x00\x18\x08"
"\x03\x00\x00\x00\x05\xF0\x52\xFE\x00\x00\x00\x20\x63\x48\x52\x4D\x00\x00\x7A\x26\x00\x00\x80\x84\x00"
"\x00\xFA\x00\x00\x00\x80\xE8\x00\x00\x75\x30\x00\x00\xEA\x60\x00\x00\x3A\x98\x00\x00\x17\x70\x9C\xBA"
"\x51\x3C\x00\x00\x00\x1B\x50\x4C\x54\x45\xFF\x00\xFF\x00\x12\x32\x00\x13\x34\xFA\x8E\x00\xF7\x8E\x00"
"\xBD\x70\x0B\xA4\x64\x11\xE3\x83\x04\x01\x14\x34\x04\x85\x47\x92\x00\x00\x00\x01\x62\x4B\x47\x44\x00"
"\x88\x05\x1D\x48\x00\x00\x00\x07\x74\x49\x4D\x45\x07\xEA\x08\x1C\x12\x15\x1B\xF3\xC6\x69\x44\x00\x00"
"\x00\xF5\x49\x44\x41\x54\x58\xC3\xED\x95\x8B\x0E\x83\x20\x0C\x45\x5B\x60\x9B\xFF\xFF\xC5\x03\x11\xFA"
"\x00\x74\xD9\x96\x98\x26\xBD\x4B\xB4\xD4\x12\xBD\x27\x2D\x03\x70\xB9\x5C\x2E\x97\xCB\xE5\x72\xB9\x5C"
"\x87\x30\x7C\x52\x84\x14\xDE\xFD\xC1\x3F\x1B\xAE\x3A\x42\xBA\xF5\x2B\x65\x29\x1C\xF6\x1D\x11\x50\x64"
"\x56\xCA\x0D\x43\x41\xAE\x07\x00\x62\x2D\x8B\xC0\x3E\x10\x81\xA6\xA5\xB0\x5F\x14\x20\xDA\x32\xE9\x2B"
"\xF3\xED\x01\x72\x28\x98\x61\xEE\xAF\xC7\xBC\x43\x56\x40\xCC\x23\x51\xED\x8E\x3A\x25\xBC\x5E\x01\xE1"
"\x03\x68\x55\xFD\xF3\xF5\x79\x01\xAB\xE3\xF5\x0C\x08\xD8\x1F\x1B\xE6\x43\x00\x69\x39\x3A\x6A\x61\x3E"
"\x32\x92\xE4\x04\x48\x8C\x29\xA5\xBB\x6D\x7E\x05\xA4\x2F\x51\x79\xE5\x0F\x46\x20\xC3\x7F\xB3\x7C\xC1"
"\x23\x26\x30\x45\x44\x03\xD2\xBC\xF0\xBA\x94\x15\xC9\xB0\xE8\x19\x73\x6C\x18\xC8\xDF\xD4\xC8\xBC\x0A"
"\x0B\x43\x40\x70\xA6\x90\x7F\xFB\x3D\x84\x7D\x55\xC3\x2D\xA8\xAA\xF2\xB4\x95\xAA\xFD\xAC\x53\x52\x32"
"\x35\x31\x88\x0B\x24\xD5\x32\x4F\x09\x20\x39\xDE\x02\x9E\x88\x5E\x61\x8A\x87\x69\xBD\x01\x20\x45\x02"
"\xCD\xC3\x49\x30\xE2\x00\x00\x00\x00\x49\x45\x4E\x44\xAE\x42\x60\x82"
}
};

static const binfile_t banner_gb = {"banner_gb.png", 495, {
"\x89\x50\x4E\x47\x0D\x0A\x1A\x0A\x00\x00\x00\x0D\x49\x48\x44\x52\x00\x00\x01\x10\x00\x00\x00\x18\x08"
"\x03\x00\x00\x00\x05\xF0\x52\xFE\x00\x00\x00\x20\x63\x48\x52\x4D\x00\x00\x7A\x26\x00\x00\x80\x84\x00"
"\x00\xFA\x00\x00\x00\x80\xE8\x00\x00\x75\x30\x00\x00\xEA\x60\x00\x00\x3A\x98\x00\x00\x17\x70\x9C\xBA"
"\x51\x3C\x00\x00\x00\x1E\x50\x4C\x54\x45\xFF\x00\xFF\x07\x1C\x3B\x07\x1A\x3C\x06\x1B\x3B\x06\x1C\x3C"
"\xF6\xA0\x0A\xF6\x9F\x09\xF7\xA7\x1D\xE3\x96\x0E\xFB\xF3\xE5\xB0\x4C\x9B\x98\x00\x00\x00\x01\x62\x4B"
"\x47\x44\x00\x88\x05\x1D\x48\x00\x00\x00\x09\x70\x48\x59\x73\x00\x00\x0E\xC3\x00\x00\x0E\xC3\x01\xC7"
"\x6F\xA8\x64\x00\x00\x00\x07\x74\x49\x4D\x45\x07\xEA\x08\x1C\x12\x15\x1B\xF3\xC6\x69\x44\x00\x00\x01"
"\x06\x49\x44\x41\x54\x58\xC3\xED\x97\x51\x12\x82\x30\x0C\x44\x9B\xC4\x52\xB9\xFF\x85\x15\x28\x26\x5B"
"\xC0\x1F\x28\x52\xC9\x8E\x23\x46\x1B\x66\xF6\xB1\x29\x12\x82\xCB\xE5\x72\x5D\x50\xC4\xBC\xFF\x24\x22"
"\xF2\x6B\x1F\x07\x49\x26\x69\xC5\xE0\x70\xFE\x09\x56\x2D\xFA\x4C\x31\x1D\xDA\xC5\x93\x7D\x10\x96\xFA"
"\xC9\x00\x59\x34\x0E\x6F\x63\x23\xE5\xA5\x14\x32\x8B\x86\xF3\x52\x5E\x76\x42\x20\xAC\x40\xD6\x1A\x73"
"\x9E\x3E\x87\xB9\xB1\x5D\x1E\x85\xD1\x77\x65\x08\x0C\x2F\xDA\x1E\x19\xA6\x9C\x89\x80\xD0\x9A\xE6\x11"
"\xE6\xB9\xD0\xF9\xB7\x40\x26\x2A\x1B\x40\xF4\x9B\x22\x45\xED\x03\xD1\x1D\x94\x6C\x42\x72\x0D\x66\x2D"
"\x10\xD3\x07\x6B\x48\x1E\xBF\xB6\xB5\x07\xC8\xE0\x82\xED\xF8\xAB\x49\x0C\xCC\x5A\x23\xDE\x59\xCE\x01"
"\x12\x63\xEC\xEA\x12\x19\x36\x0A\xE3\x08\xAE\x3A\x8E\x0C\x63\x9F\x99\x19\x3B\x51\x75\x81\x74\x31\xA5"
"\xAA\x44\x08\x42\xF1\x1D\x88\x89\x09\x12\x62\x4B\xAB\x02\x10\x51\x3D\x53\xDF\xA7\x58\x11\x48\x03\x62"
"\x71\x20\x56\x18\xCD\x71\x64\xEE\x0C\x84\xCA\xBB\x78\x57\x77\x53\xBD\xBA\xCE\xFD\x53\x23\x0D\xE8\x80"
"\x47\xF1\xBF\x02\x72\x26\x0E\x97\xCB\x75\x27\xBD\x00\xC0\x24\x08\xDF\x4C\x10\x45\x81\x00\x00\x00\x19"
"\x74\x45\x58\x74\x53\x6F\x66\x74\x77\x61\x72\x65\x00\x77\x77\x77\x2E\x69\x6E\x6B\x73\x63\x61\x70\x65"
"\x2E\x6F\x72\x67\x9B\xEE\x3C\x1A\x00\x00\x00\x00\x49\x45\x4E\x44\xAE\x42\x60\x82"
}
};

static const binfile_t banner_gba = {"banner_gba.png", 586, {
"\x89\x50\x4E\x47\x0D\x0A\x1A\x0A\x00\x00\x00\x0D\x49\x48\x44\x52\x00\x00\x01\x10\x00\x00\x00\x18\x08"
"\x03\x00\x00\x00\x05\xF0\x52\xFE\x00\x00\x00\x20\x63\x48\x52\x4D\x00\x00\x7A\x26\x00\x00\x80\x84\x00"
"\x00\xFA\x00\x00\x00\x80\xE8\x00\x00\x75\x30\x00\x00\xEA\x60\x00\x00\x3A\x98\x00\x00\x17\x70\x9C\xBA"
"\x51\x3C\x00\x00\x00\x1E\x50\x4C\x54\x45\xFF\x00\xFF\x07\x1A\x3C\x06\x1B\x3B\x07\x1C\x3B\x06\x1C\x3C"
"\xF6\xA0\x0A\xF6\x9F\x09\xF7\xA7\x1D\xE3\x96\x0E\xFB\xF3\xE5\x40\xD3\x2E\x3F\x00\x00\x00\x01\x62\x4B"
"\x47\x44\x00\x88\x05\x1D\x48\x00\x00\x00\x09\x70\x48\x59\x73\x00\x00\x0E\xC3\x00\x00\x0E\xC3\x01\xC7"
"\x6F\xA8\x64\x00\x00\x00\x07\x74\x49\x4D\x45\x07\xEA\x08\x1C\x12\x15\x1B\xF3\xC6\x69\x44\x00\x00\x01"
"\x61\x49\x44\x41\x54\x58\xC3\xED\x96\xDB\x96\xC3\x20\x08\x45\xB9\xC4\xA4\xFD\xFF\x1F\x9E\xA8\x20\xE0"
"\xA4\x5D\xED\x43\x6E\xAB\x9E\x87\xC6\x58\x30\xB2\x03\x18\x80\xA1\xA1\xA1\xA1\xA1\xA1\xBB\x09\x89\xA8"
"\x8E\xE2\x55\x7F\x75\xB6\xDE\xB0\x0D\xEB\xD5\x3B\xFA\x79\x35\x9D\xAA\x05\x86\x07\xB0\x7A\xE6\x31\xEB"
"\x73\x6C\x95\x13\xB5\x6E\x03\xB1\xC5\xCE\x16\x54\xDD\x1F\x85\x8D\x66\x0B\xB5\x65\x35\x08\x3C\x3C\x10"
"\x72\x60\xCB\xCA\xE2\x02\x6C\x4E\x54\x96\xBC\x16\x10\x1F\x4B\x0B\xC6\x80\xF4\xC6\x36\xCD\x3A\xDC\x06"
"\xE2\x0C\xD6\x2C\x2C\x73\xD8\x80\x88\x13\xBA\x8C\x3B\x9B\xC4\x06\x10\x06\x03\x42\x1A\x0D\x76\x25\x23"
"\x21\x35\xDF\xF8\x66\x1B\x1E\xE3\x56\x28\xD6\xB2\x00\xF5\x46\x82\x8E\x77\x5E\x06\xCF\x86\x21\x14\xA0"
"\x4F\x7E\xCA\x7D\x05\xB6\x81\x60\xD9\x76\xEC\x32\x71\x39\xEE\x80\x14\x48\x2C\x14\x25\xB5\x34\x59\xAE"
"\x08\xC4\xBD\xC9\xD6\x20\xEC\x4D\xBF\x28\x19\x7C\x01\x04\x43\x6F\x69\xAD\x54\xCD\xE5\x3F\xDE\xA8\xC8"
"\x2F\x4A\x26\xA5\x34\xEF\x09\xA4\xF5\x05\xCC\x3B\x9F\x04\x88\x51\xEA\x80\x18\x0B\xD7\x2D\xDC\x6A\x52"
"\x42\xB9\xFE\x5C\x7F\x85\x7C\xDC\x90\xA0\xE1\xD6\x5F\xAA\x0D\x7F\x05\x64\x4E\xCB\xB2\x27\x11\x24\x8A"
"\xE9\x0D\xE0\x02\xFD\x77\xCA\xD8\xD1\xDC\x1F\xD6\xCE\x27\x9A\xAE\xE3\x09\x7C\xDF\x61\x97\x1C\x76\x16"
"\xBD\x3D\x65\xC8\xF4\x58\x9E\xCF\x25\xED\x07\xE4\x0E\x42\x1A\x40\xBC\x62\xF2\x94\x92\xF9\x65\x20\xDC"
"\xD7\xD2\xBC\x6B\x53\xBD\xBC\x8E\xFD\x80\xA5\x1B\xE8\xD0\xAF\x93\xB3\x83\xFD\x40\x47\xE2\x18\x1A\x1A"
"\xFA\x25\xFD\x01\xEE\x06\x07\x66\x51\x28\xDE\x20\x00\x00\x00\x19\x74\x45\x58\x74\x53\x6F\x66\x74\x77"
"\x61\x72\x65\x00\x77\x77\x77\x2E\x69\x6E\x6B\x73\x63\x61\x70\x65\x2E\x6F\x72\x67\x9B\xEE\x3C\x1A\x00"
"\x00\x00\x00\x49\x45\x4E\x44\xAE\x42\x60\x82"
}
};

static const binfile_t banner_gbc = {"banner_gbc.png", 555, {
"\x89\x50\x4E\x47\x0D\x0A\x1A\x0A\x00\x00\x00\x0D\x49\x48\x44\x52\x00\x00\x01\x10\x00\x00\x00\x18\x08"
"\x03\x00\x00\x00\x05\xF0\x52\xFE\x00\x00\x00\x20\x63\x48\x52\x4D\x00\x00\x7A\x26\x00\x00\x80\x84\x00"
"\x00\xFA\x00\x00\x00\x80\xE8\x00\x00\x75\x30\x00\x00\xEA\x60\x00\x00\x3A\x98\x00\x00\x17\x70\x9C\xBA"
"\x51\x3C\x00\x00\x00\x1E\x50\x4C\x54\x45\xFF\x00\xFF\x06\x1B\x3B\x05\x1C\x3B\x06\x1B\x3C\x06\x1C\x3C"
"\xF6\xA0\x0A\xF6\x9F\x09\xF7\xA7\x1D\xE3\x96\x0E\xFB\xF3\xE5\x1D\x15\xF0\x81\x00\x00\x00\x01\x62\x4B"
"\x47\x44\x00\x88\x05\x1D\x48\x00\x00\x00\x09\x70\x48\x59\x73\x00\x00\x0E\xC3\x00\x00\x0E\xC3\x01\xC7"
"\x6F\xA8\x64\x00\x00\x00\x07\x74\x49\x4D\x45\x07\xEA\x08\x1C\x12\x15\x1B\xF3\xC6\x69\x44\x00\x00\x01"
"\x42\x49\x44\x41\x54\x58\xC3\xED\x95\xDB\x96\x83\x30\x08\x45\xB9\x18\x9D\xFE\xFF\x0F\x4F\x24\x42\x20"
"\xAD\x6B\xCD\xCD\x56\xA7\x9C\x07\x8B\x0D\xA4\x61\x17\x08\x40\x2A\x95\x4A\xA5\x52\x17\x13\x8A\xC4\xA4"
"\xED\xB3\x7E\xC7\xEE\x69\xEB\xEA\x4E\x2E\x52\x0C\x92\xB7\xBE\x27\xD9\x0A\xB6\x4D\xDC\xF2\x64\xDB\x49"
"\xFC\xF4\xEA\xFC\x47\xF1\x7A\xBA\xA9\x9F\x50\x0D\x59\xD9\xB0\xF8\x5C\x6B\xF2\x64\xC9\x36\x47\x49\x36"
"\xF8\xD4\xC0\x6D\x81\x81\xD5\x1B\xFA\xD6\xB6\x01\xF9\xB0\x73\x28\x24\xC2\x1E\x48\x7D\xE3\xC1\x21\x24"
"\x2F\x4F\xDE\x4C\x0A\x45\x14\x2C\x0C\x05\xE4\x62\x47\x8E\xE7\x90\xD6\x3F\xAC\x85\x0E\x06\x84\x09\xEA"
"\xDB\x4E\xCB\x48\x9D\x37\x78\xD4\xE2\x31\x16\x48\xB4\xF6\x81\x84\x9D\x4F\xA2\xF6\x37\xD9\xC1\xED\xBC"
"\x52\xF6\x06\x24\xF8\xDB\x6C\x01\xE8\xED\xC3\x3F\x04\xF2\xEA\xFC\x1F\x02\xE9\x3D\x8D\x0E\x08\xC0\x5E"
"\xCB\x30\x0E\x91\xD1\x89\x23\x10\xFE\xEB\x96\x29\xA5\xCC\x47\x02\xD1\x63\x11\x1A\x11\x4D\xD3\x86\xAA"
"\x6B\x19\xEA\x40\xD0\xEE\xA5\x98\xD7\xBA\x32\xE9\xF8\x60\x47\x3B\xFC\x9E\x2F\xCE\xEF\x68\x2E\xCB\x72"
"\x24\x11\xD2\xAB\x11\xEF\xFF\xF7\xBD\x19\xF2\xC0\x1C\x29\xDF\x5F\xBB\x4A\x84\xD0\x53\xFC\x22\x10\xEC"
"\xFA\x58\x6E\xB7\xA5\x1C\x07\xE4\x0A\x62\x4C\x20\x5E\x71\xF8\x4A\xCB\xBC\x33\x10\x1A\xE7\xCC\x7C\xE8"
"\x50\x3D\xBD\x9E\x7B\x35\xE3\x05\xC4\xBF\x4F\xF3\x5F\x01\x79\x26\x8E\x54\x2A\xF5\x4E\xFA\x04\x8E\x8B"
"\x04\x53\xB3\x97\xCD\x05\x00\x00\x00\x19\x74\x45\x58\x74\x53\x6F\x66\x74\x77\x61\x72\x65\x00\x77\x77"
"\x77\x2E\x69\x6E\x6B\x73\x63\x61\x70\x65\x2E\x6F\x72\x67\x9B\xEE\x3C\x1A\x00\x00\x00\x00\x49\x45\x4E"
"\x44\xAE\x42\x60\x82"
}
};

static const binfile_t banner_gg = {"banner_gg.png", 488, {
"\x89\x50\x4E\x47\x0D\x0A\x1A\x0A\x00\x00\x00\x0D\x49\x48\x44\x52\x00\x00\x01\x10\x00\x00\x00\x18\x08"
"\x03\x00\x00\x00\x05\xF0\x52\xFE\x00\x00\x00\x20\x63\x48\x52\x4D\x00\x00\x7A\x26\x00\x00\x80\x84\x00"
"\x00\xFA\x00\x00\x00\x80\xE8\x00\x00\x75\x30\x00\x00\xEA\x60\x00\x00\x3A\x98\x00\x00\x17\x70\x9C\xBA"
"\x51\x3C\x00\x00\x00\x1E\x50\x4C\x54\x45\xFF\x00\xFF\x06\x1B\x3B\x06\x1B\x3C\x06\x1C\x3B\xF6\xA0\x0A"
"\xF6\x9F\x09\x06\x1C\x3C\xF7\xA7\x1D\xE3\x96\x0E\xFB\xF3\xE5\x4A\x21\xEC\x15\x00\x00\x00\x01\x62\x4B"
"\x47\x44\x00\x88\x05\x1D\x48\x00\x00\x00\x09\x70\x48\x59\x73\x00\x00\x0E\xC3\x00\x00\x0E\xC3\x01\xC7"
"\x6F\xA8\x64\x00\x00\x00\x07\x74\x49\x4D\x45\x07\xEA\x08\x1C\x12\x15\x1B\xF3\xC6\x69\x44\x00\x00\x00"
"\xFF\x49\x44\x41\x54\x58\xC3\xED\x95\xCB\x16\xC2\x20\x0C\x44\x09\xA1\xC5\xFE\xFF\x0F\x6B\x01\xF3\xA8"
"\xC5\x8D\xD2\xD3\xB4\x99\x8D\x31\x38\x9E\xCE\x35\xC1\x10\x5C\x2E\x97\xCB\x75\x7A\xC1\x4B\x91\x6A\x5D"
"\xD4\x17\x28\x92\x1E\x8C\x80\x40\x6E\xC0\x0F\x37\xF5\xEC\xA9\x3C\x7C\x8B\x82\x94\xBB\x16\xD0\x01\x02"
"\xDC\x11\x67\xAA\xD8\x10\xB4\x23\x9E\x8E\x02\x04\x3B\x40\xBA\x1E\x71\x44\x5C\xCB\xE7\xED\x02\xD1\x6F"
"\x28\x13\x42\xE0\x29\x88\x5D\x0F\xD7\x48\x93\x66\x1F\x48\xDB\x78\x04\x79\x79\xAC\xB1\x70\x77\x65\xD6"
"\x3A\xCA\x95\x09\xDA\x6D\x79\x63\x6A\x04\xFA\x65\x35\x10\x64\x20\x7B\x10\xC9\xC3\xDD\xAB\x00\x51\x41"
"\xDE\x0D\x35\x21\x5F\x3C\xAD\x89\xEC\x1E\xBC\x32\x29\xA5\x69\x28\x11\x68\x89\xB1\xA5\x11\x39\xF7\x57"
"\x66\xAE\xAC\xF4\x19\x96\xB5\x93\x40\x06\x11\x99\x52\xCE\xA3\x89\x00\xCC\x02\x05\x63\xE9\x00\x91\x37"
"\x87\x18\x0B\x02\xA9\xBE\xE2\x8F\x0F\x59\xF5\xC8\xCB\x92\xD3\x40\x20\x06\x14\xC1\x81\x48\xE9\xF9\x2C"
"\x2B\x73\x67\x20\xB8\xBD\x8D\xA6\xB1\x97\xEA\xD9\x75\xEC\x1F\x38\x18\x50\xFC\x3D\xE6\xA5\x80\x1C\x89"
"\xC3\xE5\x72\xDD\x49\x4F\xB1\x00\x03\xCD\x5C\x87\x75\x4D\x00\x00\x00\x19\x74\x45\x58\x74\x53\x6F\x66"
"\x74\x77\x61\x72\x65\x00\x77\x77\x77\x2E\x69\x6E\x6B\x73\x63\x61\x70\x65\x2E\x6F\x72\x67\x9B\xEE\x3C"
"\x1A\x00\x00\x00\x00\x49\x45\x4E\x44\xAE\x42\x60\x82"
}
};

static const binfile_t banner_gw = {"banner_gw.png", 530, {
"\x89\x50\x4E\x47\x0D\x0A\x1A\x0A\x00\x00\x00\x0D\x49\x48\x44\x52\x00\x00\x01\x10\x00\x00\x00\x18\x08"
"\x03\x00\x00\x00\x05\xF0\x52\xFE\x00\x00\x00\x20\x63\x48\x52\x4D\x00\x00\x7A\x26\x00\x00\x80\x84\x00"
"\x00\xFA\x00\x00\x00\x80\xE8\x00\x00\x75\x30\x00\x00\xEA\x60\x00\x00\x3A\x98\x00\x00\x17\x70\x9C\xBA"
"\x51\x3C\x00\x00\x00\x1E\x50\x4C\x54\x45\xFF\x00\xFF\x06\x1C\x3B\x06\x1B\x3B\x06\x1B\x3C\x06\x1C\x3C"
"\xF6\xA0\x0A\xF6\x9F\x09\xF7\xA7\x1D\xE3\x96\x0E\xFB\xF3\xE5\xEB\x71\xBA\x21\x00\x00\x00\x01\x62\x4B"
"\x47\x44\x00\x88\x05\x1D\x48\x00\x00\x00\x09\x70\x48\x59\x73\x00\x00\x0E\xC3\x00\x00\x0E\xC3\x01\xC7"
"\x6F\xA8\x64\x00\x00\x00\x07\x74\x49\x4D\x45\x07\xEA\x08\x1C\x12\x15\x1B\xF3\xC6\x69\x44\x00\x00\x01"
"\x29\x49\x44\x41\x54\x58\xC3\xED\x96\xED\x16\x82\x20\x0C\x86\xF7\x21\x9A\xF7\x7F\xC3\x91\xE0\xD8\xD4"
"\x3A\xA7\x12\x93\xDC\xFB\xC3\x80\x98\x87\x3D\xBD\x6C\x01\xB8\x5C\x2E\x97\xAB\x01\x61\xE5\xFD\x00\xF4"
"\xEB\x14\xDF\xC9\x8E\x1E\xCA\xE7\xCE\x03\x4E\x03\x22\x4E\x8B\xB2\x01\xE6\xB9\x4E\x16\x73\x60\x5E\x9D"
"\x63\x4B\x9C\x1A\x80\x6C\x3B\xAB\x74\x72\x11\x80\x06\x42\x02\x64\x11\x01\xAB\xB9\x02\x22\x2F\x91\x40"
"\x22\xD4\xA1\xA7\x07\x62\xC6\x69\xFA\x12\x08\x12\xAE\xDE\xA0\x81\x20\xE4\x0D\xC6\x31\x4D\x01\x61\x39"
"\xBA\x00\x89\x49\x61\x7C\x3C\xBB\x32\x60\x7C\x15\xA7\xA0\x1C\x52\x48\xE4\x0F\xD6\xA1\xD4\x00\x90\x68"
"\x72\x4E\x18\x0A\x90\x29\x8F\x2D\x87\x4C\x09\x6F\x11\x2A\x65\xC2\x02\xE1\xF6\x1C\x02\xDA\x0A\xA4\xD0"
"\xE4\xE5\x6E\x45\x70\x0B\x08\x97\x02\x9A\xEE\x4C\x29\xD5\xFB\x02\x09\x21\xF4\x35\x81\xA4\x6C\xCC\x71"
"\xA5\x2C\xA6\x65\xB4\x95\x17\x17\xA6\x91\xB6\x02\x53\xCF\x02\x75\x79\xCA\xF7\xFB\x75\x99\x3E\x0C\x43"
"\x4D\x22\x30\xFF\xA2\xD2\x22\x57\x40\xAC\x21\x70\xA3\xA8\xA8\x67\x5A\xE9\x74\xE6\xD6\x33\x1F\x01\xA1"
"\xA2\xDB\x30\x8E\x43\xA8\x08\xA4\x01\x31\x39\x10\x2D\x6B\xC8\xE9\xCA\x5C\x19\x08\x2E\xDA\x5C\x24\x52"
"\xB5\x84\x9C\x5D\xC7\xFE\x6F\xA1\x06\xC4\xDF\xA7\xF9\x57\x40\x8E\xC4\xE1\x72\xB9\xAE\xA4\x3B\xAB\xDA"
"\x06\xB2\x48\x44\xCC\xF3\x00\x00\x00\x19\x74\x45\x58\x74\x53\x6F\x66\x74\x77\x61\x72\x65\x00\x77\x77"
"\x77\x2E\x69\x6E\x6B\x73\x63\x61\x70\x65\x2E\x6F\x72\x67\x9B\xEE\x3C\x1A\x00\x00\x00\x00\x49\x45\x4E"
"\x44\xAE\x42\x60\x82"
}
};

static const binfile_t banner_lnx = {"banner_lnx.png", 510, {
"\x89\x50\x4E\x47\x0D\x0A\x1A\x0A\x00\x00\x00\x0D\x49\x48\x44\x52\x00\x00\x01\x10\x00\x00\x00\x18\x08"
"\x03\x00\x00\x00\x05\xF0\x52\xFE\x00\x00\x00\x20\x63\x48\x52\x4D\x00\x00\x7A\x26\x00\x00\x80\x84\x00"
"\x00\xFA\x00\x00\x00\x80\xE8\x00\x00\x75\x30\x00\x00\xEA\x60\x00\x00\x3A\x98\x00\x00\x17\x70\x9C\xBA"
"\x51\x3C\x00\x00\x00\x1E\x50\x4C\x54\x45\xFF\x00\xFF\x06\x1B\x3C\x06\x1B\x3B\x06\x1C\x3B\x06\x1C\x3C"
"\xF6\xA0\x0A\xF6\x9F\x09\xF7\xA7\x1D\xE3\x96\x0E\xFB\xF3\xE5\x56\x98\x10\x77\x00\x00\x00\x01\x62\x4B"
"\x47\x44\x00\x88\x05\x1D\x48\x00\x00\x00\x09\x70\x48\x59\x73\x00\x00\x0E\xC3\x00\x00\x0E\xC3\x01\xC7"
"\x6F\xA8\x64\x00\x00\x00\x07\x74\x49\x4D\x45\x07\xEA\x08\x1C\x12\x15\x1B\xF3\xC6\x69\x44\x00\x00\x01"
"\x15\x49\x44\x41\x54\x58\xC3\xED\x97\xD9\x12\x83\x20\x0C\x45\xE1\xA6\x48\xFD\xFF\x1F\xAE\x6C\x21\x88"
"\xD3\xF1\xA1\x58\x19\x73\x1E\x04\x59\x46\x73\x0C\x30\x1A\xA3\x28\x8A\xA2\xDC\x1E\x0B\x84\x82\x90\xC8"
"\xF5\xD4\x17\x1A\x6C\x19\x56\xA7\xE4\xEE\xD4\x15\x6F\x52\x0B\x88\x07\x12\x4E\x3C\xFA\x9E\x64\x09\x10"
"\x42\x20\x85\x70\x5B\x2F\x24\x18\x91\x33\xAA\x21\xC2\xB4\x42\x5E\x10\xF9\x50\x4A\xE2\x90\x85\xB0\x4E"
"\x48\x28\x51\x24\xC4\xA1\xB9\x4E\xA6\xE4\xD5\x84\xC4\xA0\x0E\xE2\x3C\x27\x04\x3C\xB0\x0A\x31\xDC\x3A"
"\x25\x31\xFA\x1A\x7E\x2C\xED\xB6\x11\xF0\x87\xE7\x28\x7B\x21\x72\xB3\x09\xB3\x4A\x5E\xCC\x2C\x24\x7D"
"\xD9\x46\x88\x68\x42\xBB\x7A\x3A\x21\x32\xA9\x36\x87\x59\x88\x9D\x5C\x08\xD0\x09\x91\x3B\xE9\x97\x25"
"\xD3\x08\x31\x32\x99\x46\x1A\x71\xCE\x2D\x03\x85\x90\x31\x75\x67\xAC\x41\x52\x3D\x4D\x8F\x84\xD8\x9D"
"\x26\x29\x24\xD5\x69\xD4\x1B\x2F\xCE\xFB\x71\x46\x9A\xDC\x28\x57\xE2\x9B\xBD\x1B\x9E\x85\x03\x21\xD9"
"\x2B\xBA\xE1\x3F\x79\x4F\xE6\xED\xD7\xD5\xBB\x51\x42\xE6\xC0\x42\x85\x48\xDA\x63\x3C\x2E\x99\x27\x0B"
"\xA1\xFD\x99\xB5\x0C\xDD\x54\x6F\xCF\xB5\x47\x38\x26\xE0\xD2\x9F\x80\x7F\x07\x7B\x82\x2B\x75\x28\x8A"
"\xF2\x24\x3E\xED\x70\x06\x23\xDB\x32\x20\x8C\x00\x00\x00\x19\x74\x45\x58\x74\x53\x6F\x66\x74\x77\x61"
"\x72\x65\x00\x77\x77\x77\x2E\x69\x6E\x6B\x73\x63\x61\x70\x65\x2E\x6F\x72\x67\x9B\xEE\x3C\x1A\x00\x00"
"\x00\x00\x49\x45\x4E\x44\xAE\x42\x60\x82"
}
};

static const binfile_t banner_md = {"banner_md.png", 515, {
"\x89\x50\x4E\x47\x0D\x0A\x1A\x0A\x00\x00\x00\x0D\x49\x48\x44\x52\x00\x00\x01\x10\x00\x00\x00\x18\x08"
"\x03\x00\x00\x00\x05\xF0\x52\xFE\x00\x00\x00\x20\x63\x48\x52\x4D\x00\x00\x7A\x26\x00\x00\x80\x84\x00"
"\x00\xFA\x00\x00\x00\x80\xE8\x00\x00\x75\x30\x00\x00\xEA\x60\x00\x00\x3A\x98\x00\x00\x17\x70\x9C\xBA"
"\x51\x3C\x00\x00\x00\x1E\x50\x4C\x54\x45\xFF\x00\xFF\x06\x1B\x3B\x06\x1C\x3A\x06\x1B\x3C\x06\x1C\x3C"
"\xF6\xA0\x0A\xF6\x9F\x09\xF7\xA7\x1D\xE3\x96\x0E\xFB\xF3\xE5\x52\x23\x3D\x69\x00\x00\x00\x01\x62\x4B"
"\x47\x44\x00\x88\x05\x1D\x48\x00\x00\x00\x09\x70\x48\x59\x73\x00\x00\x0E\xC3\x00\x00\x0E\xC3\x01\xC7"
"\x6F\xA8\x64\x00\x00\x00\x07\x74\x49\x4D\x45\x07\xEA\x08\x1C\x12\x15\x1B\xF3\xC6\x69\x44\x00\x00\x01"
"\x1A\x49\x44\x41\x54\x58\xC3\xED\x97\xDB\x0E\x83\x30\x08\x40\x81\x5A\x3B\xFF\xFF\x87\xD7\xF5\x42\x41"
"\x5D\xE2\x92\xD5\xD9\xC9\x79\x50\xD4\x2E\x19\xA7\x80\x1B\x80\x61\x18\x86\x71\x71\x10\x31\x9F\xA8\x5C"
"\x95\x28\xC7\x65\x91\xE3\x88\x9F\x90\x88\xB1\x86\xF5\xC0\x71\xC4\xFD\x3A\xC3\xCF\x85\x50\x3D\x96\x14"
"\xB0\x45\x28\x17\x31\x24\xBC\x89\x65\xE9\x44\xC8\xA1\xD2\x3B\x0C\x39\x1D\x62\x21\xED\xBE\x5C\x44\xEA"
"\x92\xCA\xF6\xD7\x75\x52\x88\xAC\x13\x5D\x57\x83\x10\x4D\x60\xCA\x58\x0B\x51\xA5\x1E\xEF\x6E\x85\xC0"
"\xDF\x0A\xC9\x45\xB2\x6A\x99\xDA\x48\x79\x0D\x81\x2A\xFD\x4D\x5B\x68\x21\x18\x67\x0E\xAC\x9E\x8D\x43"
"\x16\x02\xB0\xA9\x90\xB4\xF3\x38\xB5\xF8\xA0\x10\x51\x4F\xC3\xC9\xA8\x5F\xFA\x9D\x10\x60\x21\x7A\xA7"
"\x29\x4F\xCF\xFD\x96\x81\x8D\xA1\x6F\xE3\xBD\x9F\xFB\x0A\x49\xE7\xD6\x32\xAE\x44\xC4\x42\x00\x54\xCF"
"\xBC\xDE\x32\x4E\x24\x8D\x6A\x64\x4C\xF2\xE5\xD4\xA1\x65\x66\x1F\x42\x47\x23\x3B\x42\x56\x03\x80\x0D"
"\x29\x21\x44\xE2\xF3\x7A\x86\xF6\x10\x82\x8D\x47\x58\x96\xE0\xBB\x09\x19\x02\x87\x26\x44\xA2\xEB\x2C"
"\xB5\xCC\x9D\x85\xD0\xBA\xED\xE6\xAE\x43\xF5\xF2\x9C\xFB\x4B\x06\x07\xE0\xD4\x7F\x87\xBF\x4E\xF6\x00"
"\x67\xEA\x30\x0C\xE3\x4E\x3C\x01\x60\xBD\x03\xEE\xFF\x77\xF8\x20\x00\x00\x00\x19\x74\x45\x58\x74\x53"
"\x6F\x66\x74\x77\x61\x72\x65\x00\x77\x77\x77\x2E\x69\x6E\x6B\x73\x63\x61\x70\x65\x2E\x6F\x72\x67\x9B"
"\xEE\x3C\x1A\x00\x00\x00\x00\x49\x45\x4E\x44\xAE\x42\x60\x82"
}
};

static const binfile_t banner_msx = {"banner_msx.png", 419, {
"\x89\x50\x4E\x47\x0D\x0A\x1A\x0A\x00\x00\x00\x0D\x49\x48\x44\x52\x00\x00\x01\x10\x00\x00\x00\x18\x08"
"\x03\x00\x00\x00\x05\xF0\x52\xFE\x00\x00\x00\x20\x63\x48\x52\x4D\x00\x00\x7A\x26\x00\x00\x80\x84\x00"
"\x00\xFA\x00\x00\x00\x80\xE8\x00\x00\x75\x30\x00\x00\xEA\x60\x00\x00\x3A\x98\x00\x00\x17\x70\x9C\xBA"
"\x51\x3C\x00\x00\x00\x1E\x50\x4C\x54\x45\xFF\x00\xFF\x06\x1C\x3C\x06\x1A\x3C\x06\x1B\x3B\x06\x1C\x3B"
"\xF6\xA0\x0A\xF6\x9F\x09\xF7\xA7\x1D\xE3\x96\x0E\xFB\xF3\xE5\x6C\x4C\xE1\x23\x00\x00\x00\x01\x62\x4B"
"\x47\x44\x00\x88\x05\x1D\x48\x00\x00\x00\x09\x70\x48\x59\x73\x00\x00\x0E\xC3\x00\x00\x0E\xC3\x01\xC7"
"\x6F\xA8\x64\x00\x00\x00\x07\x74\x49\x4D\x45\x07\xEA\x08\x1C\x12\x15\x1B\xF3\xC6\x69\x44\x00\x00\x00"
"\xBA\x49\x44\x41\x54\x58\xC3\xED\x96\x41\x12\x83\x20\x0C\x45\x23\x5F\xA0\xDE\xFF\xC2\xB6\x10\x6A\xC4"
"\x4D\x37\x10\x3A\xC9\x9B\x11\x14\x36\xE1\x4D\x12\x24\x72\x1C\xC7\x59\x9E\x2D\x40\x3B\x04\x55\x00\x84"
"\x3A\xA1\x7D\x03\x3B\xBF\x95\x51\x3B\xC2\xF9\x42\x20\x84\xF0\xC8\x5B\x81\xAA\x2E\x4B\x94\x8C\xE0\x91"
"\xBA\x84\xF8\xAE\x5A\xA2\x56\xC8\xFB\xA9\x47\x0F\xAD\x60\x3E\xEC\x06\x7D\x10\xE7\x07\xDD\x7A\x08\xC4"
"\xA6\x35\x7A\x21\x52\x83\xD5\x92\xE9\x85\xD0\x95\x2C\x4B\x5E\x32\x31\xC6\x34\x56\x88\x98\x51\xBA\x49"
"\x5B\x5A\xB2\x68\x52\xCC\x79\xA0\x91\xA7\x10\xE9\x83\x56\xB9\x77\x71\xF1\xCA\xC7\x91\xA3\x76\x40\xBA"
"\x04\xB8\x10\xC9\xBD\xB7\x97\x92\xB1\x2C\xE4\xF1\x37\x94\x86\x36\xD5\xE5\x99\xDB\xD6\xF1\x07\x4C\x6D"
"\xEA\xDA\x87\xFD\x81\x99\x3A\x1C\xC7\xB1\xC4\x09\xA0\xF7\x06\xEE\xE6\x0F\xA0\xF6\x00\x00\x00\x19\x74"
"\x45\x58\x74\x53\x6F\x66\x74\x77\x61\x72\x65\x00\x77\x77\x77\x2E\x69\x6E\x6B\x73\x63\x61\x70\x65\x2E"
"\x6F\x72\x67\x9B\xEE\x3C\x1A\x00\x00\x00\x00\x49\x45\x4E\x44\xAE\x42\x60\x82"
}
};

static const binfile_t banner_nes = {"banner_nes.png", 401, {
"\x89\x50\x4E\x47\x0D\x0A\x1A\x0A\x00\x00\x00\x0D\x49\x48\x44\x52\x00\x00\x01\x10\x00\x00\x00\x18\x08"
"\x03\x00\x00\x00\x05\xF0\x52\xFE\x00\x00\x00\x20\x63\x48\x52\x4D\x00\x00\x7A\x26\x00\x00\x80\x84\x00"
"\x00\xFA\x00\x00\x00\x80\xE8\x00\x00\x75\x30\x00\x00\xEA\x60\x00\x00\x3A\x98\x00\x00\x17\x70\x9C\xBA"
"\x51\x3C\x00\x00\x00\x1E\x50\x4C\x54\x45\xFF\x00\xFF\x06\x1B\x3B\x06\x1B\x3C\x06\x1C\x3A\x06\x1C\x3C"
"\xF6\xA0\x0A\xF6\x9F\x09\xF7\xA7\x1D\xE3\x96\x0E\xFB\xF3\xE5\x2A\xF3\x52\xC7\x00\x00\x00\x01\x62\x4B"
"\x47\x44\x00\x88\x05\x1D\x48\x00\x00\x00\x09\x70\x48\x59\x73\x00\x00\x0E\xC3\x00\x00\x0E\xC3\x01\xC7"
"\x6F\xA8\x64\x00\x00\x00\x07\x74\x49\x4D\x45\x07\xEA\x08\x1C\x12\x15\x1B\xF3\xC6\x69\x44\x00\x00\x00"
"\xA8\x49\x44\x41\x54\x58\xC3\xED\x97\x41\x0E\xC3\x20\x0C\x04\x59\xA8\xA1\xF9\xFF\x87\x2B\x91\x44\x05"
"\x5A\x55\xBD\x84\x25\xF2\xCE\x21\x02\x73\xB1\x47\xB1\x49\x42\x10\x42\x88\xFB\x80\x18\xD9\x29\x50\xCA"
"\x06\xEA\x33\x1D\x1B\xEC\x81\x10\xEB\x2A\xB1\xD3\xA3\x08\x41\x2B\xE4\x1D\x67\x67\x46\x14\xF2\x90\x90"
"\x5E\x08\xFA\x96\x69\xE2\x0E\xD9\x75\x7C\x0A\xE9\xD6\x9E\x18\x85\x8C\x67\xEE\x38\x66\xEA\x57\x21\x8B"
"\x0E\x12\x33\xCB\xF3\x84\x9C\x7D\x82\x65\xAF\xDD\x6C\xA5\x5C\x68\xE4\xF7\x77\x08\xBB\xF8\x36\xCD\x93"
"\x67\xD9\xB6\x62\xEC\x84\xB8\x44\x48\x48\x4B\xFF\xAE\xD6\x96\xF1\x2C\x24\x8D\xAD\x9B\x2F\x1D\xAA\xCB"
"\x33\x77\x92\xE1\x06\x4C\xFD\xE7\x66\x17\xFB\x07\x33\x75\x08\x21\x3C\xF1\x02\x73\x5E\x02\xF2\x91\x3C"
"\x9C\x4B\x00\x00\x00\x19\x74\x45\x58\x74\x53\x6F\x66\x74\x77\x61\x72\x65\x00\x77\x77\x77\x2E\x69\x6E"
"\x6B\x73\x63\x61\x70\x65\x2E\x6F\x72\x67\x9B\xEE\x3C\x1A\x00\x00\x00\x00\x49\x45\x4E\x44\xAE\x42\x60"
"\x82"
}
};

static const binfile_t banner_ngp = {"banner_ngp.png", 534, {
"\x89\x50\x4E\x47\x0D\x0A\x1A\x0A\x00\x00\x00\x0D\x49\x48\x44\x52\x00\x00\x01\x10\x00\x00\x00\x18\x08"
"\x03\x00\x00\x00\x05\xF0\x52\xFE\x00\x00\x00\x20\x63\x48\x52\x4D\x00\x00\x7A\x26\x00\x00\x80\x84\x00"
"\x00\xFA\x00\x00\x00\x80\xE8\x00\x00\x75\x30\x00\x00\xEA\x60\x00\x00\x3A\x98\x00\x00\x17\x70\x9C\xBA"
"\x51\x3C\x00\x00\x00\x1E\x50\x4C\x54\x45\xFF\x00\xFF\x06\x1B\x3B\x06\x1C\x3C\x06\x1C\x3B\x06\x1B\x3C"
"\xF6\xA0\x0A\xF6\x9F\x09\xF7\xA7\x1D\xE3\x96\x0E\xFB\xF3\xE5\xAB\x3A\x36\x7A\x00\x00\x00\x01\x62\x4B"
"\x47\x44\x00\x88\x05\x1D\x48\x00\x00\x00\x09\x70\x48\x59\x73\x00\x00\x0E\xC3\x00\x00\x0E\xC3\x01\xC7"
"\x6F\xA8\x64\x00\x00\x00\x07\x74\x49\x4D\x45\x07\xEA\x08\x1C\x12\x15\x1B\xF3\xC6\x69\x44\x00\x00\x01"
"\x2D\x49\x44\x41\x54\x58\xC3\xED\x96\xDB\x72\x83\x30\x0C\x44\xD9\x48\x86\xE6\xFF\x7F\xB8\x58\x36\xF6"
"\x0A\xDA\x4C\x26\x09\x29\x34\xDA\x07\xD0\xC8\x6B\x8F\x75\xF0\x85\x61\x08\x85\x42\xA1\x50\xE8\x5C\x02"
"\xFA\x03\xF6\xB6\xE8\xE2\x3D\x2D\x5F\x23\x81\xB8\x76\xA9\x7E\xAD\xED\x39\x29\x16\xC2\xDC\xD4\x19\x7D"
"\x94\x43\xCA\x26\x07\x2D\x65\x95\x89\x5A\x00\x76\x2C\x0D\xF3\x5B\x1B\x19\x5D\x0C\xDA\x4A\x9C\x93\x2D"
"\xAA\x0E\xE4\x76\xA6\x09\x1B\xEF\xAF\xCB\xBE\x0F\x48\xC9\x58\xF5\xFC\xA9\x37\x91\xBD\xB5\xA5\x73\x54"
"\x86\xE1\xD5\xD6\xFA\x08\x7E\x19\xE6\x98\xB2\xAF\x5F\x81\xA0\x57\xD4\x67\xAD\x6E\xAD\x14\x87\x6E\x80"
"\xA8\xEF\xC9\xD5\xC3\x77\x3E\x3E\x90\xE1\x36\x10\xFA\xE2\xCE\x21\x04\xC4\xF7\x94\xB3\x03\x51\xB8\x2D"
"\xA3\x1E\x48\x39\x3F\xA9\xE0\x1F\x80\x5C\xD6\x79\x02\xA2\x78\xF5\x96\x49\x29\x8D\xBB\x02\x19\x3C\x90"
"\xD5\x9A\xB7\xE3\x44\x56\x40\x30\x67\xA5\x1B\xC8\x49\x0B\xCC\x0C\x58\xD0\xBD\x0C\xC8\x98\xA6\x69\x47"
"\x22\x0C\x84\xAE\x57\x25\x8B\x82\xAF\x8E\x1C\x88\xBB\x39\xFB\x69\x22\xCA\x3B\x44\x2B\x90\xED\xAD\xFE"
"\xC0\x34\xBB\xBE\xA6\xEB\x75\x4A\xBB\x01\x39\x85\x14\x01\x84\xE5\xFF\xE4\x6C\xCB\x7C\x32\x10\xF7\x97"
"\x98\x35\xEE\x7A\xA8\x1E\x5E\xEF\xFD\xCF\xC7\x09\xA4\xCF\x97\xF9\xAF\x80\xBC\x13\x47\x28\x14\xFA\x24"
"\x7D\x03\x99\x61\x04\x67\x95\xAB\xE2\x38\x00\x00\x00\x19\x74\x45\x58\x74\x53\x6F\x66\x74\x77\x61\x72"
"\x65\x00\x77\x77\x77\x2E\x69\x6E\x6B\x73\x63\x61\x70\x65\x2E\x6F\x72\x67\x9B\xEE\x3C\x1A\x00\x00\x00"
"\x00\x49\x45\x4E\x44\xAE\x42\x60\x82"
}
};

static const binfile_t banner_pce = {"banner_pce.png", 480, {
"\x89\x50\x4E\x47\x0D\x0A\x1A\x0A\x00\x00\x00\x0D\x49\x48\x44\x52\x00\x00\x01\x10\x00\x00\x00\x18\x08"
"\x03\x00\x00\x00\x05\xF0\x52\xFE\x00\x00\x00\x20\x63\x48\x52\x4D\x00\x00\x7A\x26\x00\x00\x80\x84\x00"
"\x00\xFA\x00\x00\x00\x80\xE8\x00\x00\x75\x30\x00\x00\xEA\x60\x00\x00\x3A\x98\x00\x00\x17\x70\x9C\xBA"
"\x51\x3C\x00\x00\x00\x1E\x50\x4C\x54\x45\xFF\x00\xFF\x06\x1B\x3B\x07\x1C\x3B\x06\x1B\x3C\xF6\xA0\x0A"
"\xF6\x9F\x09\x06\x1C\x3C\xF7\xA7\x1D\xE3\x96\x0E\xFB\xF3\xE5\x73\x1E\x02\x04\x00\x00\x00\x01\x62\x4B"
"\x47\x44\x00\x88\x05\x1D\x48\x00\x00\x00\x09\x70\x48\x59\x73\x00\x00\x0E\xC3\x00\x00\x0E\xC3\x01\xC7"
"\x6F\xA8\x64\x00\x00\x00\x07\x74\x49\x4D\x45\x07\xEA\x08\x1C\x12\x15\x1C\x6D\xA2\xFC\xE7\x00\x00\x00"
"\xF7\x49\x44\x41\x54\x58\xC3\xED\x96\xE1\x12\x82\x20\x0C\x80\xB7\x81\x91\xEF\xFF\xC2\x19\x82\xDB\x40"
"\xFB\xE3\x41\xA2\xFB\xAE\x23\x62\xE9\xB5\xAF\x31\x04\x30\x0C\xC3\x30\x2E\x0E\x7E\xC9\x1F\x48\xCC\x53"
"\x08\xD7\x19\x8F\xEB\x3A\x88\x85\xF8\xE6\x50\x5F\x32\x2C\x28\xD3\xD6\xE9\xA8\x88\xD0\x52\x79\x42\xA7"
"\x83\xFF\xCE\xE9\xA4\x10\x28\x2B\x40\x85\x36\x35\x3B\xDF\x62\x09\x47\xB7\x18\x10\x16\x12\xFF\x68\x1D"
"\xA2\x5A\x08\x2F\x4A\x21\x04\xB2\x94\x86\x66\xD1\x80\x72\x47\xA8\x10\x26\x49\x4B\x28\xE7\x9C\x06\xDD"
"\x5A\xD6\x17\xDC\x64\xCB\x70\x47\xA8\x2A\x44\xCC\x70\xD3\x46\xB5\x10\xD0\xCD\x66\x68\x54\xA3\xF8\x21"
"\x24\xE7\x4C\xEA\x4C\xC9\xA3\xC3\x8E\x3D\xC4\x7B\x3F\xF5\x10\x12\x53\x7E\x1D\x9C\x32\xAA\x08\x10\xCA"
"\x0A\xE1\x9A\x71\xCD\x8B\x64\xF2\x21\x34\x34\x22\x7F\x3E\xE9\x06\x50\x9C\xAF\xFC\xF4\xB1\xF3\x78\x82"
"\x8D\x7B\x08\x32\xEF\x30\xCF\xC1\x37\x13\x32\x04\x0E\x4D\x88\x44\x57\x5D\xDC\x32\x4F\x16\x42\xE5\x26"
"\x9C\x9A\x36\xD5\xCB\xD3\xF7\x24\xC7\x01\x70\xE7\xD3\xBC\x95\x90\x9E\x3A\x0C\xC3\x78\x12\x1F\xAA\xC5"
"\x03\x88\x49\x95\x1E\x34\x00\x00\x00\x19\x74\x45\x58\x74\x53\x6F\x66\x74\x77\x61\x72\x65\x00\x77\x77"
"\x77\x2E\x69\x6E\x6B\x73\x63\x61\x70\x65\x2E\x6F\x72\x67\x9B\xEE\x3C\x1A\x00\x00\x00\x00\x49\x45\x4E"
"\x44\xAE\x42\x60\x82"
}
};

static const binfile_t banner_recent = {"banner_recent.png", 386, {
"\x89\x50\x4E\x47\x0D\x0A\x1A\x0A\x00\x00\x00\x0D\x49\x48\x44\x52\x00\x00\x01\x10\x00\x00\x00\x18\x08"
"\x03\x00\x00\x00\x05\xF0\x52\xFE\x00\x00\x00\x20\x63\x48\x52\x4D\x00\x00\x7A\x26\x00\x00\x80\x84\x00"
"\x00\xFA\x00\x00\x00\x80\xE8\x00\x00\x75\x30\x00\x00\xEA\x60\x00\x00\x3A\x98\x00\x00\x17\x70\x9C\xBA"
"\x51\x3C\x00\x00\x00\x1E\x50\x4C\x54\x45\xFF\x00\xFF\x01\x14\x37\x01\x15\x38\xF8\x93\x04\xF7\x92\x04"
"\x18\x20\x34\xD7\x82\x0B\xFB\x95\x04\xE9\x8B\x07\xF7\x91\x03\x51\xC2\x38\xF9\x00\x00\x00\x01\x62\x4B"
"\x47\x44\x00\x88\x05\x1D\x48\x00\x00\x00\x07\x74\x49\x4D\x45\x07\xEA\x08\x1C\x12\x15\x1C\x6D\xA2\xFC"
"\xE7\x00\x00\x00\xD3\x49\x44\x41\x54\x58\xC3\xED\x94\xDB\x0E\xC3\x20\x0C\x43\x13\xB7\xBB\xF4\xFF\x7F"
"\x78\x80\xC3\xA5\xD3\xF6\xD6\x89\x09\xF9\x3C\x40\x09\x69\x55\x5B\x49\xCC\x84\x10\x42\x08\x21\xD6\xC5"
"\x91\xC8\x0F\x75\x4F\x01\x4F\x6B\x26\x47\x8D\x0B\xC0\xFB\xD8\x2C\x92\x17\xC4\x41\xE9\xC9\x06\x2A\x76"
"\xA7\xF0\x88\x22\x9B\x13\x06\x75\x43\x9C\x59\x2B\x12\x6A\x8D\x05\x61\x45\xB5\x59\x3B\x66\xF9\xF5\x26"
"\xAF\x80\xF5\xC3\x92\x78\x34\x47\xDB\x86\x30\x0D\xF1\xD1\x90\x96\x06\x5F\xB6\x42\x58\xFC\xDE\x26\x89"
"\x71\xF7\x76\x7B\x32\x04\xFD\xBD\xD9\xBF\xFE\x2B\x43\xE8\x85\x47\x25\xF4\x21\xC1\x0A\xE9\xDD\x13\x2D"
"\x53\x27\xCE\xC9\x90\x6D\xDF\x67\x0B\xB9\xD0\x90\x2A\x9B\xF3\x03\xA5\x19\x8A\x3F\x60\x41\x7C\x34\x04"
"\xBD\xB9\x70\xBB\x3F\x92\x25\xB3\x95\xFC\x07\x6C\xA1\xE7\x66\xCB\x94\x88\xBF\x51\x4A\xE0\x4B\x00\x71"
"\x18\x73\xF8\x95\xFD\x38\x66\x0B\x11\x42\x08\x21\xC4\xA5\xBC\x00\x50\x0F\x01\xF0\xD8\xB8\xF0\x41\x00"
"\x00\x00\x00\x49\x45\x4E\x44\xAE\x42\x60\x82"
}
};

static const binfile_t banner_sg1 = {"banner_sg1.png", 469, {
"\x89\x50\x4E\x47\x0D\x0A\x1A\x0A\x00\x00\x00\x0D\x49\x48\x44\x52\x00\x00\x01\x10\x00\x00\x00\x18\x08"
"\x03\x00\x00\x00\x05\xF0\x52\xFE\x00\x00\x00\x20\x63\x48\x52\x4D\x00\x00\x7A\x26\x00\x00\x80\x84\x00"
"\x00\xFA\x00\x00\x00\x80\xE8\x00\x00\x75\x30\x00\x00\xEA\x60\x00\x00\x3A\x98\x00\x00\x17\x70\x9C\xBA"
"\x51\x3C\x00\x00\x00\x1E\x50\x4C\x54\x45\xFF\x00\xFF\x06\x1B\x3B\x06\x1C\x3B\x06\x1B\x3C\x06\x1C\x3C"
"\xF6\xA0\x0A\xF6\x9F\x09\xF7\xA7\x1D\xE3\x96\x0E\xFB\xF3\xE5\x45\x0B\x59\xA9\x00\x00\x00\x01\x62\x4B"
"\x47\x44\x00\x88\x05\x1D\x48\x00\x00\x00\x09\x70\x48\x59\x73\x00\x00\x0E\xC3\x00\x00\x0E\xC3\x01\xC7"
"\x6F\xA8\x64\x00\x00\x00\x07\x74\x49\x4D\x45\x07\xEA\x08\x1C\x12\x15\x1C\x6D\xA2\xFC\xE7\x00\x00\x00"
"\xEC\x49\x44\x41\x54\x58\xC3\xED\x97\xC1\x12\xC2\x20\x0C\x44\xD9\x44\x8A\xFD\xFF\x1F\x56\x11\x48\x52"
"\xEB\x8C\x17\x68\xA5\x79\xA7\x2D\xD0\x71\x76\x4D\xC2\x34\x04\xC7\x71\x1C\xE7\xEC\xE0\x09\x15\xCD\x20"
"\x98\x4D\x06\xE4\x98\x1C\xE2\xB2\x46\xED\xCD\x79\x00\xB8\x7A\x7D\x45\xC3\x0C\xB3\x59\x63\x40\xDE\x6C"
"\x0A\x56\xCD\x84\x38\xE2\x3D\x73\x12\x48\xD5\x7B\x6A\x26\xCA\xFF\x1E\xBE\x78\x6B\xC5\xC3\x45\x53\x8B"
"\x21\x77\xDA\x7C\x81\x04\xD5\x01\x41\x8F\x0A\x13\x08\xA3\xEA\x5C\x47\x6C\xD5\x6C\x10\xD0\xFC\x96\xA9"
"\x0A\xDD\x2A\x12\x56\xD0\x75\x81\x39\x5B\x46\xFB\x6D\xAE\x37\x3B\xA5\x1A\xB2\xBE\xD9\x19\x42\x07\x04"
"\x12\x63\x5C\x7A\x66\x41\x2C\xB7\x06\xD9\x96\xC9\xCF\xD5\xBC\x56\xF4\x56\x2C\x13\x68\x1C\x4B\x4C\xA9"
"\x63\x22\xFA\xEE\xFC\xB8\x47\xD5\x82\x39\xC5\x61\xB3\xD6\x1D\x08\xF7\xB4\xAE\x29\x0E\xFA\xDD\x93\xC2"
"\xF0\x40\x34\xB6\x12\x73\xCB\x5C\x39\x10\xDA\x36\xE6\xD2\x75\xA8\x9E\x9E\xB1\x5F\x07\xF8\x03\x86\xDE"
"\x63\x47\x9B\xFD\x81\x91\x71\x38\x8E\x73\x25\x1E\x94\xDD\x03\x6B\x7F\x39\x39\x38\x00\x00\x00\x19\x74"
"\x45\x58\x74\x53\x6F\x66\x74\x77\x61\x72\x65\x00\x77\x77\x77\x2E\x69\x6E\x6B\x73\x63\x61\x70\x65\x2E"
"\x6F\x72\x67\x9B\xEE\x3C\x1A\x00\x00\x00\x00\x49\x45\x4E\x44\xAE\x42\x60\x82"
}
};

static const binfile_t banner_sms = {"banner_sms.png", 528, {
"\x89\x50\x4E\x47\x0D\x0A\x1A\x0A\x00\x00\x00\x0D\x49\x48\x44\x52\x00\x00\x01\x10\x00\x00\x00\x18\x08"
"\x03\x00\x00\x00\x05\xF0\x52\xFE\x00\x00\x00\x20\x63\x48\x52\x4D\x00\x00\x7A\x26\x00\x00\x80\x84\x00"
"\x00\xFA\x00\x00\x00\x80\xE8\x00\x00\x75\x30\x00\x00\xEA\x60\x00\x00\x3A\x98\x00\x00\x17\x70\x9C\xBA"
"\x51\x3C\x00\x00\x00\x1E\x50\x4C\x54\x45\xFF\x00\xFF\x06\x1B\x3B\x06\x1C\x3B\x06\x1B\x3C\x06\x1C\x3C"
"\xF6\xA0\x0A\xF6\x9F\x09\xF7\xA7\x1D\xE3\x96\x0E\xFB\xF3\xE5\x45\x0B\x59\xA9\x00\x00\x00\x01\x62\x4B"
"\x47\x44\x00\x88\x05\x1D\x48\x00\x00\x00\x09\x70\x48\x59\x73\x00\x00\x0E\xC3\x00\x00\x0E\xC3\x01\xC7"
"\x6F\xA8\x64\x00\x00\x00\x07\x74\x49\x4D\x45\x07\xEA\x08\x1C\x12\x15\x1C\x6D\xA2\xFC\xE7\x00\x00\x01"
"\x27\x49\x44\x41\x54\x58\xC3\xED\x96\xE9\x96\xC2\x20\x0C\x85\xB9\xA4\xB4\xE3\xFB\xBF\xB0\xB2\x65\x41"
"\xEB\x8F\x71\xAA\x74\xCC\xF5\x08\x39\x6C\x36\x1F\x49\x6C\x08\x2E\x97\xCB\xE5\x72\x9D\x4B\x00\xB8\x0D"
"\x21\xB6\x3E\x0F\xF4\x09\x6D\xF5\xA9\x68\x4F\x00\x95\xBE\x37\xCF\x77\x4B\x3B\xA5\x2C\x90\x5B\xBF\xF0"
"\xE8\xBE\x4B\x50\x0E\x65\x3A\x3C\x51\x81\x46\xD4\x6F\x65\x75\x87\x33\x98\xFD\xB3\xA9\x3C\x28\x91\x00"
"\x29\x06\x41\xAF\xD0\x5D\x35\x0C\x10\x7D\xD4\x78\xFF\xFD\xA0\x12\x43\xD5\x40\x6B\x26\x55\xBE\xEF\xFC"
"\x29\x4F\x18\x21\xEE\x73\x5A\x28\x56\x8F\x23\x84\x97\xAA\x38\xEB\x43\x84\x61\x55\x8E\x18\xCC\x0E\x04"
"\x50\xA9\xDD\x5C\x01\xA4\x9C\x8C\x40\x86\x88\x27\x01\x21\x10\xDB\x10\x03\x89\x3D\x19\xDB\xAF\x7C\xDA"
"\xEF\xE7\x40\x96\xA0\x6A\xA0\x38\xB5\x58\x20\xB2\x63\x2C\x8A\x03\x3B\x65\xDE\xA7\xCC\xEB\x40\x52\x4A"
"\xEB\xA1\x40\xB8\x43\xBE\x47\xFE\xB3\xD8\x8F\x10\x53\x63\x1E\x2E\x0D\xCB\x08\x84\x77\x33\x97\xDF\x6A"
"\x4D\xDB\x76\x20\x11\x0B\xA4\x98\x14\x4C\x5E\x68\x20\xB0\x4B\xAB\xCB\xFB\xE5\xE6\xEF\x80\x40\xF4\xB3"
"\x5D\x2E\x5B\x3A\x0C\xC8\x29\x44\x70\x20\x5A\xB6\x8A\x97\x94\xF9\x66\x20\x71\x7C\x8D\x5B\x0F\x2D\xAA"
"\xD3\xEB\xBD\x6F\xB5\x38\x81\xE8\x75\x37\xFF\x15\x90\x77\xE2\x70\xB9\x5C\xDF\xA4\x2B\x3F\x21\x04\x16"
"\x78\x6E\xB0\x7E\x00\x00\x00\x19\x74\x45\x58\x74\x53\x6F\x66\x74\x77\x61\x72\x65\x00\x77\x77\x77\x2E"
"\x69\x6E\x6B\x73\x63\x61\x70\x65\x2E\x6F\x72\x67\x9B\xEE\x3C\x1A\x00\x00\x00\x00\x49\x45\x4E\x44\xAE"
"\x42\x60\x82"
}
};

static const binfile_t banner_snes = {"banner_snes.png", 434, {
"\x89\x50\x4E\x47\x0D\x0A\x1A\x0A\x00\x00\x00\x0D\x49\x48\x44\x52\x00\x00\x01\x10\x00\x00\x00\x18\x08"
"\x03\x00\x00\x00\x05\xF0\x52\xFE\x00\x00\x00\x20\x63\x48\x52\x4D\x00\x00\x7A\x26\x00\x00\x80\x84\x00"
"\x00\xFA\x00\x00\x00\x80\xE8\x00\x00\x75\x30\x00\x00\xEA\x60\x00\x00\x3A\x98\x00\x00\x17\x70\x9C\xBA"
"\x51\x3C\x00\x00\x00\x1E\x50\x4C\x54\x45\xFF\x00\xFF\x06\x1B\x3B\x06\x1A\x3C\x07\x1C\x3B\xF6\xA0\x0A"
"\xF6\x9F\x09\xF7\xA7\x1D\x06\x1C\x3C\xE3\x96\x0E\xFB\xF3\xE5\x2E\x4E\x99\x0D\x00\x00\x00\x01\x62\x4B"
"\x47\x44\x00\x88\x05\x1D\x48\x00\x00\x00\x09\x70\x48\x59\x73\x00\x00\x0E\xC3\x00\x00\x0E\xC3\x01\xC7"
"\x6F\xA8\x64\x00\x00\x00\x07\x74\x49\x4D\x45\x07\xEA\x08\x1C\x12\x15\x1C\x6D\xA2\xFC\xE7\x00\x00\x00"
"\xC9\x49\x44\x41\x54\x58\xC3\xED\x96\x4B\x12\x83\x20\x0C\x40\x49\x02\xB4\xDE\xFF\xC2\x15\x15\x08\xC5"
"\x8E\x8B\x0E\x1F\x4D\xDE\x02\x33\x4C\x16\xE4\x0D\x89\x18\xA3\x28\x8A\x32\x1F\x80\x70\x9D\x42\xA3\x4F"
"\xD9\x0F\x08\xE0\x11\xD2\xB6\xA6\xED\x3D\x34\x2C\x7C\x3E\x7B\xA5\xC4\xE2\x24\x24\xA7\x04\x5F\x72\x84"
"\x14\x72\xE0\x54\x88\xA0\x86\x31\x94\x1A\xA6\x12\x12\xFB\x64\xFD\x90\x94\xFB\x11\x2B\x8F\x2D\xB3\x8E"
"\xCF\xB3\x19\x82\x82\x66\xC8\x51\x7C\x12\x12\x8A\xE7\x7B\x5F\x29\x42\xC8\x42\x0C\xEB\x93\x22\xE5\xFA"
"\xDF\xDC\x0D\x6B\xAD\x6B\xE9\x02\x09\x99\x10\x03\xF5\x0C\x21\xA0\x89\x6E\x88\xB3\xDE\x37\x34\xC2\xDF"
"\x18\x3F\x84\xBC\x26\x78\x86\x40\xE6\xED\x97\xC5\xDB\xB1\xC7\x19\x0D\x82\x0A\xE1\x94\x17\x74\x6B\x19"
"\xC9\x42\xAA\xF9\xE5\x9A\x0E\xD5\xE9\xE9\x3B\xBE\xE0\x06\xE0\xFF\x65\x3E\x4A\x48\x4F\x1D\x8A\xA2\x48"
"\xE2\x03\xEA\xC4\x03\x02\x6B\x13\xE1\x24\x00\x00\x00\x19\x74\x45\x58\x74\x53\x6F\x66\x74\x77\x61\x72"
"\x65\x00\x77\x77\x77\x2E\x69\x6E\x6B\x73\x63\x61\x70\x65\x2E\x6F\x72\x67\x9B\xEE\x3C\x1A\x00\x00\x00"
"\x00\x49\x45\x4E\x44\xAE\x42\x60\x82"
}
};

static const binfile_t logo_a26 = {"logo_a26.png", 302, {
"\x89\x50\x4E\x47\x0D\x0A\x1A\x0A\x00\x00\x00\x0D\x49\x48\x44\x52\x00\x00\x00\x2E\x00\x00\x00\x32\x08"
"\x03\x00\x00\x00\x14\x73\x19\xE5\x00\x00\x00\x20\x63\x48\x52\x4D\x00\x00\x7A\x26\x00\x00\x80\x84\x00"
"\x00\xFA\x00\x00\x00\x80\xE8\x00\x00\x75\x30\x00\x00\xEA\x60\x00\x00\x3A\x98\x00\x00\x17\x70\x9C\xBA"
"\x51\x3C\x00\x00\x00\x15\x50\x4C\x54\x45\xFF\x00\xFF\x05\x1A\x3B\x02\x18\x3B\xF6\xA0\x09\x00\x18\x3C"
"\xFA\xA2\x09\xFC\xA3\x08\x00\x3F\x64\xFF\x00\x00\x00\x01\x62\x4B\x47\x44\x00\x88\x05\x1D\x48\x00\x00"
"\x00\x07\x74\x49\x4D\x45\x07\xEA\x08\x1C\x12\x15\x16\x8D\x77\x15\xF9\x00\x00\x00\x88\x49\x44\x41\x54"
"\x48\xC7\xED\x94\x6D\x0B\x80\x20\x0C\x84\x5D\x56\xFF\xFF\x27\x37\x30\x85\xEC\xCC\xBB\x40\x88\xEA\x3E"
"\xCE\x67\xB7\x17\x61\x21\x7C\x55\xE6\x92\x60\x3E\x21\x81\x2C\x5F\x30\x16\xAF\xF3\x38\x9C\xB3\x1F\x8D"
"\x4B\xA3\x26\x5E\x5B\xBC\x40\x67\x9E\xA5\x95\xCE\x4F\x13\x8F\xB2\x97\xF0\xC1\xF6\xCF\x1A\x96\xEA\xC6"
"\x9A\x12\x71\xC3\x34\x88\x4D\xA1\x89\x83\x58\xAE\x4A\xE1\xEE\x1D\x63\xAB\x2E\x70\x98\x1D\x5F\x78\xDC"
"\x63\x2B\xEC\x06\x6F\x2B\x5D\x41\xF0\xBA\x07\xEA\xE5\x59\xB9\x9B\xDD\x2D\x5E\x14\xEF\xFD\xFA\xF1\xDD"
"\x08\xDD\xC7\x7F\xBD\x4B\x1B\x0A\x2C\x01\x40\x1A\xBC\x9A\xBF\x00\x00\x00\x00\x49\x45\x4E\x44\xAE\x42"
"\x60\x82"
}
};

static const binfile_t logo_col = {"logo_col.png", 368, {
"\x89\x50\x4E\x47\x0D\x0A\x1A\x0A\x00\x00\x00\x0D\x49\x48\x44\x52\x00\x00\x00\x2E\x00\x00\x00\x32\x08"
"\x03\x00\x00\x00\x14\x73\x19\xE5\x00\x00\x00\x20\x63\x48\x52\x4D\x00\x00\x7A\x26\x00\x00\x80\x84\x00"
"\x00\xFA\x00\x00\x00\x80\xE8\x00\x00\x75\x30\x00\x00\xEA\x60\x00\x00\x3A\x98\x00\x00\x17\x70\x9C\xBA"
"\x51\x3C\x00\x00\x00\x33\x50\x4C\x54\x45\xFF\x00\xFF\x06\x1B\x3B\x01\x18\x3C\x00\x17\x3C\x0B\x1D\x39"
"\x76\x59\x24\x95\x6A\x1D\x84\x60\x21\x17\x24\x37\xDD\x92\x0E\xFC\xA3\x08\xE7\x97\x0D\x2F\x31\x32\x6D"
"\x54\x25\x8C\x65\x1F\x7B\x5B\x23\x15\x23\x37\xA3\x5A\x91\x39\x00\x00\x00\x01\x62\x4B\x47\x44\x00\x88"
"\x05\x1D\x48\x00\x00\x00\x07\x74\x49\x4D\x45\x07\xEA\x08\x1C\x12\x15\x16\x8D\x77\x15\xF9\x00\x00\x00"
"\xAC\x49\x44\x41\x54\x48\xC7\xE5\x95\x59\x0E\x80\x20\x0C\x44\xAB\xB8\xEF\xF7\x3F\xAD\x51\x36\xD1\x02"
"\x83\xC6\xF8\x61\xA3\x28\xED\x63\x52\x5A\x12\x88\xFE\x6A\xD9\xC5\xD2\xE8\x10\xCF\x04\x43\x3C\x17\xF2"
"\xE3\x46\xE9\x98\x85\x5F\x5E\x47\xE4\xC7\x4C\x22\xB8\xD5\xC5\x70\x8D\x42\xF8\x36\xC8\xD4\xD5\x14\xC0"
"\xE5\x03\xE3\xB8\x7A\x62\xEE\x60\x65\x6C\x6B\xCE\x75\x67\x17\xB8\x9D\x74\xFF\xC3\x38\xE0\xBE\x89\x9F"
"\x0F\x7B\x0C\x37\x15\x24\xD5\xAB\x2F\x70\xD5\x11\x26\xF7\x50\x57\x19\xF5\x0F\x71\x63\xB9\x10\xA0\xFA"
"\x36\x14\x65\x55\x37\x78\x32\x4D\xDB\xF5\xC3\x2B\xF8\x9E\xCC\x38\xCD\x0B\xB0\x55\xFD\x0A\x42\xB7\xFA"
"\x6E\x9B\x32\x1C\x4F\x3B\x62\x90\x53\x87\x30\x9F\x5F\x29\x76\x39\x3D\xBC\xFA\xE8\xAF\xB6\x02\x46\x28"
"\x02\xB4\x99\x12\x32\x1E\x00\x00\x00\x00\x49\x45\x4E\x44\xAE\x42\x60\x82"
}
};

static const binfile_t logo_doom = {"logo_doom.png", 294, {
"\x89\x50\x4E\x47\x0D\x0A\x1A\x0A\x00\x00\x00\x0D\x49\x48\x44\x52\x00\x00\x00\x2E\x00\x00\x00\x32\x08"
"\x03\x00\x00\x00\x14\x73\x19\xE5\x00\x00\x00\x20\x63\x48\x52\x4D\x00\x00\x7A\x26\x00\x00\x80\x84\x00"
"\x00\xFA\x00\x00\x00\x80\xE8\x00\x00\x75\x30\x00\x00\xEA\x60\x00\x00\x3A\x98\x00\x00\x17\x70\x9C\xBA"
"\x51\x3C\x00\x00\x00\x09\x50\x4C\x54\x45\xFF\x00\xFF\x05\x1B\x3B\xF5\x9F\x0A\x9D\xCE\x29\xCB\x00\x00"
"\x00\x01\x62\x4B\x47\x44\x00\x88\x05\x1D\x48\x00\x00\x00\x07\x74\x49\x4D\x45\x07\xEA\x08\x1C\x12\x15"
"\x17\xFA\x70\x25\x6F\x00\x00\x00\x8C\x49\x44\x41\x54\x48\xC7\xED\xD4\x51\x0E\x80\x20\x0C\x03\xD0\xD6"
"\xFB\x1F\xDA\x18\x13\x05\xB6\x15\x66\x08\xF1\x83\x7E\xB2\xC7\x22\x41\x06\xEC\xFC\x24\x7C\x92\xC2\x23"
"\x1B\x4A\xD3\xF5\x2D\xE8\x6C\xB0\x45\xC5\xE9\x71\x26\xB4\xF2\x7E\x21\xE2\x8C\x38\x91\x6B\xB3\x9E\x33"
"\x77\xA6\x6B\x95\x4E\x42\x1E\xDD\xEA\x2C\x0E\xCB\xD1\xE1\xC7\x1B\xC1\xEF\x03\xB1\xF4\x4F\x0F\xF7\xCF"
"\x53\x9C\xC1\xC7\x14\xBC\x5A\x0C\x2E\xAF\xA9\x10\x73\x39\xED\x28\x10\x1C\xA3\x95\x35\xDC\x0E\xB1\x39"
"\xDD\xD3\xCF\xA3\xFE\x1C\xDD\xC7\x1F\x88\x62\x4C\xE6\x86\x1E\xFC\xB7\xAA\x92\xC2\x3B\x9F\x73\x02\x47"
"\xB5\x01\x79\xFA\xF3\xB2\xC5\x00\x00\x00\x00\x49\x45\x4E\x44\xAE\x42\x60\x82"
}
};

static const binfile_t logo_favorite = {"logo_favorite.png", 438, {
"\x89\x50\x4E\x47\x0D\x0A\x1A\x0A\x00\x00\x00\x0D\x49\x48\x44\x52\x00\x00\x00\x2E\x00\x00\x00\x32\x08"
"\x03\x00\x00\x00\x14\x73\x19\xE5\x00\x00\x00\x20\x63\x48\x52\x4D\x00\x00\x7A\x26\x00\x00\x80\x84\x00"
"\x00\xFA\x00\x00\x00\x80\xE8\x00\x00\x75\x30\x00\x00\xEA\x60\x00\x00\x3A\x98\x00\x00\x17\x70\x9C\xBA"
"\x51\x3C\x00\x00\x00\x30\x50\x4C\x54\x45\xFF\x00\xFF\x00\x15\x34\x00\x15\x33\x00\x12\x34\x9C\x5F\x14"
"\x7B\x4F\x1A\x59\x40\x22\xF5\x89\x01\xFB\x8C\x00\xFF\x8F\x00\x24\x26\x2C\xE4\x80\x05\x1C\x22\x2E\xCE"
"\x77\x0A\x52\x3C\x23\xEB\x85\x04\xFF\x14\xB5\xBB\x00\x00\x00\x01\x62\x4B\x47\x44\x00\x88\x05\x1D\x48"
"\x00\x00\x00\x07\x74\x49\x4D\x45\x07\xEA\x08\x1C\x12\x15\x17\xFA\x70\x25\x6F\x00\x00\x00\xF5\x49\x44"
"\x41\x54\x48\xC7\xED\xD4\xDB\x16\x03\x11\x0C\x05\xD0\x24\xBD\xEA\xF5\xFF\xFF\xB6\x1D\x0C\x21\x47\xE8"
"\x7B\xF3\x30\x6B\xB0\x4B\x64\x28\xD1\x3F\xA6\xC1\x31\x66\x5D\xCD\x48\x33\x6C\x7B\xB4\xEE\xDE\x2A\xB3"
"\x3F\xD0\xED\x34\xC8\xB6\x0B\xEA\xDC\xEC\x01\x43\xCD\x25\xE9\xE1\xF2\xDD\xE6\xEC\xE2\x3D\x52\x73\x33"
"\x83\xEC\xCA\xBA\xCD\xCB\xA6\x70\x99\xD5\x0C\x4E\x09\x74\x08\xE0\x34\xFE\x22\x6B\xBC\x56\x69\xC6\x65"
"\x3F\x01\x79\x7A\x9F\x97\x1A\xA5\x34\x60\x32\x62\xCA\x5B\xCF\x10\x48\x80\x51\xBD\x3A\x8E\xBC\xDD\x33"
"\x21\xBE\x7B\x4E\x7B\x25\x80\x90\xE7\xB8\x8F\x51\x06\xAD\x97\x58\xB6\x5A\x43\x74\xC2\xDB\x96\x90\xBA"
"\x46\x71\x02\xC7\xE7\xDC\x45\xB0\xB6\x1F\x2B\x7D\x9A\xD8\x3A\x58\xDD\x1D\xCC\xFD\x5A\x6D\x8F\xE3\xE9"
"\x4C\xE4\x7A\xCD\x2F\xD7\x10\xC8\xF7\x85\x33\xDF\xEE\x44\x33\xAF\x2E\xE1\xE3\x19\x08\xEB\xEA\xBF\x15"
"\x29\x35\x7C\xBD\xC3\x88\x93\x3E\x7D\xF9\x21\xE4\x44\xEB\x9D\xAB\x8B\x3D\xCD\x42\xF9\x05\xAD\xFC\x92"
"\x6E\xF3\x59\xF6\xCB\x7A\xAD\x26\x9D\xFF\x41\xA3\x3F\xBF\x7F\xB8\xF1\x01\x55\xF5\x02\x11\x1B\xBB\xBB"
"\x70\x00\x00\x00\x00\x49\x45\x4E\x44\xAE\x42\x60\x82"
}
};

static const binfile_t logo_gb = {"logo_gb.png", 308, {
"\x89\x50\x4E\x47\x0D\x0A\x1A\x0A\x00\x00\x00\x0D\x49\x48\x44\x52\x00\x00\x00\x2E\x00\x00\x00\x32\x08"
"\x03\x00\x00\x00\x14\x73\x19\xE5\x00\x00\x00\x20\x63\x48\x52\x4D\x00\x00\x7A\x26\x00\x00\x80\x84\x00"
"\x00\xFA\x00\x00\x00\x80\xE8\x00\x00\x75\x30\x00\x00\xEA\x60\x00\x00\x3A\x98\x00\x00\x17\x70\x9C\xBA"
"\x51\x3C\x00\x00\x00\x15\x50\x4C\x54\x45\xFF\x00\xFF\x06\x1B\x3B\x0F\x20\x39\xEC\x9A\x0B\x14\x22\x38"
"\xFA\xA2\x09\x13\x22\x38\xF6\x4C\x5F\xC3\x00\x00\x00\x01\x62\x4B\x47\x44\x00\x88\x05\x1D\x48\x00\x00"
"\x00\x07\x74\x49\x4D\x45\x07\xEA\x08\x1C\x12\x15\x18\x6A\xCF\x38\xFE\x00\x00\x00\x8E\x49\x44\x41\x54"
"\x48\xC7\xED\x95\xC1\x12\x80\x20\x08\x44\x41\xAB\xFF\xFF\x64\xCB\x1C\x67\xD2\x5D\x94\x53\x07\xE5\xC6"
"\xEE\x33\x8C\x61\x44\x64\xCD\x50\x18\x1E\x96\x9D\x50\xF5\xF0\xB4\x28\x36\x2D\x1A\xB8\x59\xA0\x17\x69"
"\xF1\xAC\xE2\x0A\xAF\xA3\x00\x27\x37\xD9\xF8\xC6\x29\xEE\x1B\x31\x6B\x80\x11\x4E\xE3\x2F\x5C\x91\x3A"
"\x85\xDF\x5A\x91\xE7\xF0\x9A\xCE\xE2\xA5\xC0\xA0\xEF\x55\x2C\x29\xF9\x7A\xFF\xC4\x69\x88\xD2\x3F\x7B"
"\xB8\x33\x4F\x7A\x9C\xD1\x81\x8B\x5E\xA1\x1F\x27\x8E\x1B\xBF\xDA\x36\x85\xDA\xDF\x6A\xB6\x0B\x85\x11"
"\xEE\x5A\x07\xCE\x65\xE3\x5D\x65\xFC\x84\xAC\x19\x09\x1E\xB0\x02\x07\xF0\xE2\xC8\x91\x00\x00\x00\x00"
"\x49\x45\x4E\x44\xAE\x42\x60\x82"
}
};

static const binfile_t logo_gba = {"logo_gba.png", 349, {
"\x89\x50\x4E\x47\x0D\x0A\x1A\x0A\x00\x00\x00\x0D\x49\x48\x44\x52\x00\x00\x00\x2E\x00\x00\x00\x32\x08"
"\x03\x00\x00\x00\x14\x73\x19\xE5\x00\x00\x00\x20\x63\x48\x52\x4D\x00\x00\x7A\x26\x00\x00\x80\x84\x00"
"\x00\xFA\x00\x00\x00\x80\xE8\x00\x00\x75\x30\x00\x00\xEA\x60\x00\x00\x3A\x98\x00\x00\x17\x70\x9C\xBA"
"\x51\x3C\x00\x00\x00\x18\x50\x4C\x54\x45\xFF\x00\xFF\x06\x1B\x3B\x01\x18\x3B\x16\x23\x37\x1C\x27\x36"
"\xFF\xA6\x07\x25\x2C\x34\x31\x32\x32\x8B\xD1\x8C\x35\x00\x00\x00\x01\x62\x4B\x47\x44\x00\x88\x05\x1D"
"\x48\x00\x00\x00\x07\x74\x49\x4D\x45\x07\xEA\x08\x1C\x12\x15\x18\x6A\xCF\x38\xFE\x00\x00\x00\xB4\x49"
"\x44\x41\x54\x48\xC7\xED\x94\xCB\x16\x83\x30\x08\x44\x87\xD8\xC7\xFF\xFF\x71\x8F\x26\x36\x42\x06\x24"
"\x5D\x75\x91\x59\xC4\xA3\x5C\x88\x83\x11\x60\x69\x69\x94\x7C\x35\xC3\x26\x32\x34\x72\x93\x40\xA2\x5E"
"\x82\xBB\x37\x0D\x84\xDB\x0E\xC1\xEB\x2D\xB5\xAA\x78\x9F\x96\x33\xA8\x91\x63\x45\x5F\xAF\xC9\x68\xBC"
"\xC5\x85\xE2\xED\x99\xEA\x6F\x80\xCB\x89\x4B\xA6\x7A\x35\x53\x5C\x7B\x16\xDF\xA3\x1B\x1E\xF6\xDD\xC5"
"\x3A\xEA\x3B\x16\x3C\x51\x72\x56\x8F\xF5\x85\x77\xB2\x33\xF5\x52\x64\x06\x67\x7D\x07\x7E\xC1\x9D\xDF"
"\xC3\xC1\x59\x57\x6B\x3B\x6D\x23\x41\xA5\xBE\x79\xCF\x46\x20\x5B\x3D\x82\x87\x03\xDC\x8E\x46\x54\xDD"
"\xDA\x8B\xAA\x8B\x75\x76\x37\x82\x84\x9D\xEB\xA0\x3E\x1B\x05\xE9\xC1\x81\xE1\x73\x66\x46\xDF\x04\xBA"
"\xF4\xC7\xFA\x00\x54\xA4\x01\xA4\x38\x34\x11\xFB\x00\x00\x00\x00\x49\x45\x4E\x44\xAE\x42\x60\x82"
}
};

static const binfile_t logo_gbc = {"logo_gbc.png", 347, {
"\x89\x50\x4E\x47\x0D\x0A\x1A\x0A\x00\x00\x00\x0D\x49\x48\x44\x52\x00\x00\x00\x2E\x00\x00\x00\x32\x08"
"\x03\x00\x00\x00\x14\x73\x19\xE5\x00\x00\x00\x20\x63\x48\x52\x4D\x00\x00\x7A\x26\x00\x00\x80\x84\x00"
"\x00\xFA\x00\x00\x00\x80\xE8\x00\x00\x75\x30\x00\x00\xEA\x60\x00\x00\x3A\x98\x00\x00\x17\x70\x9C\xBA"
"\x51\x3C\x00\x00\x00\x1B\x50\x4C\x54\x45\xFF\x00\xFF\x06\x1B\x3B\x0F\x20\x38\xF6\x9F\x09\xF6\xA0\x09"
"\x13\x22\x38\xEC\x9A\x0B\x14\x22\x38\xFA\xA2\x09\xC3\x2D\x51\x50\x00\x00\x00\x01\x62\x4B\x47\x44\x00"
"\x88\x05\x1D\x48\x00\x00\x00\x07\x74\x49\x4D\x45\x07\xEA\x08\x1C\x12\x15\x19\x1D\xC8\x08\x68\x00\x00"
"\x00\xAF\x49\x44\x41\x54\x48\xC7\xE5\x95\xDB\x0E\xC4\x20\x08\x44\x45\xE8\xE5\xFF\xBF\x78\x6B\x6B\x4C"
"\x5A\x67\x14\x92\x4D\x76\x93\xF2\xC6\x70\x14\x24\x06\x52\x7A\xA7\x09\xB4\x08\xCB\x4E\x88\x44\x78\x9A"
"\x14\x07\x47\x34\x88\x9E\x02\x2D\xE4\x89\x9F\xAA\x64\x74\x73\x96\xBE\x9A\x0B\x27\x95\x78\x71\x55\xFD"
"\x1F\x3C\x5A\x7B\x0C\xB7\x00\x6E\xA6\xE6\xAF\xDD\x0A\x6E\xE6\xC4\x0B\xAD\xD3\xCE\x68\x67\xDF\x6B\xE4"
"\x82\xE8\x85\xE1\xA3\x0F\x8C\x70\x6A\xBF\xC2\x05\xA9\x2E\xFC\xD0\xAA\xEC\xC3\x9B\xEB\xC5\x6B\x82\x49"
"\xDF\x9B\x58\x5D\x72\x7B\x3F\xE2\x24\xAF\xA9\x1F\x7B\xB8\x33\xC5\xDD\xF6\x35\x80\x1F\x1F\xE9\x9A\x4B"
"\x4E\x7C\xF0\xD4\x67\x53\x68\xF8\x9E\x6D\x1C\x85\xC2\x0C\x0F\xAD\x83\xE0\xB2\x89\xAE\x32\x7E\x22\xBD"
"\xD3\x3E\xEC\xAA\x02\xBF\xC7\x31\xE2\xE1\x00\x00\x00\x00\x49\x45\x4E\x44\xAE\x42\x60\x82"
}
};

static const binfile_t logo_gg = {"logo_gg.png", 324, {
"\x89\x50\x4E\x47\x0D\x0A\x1A\x0A\x00\x00\x00\x0D\x49\x48\x44\x52\x00\x00\x00\x2E\x00\x00\x00\x32\x08"
"\x03\x00\x00\x00\x14\x73\x19\xE5\x00\x00\x00\x20\x63\x48\x52\x4D\x00\x00\x7A\x26\x00\x00\x80\x84\x00"
"\x00\xFA\x00\x00\x00\x80\xE8\x00\x00\x75\x30\x00\x00\xEA\x60\x00\x00\x3A\x98\x00\x00\x17\x70\x9C\xBA"
"\x51\x3C\x00\x00\x00\x0F\x50\x4C\x54\x45\xFF\x00\xFF\x06\x1B\x3B\x0F\x20\x38\x03\x19\x3B\xFF\xA5\x07"
"\x1E\xCB\x4A\xAC\x00\x00\x00\x01\x62\x4B\x47\x44\x00\x88\x05\x1D\x48\x00\x00\x00\x07\x74\x49\x4D\x45"
"\x07\xEA\x08\x1C\x12\x15\x19\x1D\xC8\x08\x68\x00\x00\x00\xA4\x49\x44\x41\x54\x48\xC7\xED\x94\x49\x12"
"\x80\x20\x0C\x04\x13\xF1\xFF\x6F\xB6\x94\xC5\x40\x32\x10\xA1\xBC\x31\x07\x4B\xA1\xB3\x83\x44\x5B\x5B"
"\x73\xE2\x81\x3E\xC1\xB5\x81\x32\x37\x83\x8B\x0F\x4F\xB6\xC2\xD4\x55\x9C\xE5\xBC\x93\x71\xFD\x22\x9F"
"\x85\x79\xDD\x2A\x9C\x2D\x9C\x39\x6F\xF8\xF0\xBC\xE6\xF6\xAE\x71\x38\xBF\x52\xBB\xC4\xB9\x83\x3F\x11"
"\x0E\x96\x8D\x64\x9C\xCC\xAD\x40\x27\x85\x59\x9C\x46\x78\x4C\xA6\x19\x18\x18\x53\xA9\x4E\xCF\x17\xE1"
"\x35\xB3\x82\x83\xB6\x4E\x9F\xF7\x38\x68\x74\xEA\x53\x90\x35\xEF\x1D\xCE\xF4\x3E\xB8\x82\xEE\x64\x38"
"\x79\xB3\x4C\xD1\xDF\xA5\xB9\xCF\x36\xFC\x1A\xD4\x09\x80\xE3\x3E\x5A\x07\x8D\x31\x36\x70\xBD\x9E\xB1"
"\x6C\xFD\xAA\x0B\x37\xE3\x01\x9E\x30\x1A\x0E\x03\x00\x00\x00\x00\x49\x45\x4E\x44\xAE\x42\x60\x82"
}
};

static const binfile_t logo_gw = {"logo_gw.png", 348, {
"\x89\x50\x4E\x47\x0D\x0A\x1A\x0A\x00\x00\x00\x0D\x49\x48\x44\x52\x00\x00\x00\x2E\x00\x00\x00\x32\x08"
"\x03\x00\x00\x00\x14\x73\x19\xE5\x00\x00\x00\x20\x63\x48\x52\x4D\x00\x00\x7A\x26\x00\x00\x80\x84\x00"
"\x00\xFA\x00\x00\x00\x80\xE8\x00\x00\x75\x30\x00\x00\xEA\x60\x00\x00\x3A\x98\x00\x00\x17\x70\x9C\xBA"
"\x51\x3C\x00\x00\x00\x24\x50\x4C\x54\x45\xFF\x00\xFF\x05\x1B\x3B\x0C\x1E\x39\x14\x23\x37\xF6\xA0\x09"
"\x0B\x1D\x39\x03\x19\x3B\xFF\xA5\x07\x36\x35\x31\xFA\xA2\x09\x2C\x30\x33\x11\x21\x38\x19\x79\xDA\x8D"
"\x00\x00\x00\x01\x62\x4B\x47\x44\x00\x88\x05\x1D\x48\x00\x00\x00\x07\x74\x49\x4D\x45\x07\xEA\x08\x1C"
"\x12\x15\x19\x1D\xC8\x08\x68\x00\x00\x00\xA7\x49\x44\x41\x54\x48\xC7\xED\x93\xDB\x12\xC3\x20\x08\x44"
"\xD9\x18\x7B\xCB\xFF\xFF\x6F\xEB\x85\x46\x2A\x54\x99\xE9\x43\x1F\xDC\xC9\x38\x4C\x72\xC0\x25\x22\xD1"
"\xD2\xD2\x3F\x0A\x03\xB9\x60\x99\xF0\x99\xAD\xEF\xDE\xC4\x33\x6E\xF5\x4C\xC3\xC2\x19\x37\x6F\xB1\xC9"
"\x9A\x1B\xB8\x6E\x87\xA7\x05\x41\xE2\x01\x54\xF7\xF8\x82\xEF\x59\x8C\x97\xFA\x36\xFE\x22\xCB\xC3\x38"
"\x29\x38\x4E\x3C\x67\xD0\x6E\x9B\x79\xAB\xC7\x8D\x56\x45\xF5\xEC\xA6\xE2\x43\xEF\xB5\x5D\xC6\x11\x43"
"\x7B\x06\x4A\xAB\xBC\x66\xFC\x42\xD7\x1B\x66\x7F\x64\xC2\xEF\x0F\xE8\xA7\xDA\x1F\x53\xFA\x1E\x61\x0C"
"\xC1\x21\xF1\xC3\x6E\xB5\xC4\x51\x48\x1B\x31\xE7\x00\xFB\x71\xF7\xED\x73\xD0\x13\x09\x63\xB7\x4B\x4B"
"\xBF\xD0\x13\x6D\x27\x02\xDD\x58\xB9\x68\x9A\x00\x00\x00\x00\x49\x45\x4E\x44\xAE\x42\x60\x82"
}
};

static const binfile_t logo_lnx = {"logo_lnx.png", 295, {
"\x89\x50\x4E\x47\x0D\x0A\x1A\x0A\x00\x00\x00\x0D\x49\x48\x44\x52\x00\x00\x00\x2E\x00\x00\x00\x32\x08"
"\x03\x00\x00\x00\x14\x73\x19\xE5\x00\x00\x00\x20\x63\x48\x52\x4D\x00\x00\x7A\x26\x00\x00\x80\x84\x00"
"\x00\xFA\x00\x00\x00\x80\xE8\x00\x00\x75\x30\x00\x00\xEA\x60\x00\x00\x3A\x98\x00\x00\x17\x70\x9C\xBA"
"\x51\x3C\x00\x00\x00\x18\x50\x4C\x54\x45\xFF\x00\xFF\x06\x1A\x3B\x03\x19\x3B\x3E\x3A\x2F\x1B\x27\x36"
"\xFF\xA6\x07\x24\x2B\x34\x10\x21\x38\xB8\x39\x31\x50\x00\x00\x00\x01\x62\x4B\x47\x44\x00\x88\x05\x1D"
"\x48\x00\x00\x00\x07\x74\x49\x4D\x45\x07\xEA\x08\x1C\x12\x15\x19\x1D\xC8\x08\x68\x00\x00\x00\x7E\x49"
"\x44\x41\x54\x48\xC7\xED\x94\xC9\x0A\xC0\x20\x0C\x44\x67\xEC\xF6\xFF\x7F\x5C\x8A\x42\x5D\xE2\x12\x5A"
"\x3D\x65\x0E\x82\xFA\x4C\x06\x13\x05\x4C\xA6\x15\x62\x57\x1A\x36\x3E\x31\x4A\x07\x3E\x4E\xD4\x36\xFC"
"\x19\x97\x0C\x04\x1B\x29\x1E\xD6\xF2\x90\x7E\x89\xF3\x70\x82\x15\x9C\x02\x5E\x7A\x17\xAB\x87\x37\x1B"
"\xE9\x38\x6A\xE6\x19\x37\xEC\x1C\xC7\x1D\x0E\x38\x45\xF4\x13\x97\x22\x3A\x4A\xEF\xC9\xB6\x34\xFF\x03"
"\x97\x7B\x26\x2F\x13\xFD\xED\xA3\xA1\x45\xFD\x3E\xC4\xAB\x1F\x6B\xF5\x3A\x3A\x5F\x87\xC9\x34\x4D\x37"
"\xD2\x4D\x01\xA6\x32\x71\x30\xCC\x00\x00\x00\x00\x49\x45\x4E\x44\xAE\x42\x60\x82"
}
};

static const binfile_t logo_md = {"logo_md.png", 333, {
"\x89\x50\x4E\x47\x0D\x0A\x1A\x0A\x00\x00\x00\x0D\x49\x48\x44\x52\x00\x00\x00\x2E\x00\x00\x00\x32\x08"
"\x03\x00\x00\x00\x14\x73\x19\xE5\x00\x00\x00\x20\x63\x48\x52\x4D\x00\x00\x7A\x26\x00\x00\x80\x84\x00"
"\x00\xFA\x00\x00\x00\x80\xE8\x00\x00\x75\x30\x00\x00\xEA\x60\x00\x00\x3A\x98\x00\x00\x17\x70\x9C\xBA"
"\x51\x3C\x00\x00\x00\x1E\x50\x4C\x54\x45\xFF\x00\xFF\x06\x1B\x3B\x10\x20\x38\x1A\x26\x36\x03\x19\x3B"
"\x93\x69\x1E\xE4\x96\x0D\x3A\x38\x30\x66\x50\x27\x08\x1C\x3A\x77\x2D\x8F\x93\x00\x00\x00\x01\x62\x4B"
"\x47\x44\x00\x88\x05\x1D\x48\x00\x00\x00\x07\x74\x49\x4D\x45\x07\xEA\x08\x1C\x12\x15\x19\x1D\xC8\x08"
"\x68\x00\x00\x00\x9E\x49\x44\x41\x54\x48\xC7\xED\x93\xCB\x12\x80\x20\x08\x45\xB9\x65\xAF\xFF\xFF\xE1"
"\xA6\x6C\x04\x04\xAD\xA6\xC7\xCA\x3B\x2E\x08\x8E\x80\x68\x44\x4D\x4D\xFF\x08\x55\xDD\x82\xF3\x0D\xE7"
"\xB4\xE4\xA3\x8D\x62\x9F\xCC\x30\x9E\x32\x64\x09\xD1\xF5\x50\x78\x0C\x20\x2E\xAE\x7B\x98\x61\x18\xBB"
"\x04\x49\x1C\x20\x7B\x26\xC2\x34\x2F\x0A\xE7\x66\xCC\xC4\x36\x6F\x08\xBA\x19\xE2\xF2\xB6\x77\x1D\x93"
"\xA6\x28\x22\x36\xC8\xA0\x83\xE7\x23\x2C\xE3\xE4\xE1\xF4\x56\xF6\xCB\xBD\x17\x78\x49\x9B\x47\xA3\x52"
"\xD4\x22\xE9\x5A\x73\x7E\xF7\xC0\xC3\x63\x75\xA8\xCB\x3E\x1C\xF0\xB2\x0B\xA8\xF4\xC6\xBD\x0F\x57\xCF"
"\xF0\xB7\x7F\x56\x3B\xB1\xEB\x74\x53\xD3\x57\x5A\x01\x7A\x8A\x01\xFF\xBF\x5F\xC7\xD0\x00\x00\x00\x00"
"\x49\x45\x4E\x44\xAE\x42\x60\x82"
}
};

static const binfile_t logo_msx = {"logo_msx.png", 346, {
"\x89\x50\x4E\x47\x0D\x0A\x1A\x0A\x00\x00\x00\x0D\x49\x48\x44\x52\x00\x00\x00\x2E\x00\x00\x00\x32\x08"
"\x03\x00\x00\x00\x14\x73\x19\xE5\x00\x00\x00\x20\x63\x48\x52\x4D\x00\x00\x7A\x26\x00\x00\x80\x84\x00"
"\x00\xFA\x00\x00\x00\x80\xE8\x00\x00\x75\x30\x00\x00\xEA\x60\x00\x00\x3A\x98\x00\x00\x17\x70\x9C\xBA"
"\x51\x3C\x00\x00\x00\x39\x50\x4C\x54\x45\xFF\x00\xFF\x05\x1B\x3B\x51\x44\x2B\x98\x6C\x1D\x81\x5F\x21"
"\x0C\x1E\x39\xFB\xA2\x08\xE2\x95\x0E\x15\x23\x37\x92\x68\x1E\xDF\x93\x0E\x14\x22\x38\x03\x19\x3B\x2B"
"\x2F\x33\x62\x4E\x28\x65\x50\x27\x4A\x40\x2D\x08\x1C\x3A\x00\x17\x3C\x77\xF1\xFE\x23\x00\x00\x00\x01"
"\x62\x4B\x47\x44\x00\x88\x05\x1D\x48\x00\x00\x00\x07\x74\x49\x4D\x45\x07\xEA\x08\x1C\x12\x15\x19\x1D"
"\xC8\x08\x68\x00\x00\x00\x90\x49\x44\x41\x54\x48\xC7\xED\x92\x49\x0E\x80\x20\x0C\x45\x5B\x51\x9C\xC7"
"\xFB\x1F\xD6\x44\xC1\x48\xA5\x0C\x6A\x8C\x0B\x5E\xC2\x02\x78\x34\x1F\x28\x40\x22\xF1\x09\xE8\x21\xCE"
"\x26\x7E\xB4\x6E\x3D\x69\xDB\x37\xA7\xF6\x9A\xBC\x6E\x2C\xBF\xA2\xA3\x3F\x0C\x5A\x8B\xF3\xFF\xF2\x4C"
"\x77\x3F\x3A\xD5\x51\xDD\x4C\xEF\x1D\xCE\x3E\x58\x5D\x3F\x88\xB9\x70\xD6\x31\x44\x47\x12\x1D\x90\x06"
"\x51\x57\x02\x12\x7E\x9B\x72\xD9\x33\x21\xF2\x82\xD7\x69\x18\x21\x65\x59\x85\xEB\xB5\x94\x4D\x7B\xD5"
"\x19\xBA\x7E\x18\xA7\x99\xF4\x2C\x38\xFC\x65\xE9\x8C\xAE\x41\x7F\x0F\x10\x3D\x88\x7B\x7A\x22\xF1\x1F"
"\x56\x47\x4B\x02\xAD\x9E\xB4\xA5\x37\x00\x00\x00\x00\x49\x45\x4E\x44\xAE\x42\x60\x82"
}
};

static const binfile_t logo_nes = {"logo_nes.png", 283, {
"\x89\x50\x4E\x47\x0D\x0A\x1A\x0A\x00\x00\x00\x0D\x49\x48\x44\x52\x00\x00\x00\x2E\x00\x00\x00\x32\x08"
"\x03\x00\x00\x00\x14\x73\x19\xE5\x00\x00\x00\x20\x63\x48\x52\x4D\x00\x00\x7A\x26\x00\x00\x80\x84\x00"
"\x00\xFA\x00\x00\x00\x80\xE8\x00\x00\x75\x30\x00\x00\xEA\x60\x00\x00\x3A\x98\x00\x00\x17\x70\x9C\xBA"
"\x51\x3C\x00\x00\x00\x15\x50\x4C\x54\x45\xFF\x00\xFF\x05\x1A\x3A\x02\x19\x3B\x08\x1C\x3A\xFE\xA5\x08"
"\xFA\xA2\x09\xFC\xA3\x08\x07\x5A\xA6\x52\x00\x00\x00\x01\x62\x4B\x47\x44\x00\x88\x05\x1D\x48\x00\x00"
"\x00\x07\x74\x49\x4D\x45\x07\xEA\x08\x1C\x12\x15\x19\x1D\xC8\x08\x68\x00\x00\x00\x75\x49\x44\x41\x54"
"\x48\xC7\xED\x93\x4B\x0A\xC0\x20\x0C\x05\xF3\xD4\xF6\xFE\x47\x2E\x55\x2A\x4A\x8D\x7D\x59\x68\x37\x19"
"\x70\x21\x8C\xE6\x63\x14\x71\x9C\x1D\xE0\x13\x93\xDC\x1E\xE0\xEC\xEA\x77\x91\x26\xF9\xEE\xD6\xA1\x4A"
"\x23\xFD\x15\xA7\x29\x91\xD0\xF3\xDE\xA0\x8B\x4D\xD7\x6F\x1F\x3E\xB8\x9E\xBB\x36\x1F\xF7\x0A\xE0\x3A"
"\xF3\x54\x10\x41\xEB\x88\xE9\x90\x00\x5A\x87\x9C\x06\x5D\x4A\xE2\xB3\x21\x28\x15\xD6\x9E\x00\x7F\x4C"
"\x24\xA7\xAF\xF8\xAC\x5D\x24\x83\xEC\x38\xEB\xB8\x00\x41\xFD\x01\x98\xE1\x2D\x41\x54\x00\x00\x00\x00"
"\x49\x45\x4E\x44\xAE\x42\x60\x82"
}
};

static const binfile_t logo_ngp = {"logo_ngp.png", 328, {
"\x89\x50\x4E\x47\x0D\x0A\x1A\x0A\x00\x00\x00\x0D\x49\x48\x44\x52\x00\x00\x00\x2E\x00\x00\x00\x32\x08"
"\x03\x00\x00\x00\x14\x73\x19\xE5\x00\x00\x00\x20\x63\x48\x52\x4D\x00\x00\x7A\x26\x00\x00\x80\x84\x00"
"\x00\xFA\x00\x00\x00\x80\xE8\x00\x00\x75\x30\x00\x00\xEA\x60\x00\x00\x3A\x98\x00\x00\x17\x70\x9C\xBA"
"\x51\x3C\x00\x00\x00\x1B\x50\x4C\x54\x45\xFF\x00\xFF\x06\x1B\x3B\xF5\x9F\x0A\x08\x1C\x3A\x37\x36\x30"
"\xFA\xA2\x09\x03\x19\x3B\xFF\xA6\x07\x19\x25\x37\x60\xDD\xF4\x96\x00\x00\x00\x01\x62\x4B\x47\x44\x00"
"\x88\x05\x1D\x48\x00\x00\x00\x07\x74\x49\x4D\x45\x07\xEA\x08\x1C\x12\x15\x1A\x84\xC1\x59\xD2\x00\x00"
"\x00\x9C\x49\x44\x41\x54\x48\xC7\xED\x95\x01\x0E\x80\x20\x08\x45\x41\xCB\xBA\xFF\x89\x9B\x34\xA9\x26"
"\x90\x6C\xBA\xB5\xD9\x5F\xAD\xA2\xA7\x82\xA8\x00\xCC\x2A\xAC\xE4\x61\x8D\x16\x68\x48\xC6\xD5\x41\x1D"
"\xB4\xFC\x8B\x4C\x8A\x23\x2A\x2E\x74\xAD\xE3\xB2\x93\x83\xF0\x10\xC2\x77\xF0\xB1\xA1\xFE\x38\x9B\xBD"
"\x0B\x58\x51\x37\xFC\xBE\x91\xF9\xF5\xC5\x77\xB6\x70\x1F\xD6\x0C\x94\x07\x94\xDD\x68\xE0\x74\x37\xE2"
"\xF9\xE2\x51\x4E\xBF\xAC\x34\x3D\x70\xFA\xC0\x78\x85\x60\x3B\x43\xD6\x65\x85\xD4\x16\x6A\x56\x82\x4D"
"\xC7\xA1\x3A\x41\x11\xF7\x88\x8D\x69\xE2\x54\xF5\x5E\x33\x34\x1D\x68\xE2\xAE\x03\xDB\x59\x0E\xBC\xC5"
"\xC6\x59\xCA\x94\x16\x30\xAB\x0E\x3E\x33\x02\x12\xAF\x2A\x51\xDB\x00\x00\x00\x00\x49\x45\x4E\x44\xAE"
"\x42\x60\x82"
}
};

static const binfile_t logo_pce = {"logo_pce.png", 282, {
"\x89\x50\x4E\x47\x0D\x0A\x1A\x0A\x00\x00\x00\x0D\x49\x48\x44\x52\x00\x00\x00\x2E\x00\x00\x00\x32\x08"
"\x03\x00\x00\x00\x14\x73\x19\xE5\x00\x00\x00\x20\x63\x48\x52\x4D\x00\x00\x7A\x26\x00\x00\x80\x84\x00"
"\x00\xFA\x00\x00\x00\x80\xE8\x00\x00\x75\x30\x00\x00\xEA\x60\x00\x00\x3A\x98\x00\x00\x17\x70\x9C\xBA"
"\x51\x3C\x00\x00\x00\x18\x50\x4C\x54\x45\xFF\x00\xFF\x06\x1B\x3B\x03\x19\x3B\x7C\x5C\x22\x7A\x5B\x23"
"\xF2\x9D\x0A\xF4\x9F\x0A\x4F\x43\x2B\x11\x7F\x1B\x47\x00\x00\x00\x01\x62\x4B\x47\x44\x00\x88\x05\x1D"
"\x48\x00\x00\x00\x07\x74\x49\x4D\x45\x07\xEA\x08\x1C\x12\x15\x1A\x84\xC1\x59\xD2\x00\x00\x00\x71\x49"
"\x44\x41\x54\x48\xC7\xED\x94\xCD\x0A\xC0\x30\x08\x83\x6D\xF7\xF7\xFE\x6F\xBC\xCB\x4E\x4B\x22\xA4\x08"
"\x1B\xA5\xB9\xFA\x21\x31\xA8\x11\x4B\x33\xAB\x25\xF2\x68\xE4\x69\x0B\x5D\xCC\x68\x52\x1D\xC2\x95\x6D"
"\x8E\xF3\x08\x34\x4E\x8D\xA4\x38\x38\x29\xED\xFE\x27\x1C\x53\xFF\xCC\x8C\x5A\xDE\x92\x9D\x91\xAA\xC3"
"\xD9\xCD\x31\xBC\x01\xFD\x50\x3D\xC3\xDF\x21\xC6\xB6\x5B\xF8\x71\x46\x4F\xCC\xC0\x40\x57\xC5\xA8\x5E"
"\x90\xD6\x5B\x32\x9F\x9E\xFB\x52\x97\x26\xD2\x0D\x46\xBD\x01\xA1\x14\x00\xF2\x1C\x00\x00\x00\x00\x49"
"\x45\x4E\x44\xAE\x42\x60\x82"
}
};

static const binfile_t logo_recent = {"logo_recent.png", 367, {
"\x89\x50\x4E\x47\x0D\x0A\x1A\x0A\x00\x00\x00\x0D\x49\x48\x44\x52\x00\x00\x00\x2E\x00\x00\x00\x32\x08"
"\x03\x00\x00\x00\x14\x73\x19\xE5\x00\x00\x00\x20\x63\x48\x52\x4D\x00\x00\x7A\x26\x00\x00\x80\x84\x00"
"\x00\xFA\x00\x00\x00\x80\xE8\x00\x00\x75\x30\x00\x00\xEA\x60\x00\x00\x3A\x98\x00\x00\x17\x70\x9C\xBA"
"\x51\x3C\x00\x00\x00\x2A\x50\x4C\x54\x45\xFF\x00\xFF\x06\x1B\x3B\x30\x32\x32\xDC\x91\x0E\x42\x3C\x2E"
"\xC5\x85\x13\xF6\xA1\x0D\xF8\xA2\x0D\xCE\x8A\x11\x2A\x2F\x33\x03\x19\x3B\xF8\xCE\x83\xA3\x71\x1A\xF5"
"\x9F\x09\x3E\x30\x6B\xEA\x00\x00\x00\x01\x62\x4B\x47\x44\x00\x88\x05\x1D\x48\x00\x00\x00\x07\x74\x49"
"\x4D\x45\x07\xEA\x08\x1C\x12\x15\x1A\x84\xC1\x59\xD2\x00\x00\x00\xB4\x49\x44\x41\x54\x48\xC7\xED\x95"
"\xC9\x0E\xC3\x30\x08\x44\xA1\x8B\xBB\xA4\xF9\xFF\xDF\xAD\x12\xB5\xAA\xB1\x19\x60\x2E\x3D\x65\x4E\x20"
"\x1E\x96\x03\x86\x88\x1C\x22\xA4\xBB\x08\xF4\xAB\x1A\x3C\x98\x11\x1D\xF9\x08\xEE\x0C\x94\xD0\x07\x8C"
"\xA9\x19\x2D\xD6\xD6\x84\x96\xC1\x51\x07\x8F\x2A\xC0\xD0\x73\x34\x2F\xB0\x9F\x0E\xEB\x00\xB2\x0B\x65"
"\x13\x54\x43\x99\xFB\x16\x38\x5E\x9B\xBD\xAB\xCD\x37\x88\xFA\xA6\xA7\xF3\xF8\x5A\x50\xEA\xA6\xCB\xB5"
"\xDD\xEE\x8F\x27\xAA\xCD\x66\x9A\xC3\xDA\xB2\xB4\x97\xFD\x82\x0C\x97\x10\x37\x5A\x5B\x5B\x71\xA3\x0A"
"\x73\x0C\x9F\x37\xC2\xE5\x7F\xB8\x66\xB4\xC2\xE4\xEC\x70\x7A\x3C\xC8\xE1\x63\x47\x9B\x5D\x1C\xE4\x5A"
"\x62\x97\x1E\xBB\x52\x9D\x60\x65\xC1\xD7\x7F\x07\x3F\xAA\x06\xF7\x29\x25\xF4\xD0\x47\x6F\x7A\xFF\x01"
"\xD2\x8A\x4B\x4A\x8C\x00\x00\x00\x00\x49\x45\x4E\x44\xAE\x42\x60\x82"
}
};

static const binfile_t logo_sg1 = {"logo_sg1.png", 290, {
"\x89\x50\x4E\x47\x0D\x0A\x1A\x0A\x00\x00\x00\x0D\x49\x48\x44\x52\x00\x00\x00\x2E\x00\x00\x00\x32\x08"
"\x03\x00\x00\x00\x14\x73\x19\xE5\x00\x00\x00\x20\x63\x48\x52\x4D\x00\x00\x7A\x26\x00\x00\x80\x84\x00"
"\x00\xFA\x00\x00\x00\x80\xE8\x00\x00\x75\x30\x00\x00\xEA\x60\x00\x00\x3A\x98\x00\x00\x17\x70\x9C\xBA"
"\x51\x3C\x00\x00\x00\x1B\x50\x4C\x54\x45\xFF\x00\xFF\x06\x1B\x3B\x02\x19\x3B\x63\x4F\x27\xFF\xA7\x07"
"\xB3\x7B\x17\x0E\x1F\x39\x3E\x3A\x2F\x2E\x31\x32\x2F\x5B\x3E\xCE\x00\x00\x00\x01\x62\x4B\x47\x44\x00"
"\x88\x05\x1D\x48\x00\x00\x00\x07\x74\x49\x4D\x45\x07\xEA\x08\x1C\x12\x15\x1A\x84\xC1\x59\xD2\x00\x00"
"\x00\x76\x49\x44\x41\x54\x48\xC7\xED\x93\x4B\x0E\x80\x20\x0C\x44\x29\x7E\xF0\xFE\x27\x56\x8C\x11\x46"
"\xA7\xB1\x5D\xB8\xD1\x4E\x02\x29\xE4\x75\xDA\xF0\x49\x29\x14\xFA\x9D\xE4\x51\x3E\x1A\x78\x4C\xE6\xE5"
"\x71\x71\x5A\x5C\x1C\x8F\xA0\xC7\x6B\xCC\xE8\xB6\x01\xF6\x90\x0A\x2D\xB0\x6E\xB0\x2F\x05\x6F\xD4\x77"
"\x70\xE1\xB1\x82\x27\xE5\xE2\x35\x5C\x93\x09\xAF\x35\x72\x96\x3B\xCE\xDF\xE0\x3E\x0D\x62\x76\xDF\xC6"
"\x38\xCD\x1E\xF7\xB2\xD8\xDD\xBB\x97\x49\x8E\xCE\xF0\x9F\x9C\x78\x28\xF4\xA2\x56\x43\xBC\x01\x81\x11"
"\xE9\x85\x74\x00\x00\x00\x00\x49\x45\x4E\x44\xAE\x42\x60\x82"
}
};

static const binfile_t logo_sms = {"logo_sms.png", 284, {
"\x89\x50\x4E\x47\x0D\x0A\x1A\x0A\x00\x00\x00\x0D\x49\x48\x44\x52\x00\x00\x00\x2E\x00\x00\x00\x32\x08"
"\x03\x00\x00\x00\x14\x73\x19\xE5\x00\x00\x00\x20\x63\x48\x52\x4D\x00\x00\x7A\x26\x00\x00\x80\x84\x00"
"\x00\xFA\x00\x00\x00\x80\xE8\x00\x00\x75\x30\x00\x00\xEA\x60\x00\x00\x3A\x98\x00\x00\x17\x70\x9C\xBA"
"\x51\x3C\x00\x00\x00\x15\x50\x4C\x54\x45\xFF\x00\xFF\x06\x1B\x3B\x09\x1C\x3A\x21\x2A\x35\x02\x19\x3B"
"\xFF\xA6\x07\xF9\xA1\x09\x99\xE7\x97\x59\x00\x00\x00\x01\x62\x4B\x47\x44\x00\x88\x05\x1D\x48\x00\x00"
"\x00\x07\x74\x49\x4D\x45\x07\xEA\x08\x1C\x12\x15\x1A\x84\xC1\x59\xD2\x00\x00\x00\x76\x49\x44\x41\x54"
"\x48\xC7\xED\x93\xE1\x0A\xC0\x20\x08\x84\xB5\xB5\xBD\xFF\x23\xB7\xFA\x93\x94\x67\xC6\x18\x8C\xE1\x11"
"\x41\xF5\x75\x1C\x66\x44\xA1\xD0\x17\xC5\x0B\x3D\xC2\xE7\xFB\xD6\xF1\x82\x1E\x81\xBE\x40\x21\x24\xDE"
"\xB7\x61\x68\x69\x2F\x4C\xA6\x14\x6A\x00\x0F\xCE\x3F\xC3\x19\x17\x5E\xAB\x29\x94\x17\xAF\xA7\xF0\xC5"
"\x14\xFA\x1E\xE9\x48\x23\x0E\xBA\xB6\x4E\x99\x4E\xCA\x4E\xF7\x86\x5F\x33\x0E\xDC\x51\xB7\xA1\x22\xB6"
"\xA4\x66\xD7\xDA\x1F\x70\x8F\xDE\xC5\x43\xA1\xF7\x54\x00\x6E\xFF\x01\xCA\xCC\xE2\x3F\xBF\x00\x00\x00"
"\x00\x49\x45\x4E\x44\xAE\x42\x60\x82"
}
};

static const binfile_t logo_snes = {"logo_snes.png", 276, {
"\x89\x50\x4E\x47\x0D\x0A\x1A\x0A\x00\x00\x00\x0D\x49\x48\x44\x52\x00\x00\x00\x2E\x00\x00\x00\x32\x08"
"\x03\x00\x00\x00\x14\x73\x19\xE5\x00\x00\x00\x20\x63\x48\x52\x4D\x00\x00\x7A\x26\x00\x00\x80\x84\x00"
"\x00\xFA\x00\x00\x00\x80\xE8\x00\x00\x75\x30\x00\x00\xEA\x60\x00\x00\x3A\x98\x00\x00\x17\x70\x9C\xBA"
"\x51\x3C\x00\x00\x00\x12\x50\x4C\x54\x45\xFF\x00\xFF\x05\x1B\x3B\x03\x19\x3B\x37\x36\x30\xCA\x87\x12"
"\x24\x2C\x34\x7B\x58\xA1\xF3\x00\x00\x00\x01\x62\x4B\x47\x44\x00\x88\x05\x1D\x48\x00\x00\x00\x07\x74"
"\x49\x4D\x45\x07\xEA\x08\x1C\x12\x15\x1A\x84\xC1\x59\xD2\x00\x00\x00\x71\x49\x44\x41\x54\x48\xC7\xED"
"\x93\xC1\x0E\xC0\x20\x08\x43\xA9\xDB\xFE\xFF\x97\x77\xD0\x31\x23\x2A\xF4\xB8\x85\x9E\x4C\x78\x10\xA8"
"\x20\x92\x4A\xFD\x42\xD8\x88\x82\x6D\xC2\xAC\xC2\x3A\xEC\xD0\x23\xB0\xA6\x1F\xAE\x27\x76\xB4\xC0\x30"
"\xFA\x34\x69\xD0\x60\x0C\xD7\xA6\x5D\xBC\xA2\x68\xFD\xBF\x78\xAD\x60\x1C\x46\x4B\x2F\xC7\x79\x95\xCE"
"\x1B\x12\x27\x9B\x19\x71\xF4\x7E\x84\x47\xF5\x8D\x8C\x7D\x13\xB9\x04\xEC\x8A\x91\x0B\xCC\x9E\x87\x90"
"\xC7\x97\x4A\x7D\x52\x37\x66\x2F\x01\x2D\x05\xF5\x10\xE7\x00\x00\x00\x00\x49\x45\x4E\x44\xAE\x42\x60"
"\x82"
}
};

static const binfile_t splash = {"splash.png", 6481, {
"\x89\x50\x4E\x47\x0D\x0A\x1A\x0A\x00\x00\x00\x0D\x49\x48\x44\x52\x00\x00\x01\x40\x00\x00\x00\xF0\x08"
"\x03\x00\x00\x00\x46\xF3\x4D\x59\x00\x00\x00\xAE\x50\x4C\x54\x45\xFC\xF7\xF0\xFA\xF5\xED\xFE\xFC\xF6"
"\xF1\xEE\xE9\xD9\xD8\xD7\xC8\xC8\xC9\x51\x59\x63\x0F\x18\x26\x06\x11\x1D\x00\x08\x17\x00\x00\x09\x23"
"\x2B\x37\x7B\x80\x87\xE8\xE7\xE5\x9A\x9D\xA1\x49\x50\x58\x78\x7C\x82\x2B\x36\x43\x29\x31\x3A\xAC\xAF"
"\xB1\xCF\xCF\xCF\x94\x97\x9A\xDF\xDF\xDE\x9D\xA0\xA4\xBB\xBD\xC0\x3C\x45\x4F\x87\x8B\x90\xFC\xF7\xF1"
"\x6D\x71\x78\x08\x16\x25\x66\x6B\x73\x41\x4A\x54\xA5\xA6\xA9\x6C\x75\x80\x5B\x63\x6B\x34\x3C\x46\xB5"
"\xB6\xB7\x19\x24\x31\xBE\xC0\xC1\x14\x16\x19\xC2\xC0\xBC\xF4\xE7\xD3\xF8\xBE\x65\xF8\xA7\x30\xF8\xA0"
"\x18\xFA\xCF\x90\xFA\xDC\xAF\xF5\x91\x07\xF6\x95\x04\xF8\xB4\x4D\xF9\xC3\x71\xBB\x9A\x6F\x5C\x45\x1C"
"\x71\x65\x4E\x80\x7C\x79\xFB\xE1\xB9\xA8\xA1\x96\x3E\x2D\x04\xD9\x8F\xE8\xFC\x00\x00\x18\x5E\x49\x44"
"\x41\x54\x78\xDA\xED\x5D\x0D\x63\xA2\x3A\xB3\x26\x01\x24\xC1\x52\x15\xC5\x56\x57\xD4\xAA\xEC\xAE\xF5"
"\xDB\xF7\xDE\xDB\x7B\xFF\xFF\x1F\xBB\x33\x93\x80\x80\xD8\xDA\x6D\x4F\xF7\x54\xF2\x9C\xB3\x16\x31\x20"
"\x3C\x4E\x66\x26\x93\xC9\x60\x59\x06\x06\x06\x06\x06\x06\x06\x06\x06\x06\x06\x06\x06\x06\x06\x06\x06"
"\x06\x06\x06\x06\x06\x06\x06\x06\x06\xFF\x72\x30\x05\x4B\xFF\xBB\x0C\xAB\xF0\x27\xFF\x41\x8D\xC1\x18"
"\xFF\x04\x58\xB5\xE5\x10\xE8\xB3\x9D\x8F\xC3\xAA\x2B\x85\x8C\xBB\x0D\x4F\x08\xF9\x21\xF8\x52\x34\xEF"
"\x02\x5E\x47\x06\x19\xBF\x97\xB2\x75\x87\x68\x13\xEE\xD4\xFF\x15\xC8\xEF\x54\x4D\x73\x1F\xB5\x3B\x7E"
"\xE8\xD4\x90\x41\xC6\xBB\x7E\xD8\xFB\x0C\x1D\xC8\x23\xBF\x59\x43\x19\xE4\x2C\xF4\xFA\xBC\xD2\xE0\xDA"
"\xD5\x7B\xAB\x77\x03\xF8\x83\xDF\xAE\x1D\x81\x8C\x3F\xCA\x28\x77\xD7\xCC\xFA\x63\xD3\x0B\x0C\x0E\x9A"
"\x8C\xFF\xED\x3B\xFA\x72\x02\x87\xB2\x97\x23\x90\xDB\xFD\xE0\x6A\xF4\x01\x3F\x78\xE1\x5C\xB5\xD3\x82"
"\x8C\x8F\x64\x3F\xBB\x69\xC6\x9D\x50\x4A\x11\x57\x98\x64\x65\xA6\x05\xFE\xC1\x2D\x11\xC7\xD4\x2A\x1E"
"\x73\x7E\x3A\xD7\xBD\xEF\xD6\x93\xC0\xD3\xBB\xC8\x1F\x0D\xDF\x83\x49\xEC\xE4\xE8\x8F\xEA\x48\x60\x5B"
"\x16\x28\x10\xC1\xF4\x69\x34\x1E\x8D\xC7\xA3\x0C\xE3\xDC\x6B\xB6\x0F\x31\x1A\xB9\xF7\x25\x02\x7B\x35"
"\x24\x50\x14\x09\xEC\x75\x66\x77\x05\x17\x4F\x3B\x85\xED\x33\x2F\xB0\x3D\x9C\x8F\xEF\x0B\xF4\xDF\x4B"
"\x43\xA0\xEC\xCD\xAF\xF7\x0A\xA3\x71\x64\x08\x2C\x75\x61\xD9\x0B\x5D\xCE\xAE\x03\x1F\xCE\x90\xC0\xD3"
"\xB9\xEE\x65\x2D\x75\x60\xC1\x88\x80\x04\xBA\x57\xFA\x72\x15\x04\xD6\xD3\x88\xF4\xCF\xBA\xF0\x75\x24"
"\x20\x81\xF7\x86\xC0\xB3\x2E\x0C\x04\x5E\x7B\xEC\xD0\x18\x91\xEA\x2E\x7C\xB5\x04\x8E\x4B\x12\x58\x4F"
"\x02\xCB\x12\xF8\x5E\x02\x73\x12\x58\x4B\x3F\xF0\xC3\x12\x98\x27\xB0\x96\x3A\x30\xF8\x73\x09\x9C\x19"
"\x02\x3F\x46\xA0\x91\x40\x45\xE0\xE9\xDD\x07\x09\x34\x8E\xB4\xB1\xC2\xEF\x84\xB2\xC2\xA7\x77\xEF\x1C"
"\x89\x8C\x1F\x0A\xF4\xD7\x94\xC0\xFE\x99\x0E\xBC\xF6\x58\x43\xE0\x67\xEB\xC0\xBA\x1A\x91\x4F\x73\x63"
"\xEA\x69\x44\x3E\x30\x12\x99\x19\x23\x52\xA9\x03\x8D\x15\xBE\x1A\x18\x91\xFE\x28\x81\xB5\x8F\xC6\x38"
"\x1F\xB0\xC2\x86\xC0\x8F\x75\xE1\x59\x64\xA2\x31\x1F\x23\xB0\x1C\x91\xAE\x25\x81\x26\x1E\xF8\x01\x54"
"\x0F\xE5\x8C\x11\xB9\x1A\x9F\xE1\xC6\x18\x02\x0D\x81\x7F\x0E\xE3\x07\x7E\x10\x9F\x61\x44\x4E\xEF\x6B"
"\x3A\x16\x2E\x4A\xA0\x1B\xBE\xD7\x91\x3E\xBD\xAF\x69\x34\xA6\x40\xA0\xAF\x09\x2C\x2C\x3E\xD2\x6F\xD4"
"\x9F\x6C\x65\x12\x39\xD2\xBE\x21\x50\x96\x32\xFC\xDE\x91\x9D\x85\x23\x91\xBE\x09\x67\x15\xBB\xB0\x33"
"\x0F\x07\xF3\x37\x31\x80\x36\x9D\x41\x3C\xBA\x17\x86\xC0\x2C\xA0\xCA\x90\x02\xE1\x38\x5D\xC0\x42\x43"
"\x6F\x9E\xEF\xA1\x8D\x6E\x10\xC5\x7D\xAB\xEE\x23\x91\x42\x82\xE5\xD8\x4F\x3A\x61\xD8\x79\x03\xF3\x4E"
"\x47\xB7\xF1\xE4\xC2\xB8\x31\x59\x27\x04\xAB\xE0\x0F\x66\x8D\xAB\xD0\x6A\x35\x1A\xB3\x59\x63\xE6\x79"
"\xBD\xD3\xE1\xF5\x94\xC0\x8C\x40\x24\x60\xF2\xDE\x95\xAF\x6E\xDC\x74\x72\xC7\xD7\x52\x07\x6A\x47\x84"
"\xF1\xAE\xEC\x04\x17\xD2\x7B\x2F\xAF\xEF\x5A\xD0\x41\x9A\xC0\x3A\x1A\x91\x91\x9E\xD6\x04\x2A\x44\x7C"
"\xB1\x07\xE2\xA2\x2E\x5E\x7D\x82\xC8\x9F\xDB\x9C\x16\xB1\xD7\x5A\x07\x32\xFE\x33\xF6\xA7\x17\xF9\x5B"
"\x44\x97\x16\x71\xFD\x00\xC3\x03\x1D\x9F\xD5\xD7\x88\xA0\x15\x86\xAE\xE8\x26\xFE\xF0\xC2\xDD\xE3\x22"
"\xB8\x38\xB9\xC4\x0D\x67\x13\xBF\xA1\x9D\xA0\x5A\x12\x18\xA3\xDE\xE3\xBD\xA6\x9C\x5D\xEE\xBF\xC9\x98"
"\x7B\xA3\x4B\xF4\x5A\xFD\xA6\xDF\x02\xFE\xEC\x9A\xAE\x54\x42\x1D\xC8\x9D\xA6\x1C\xD8\xDA\x25\x3E\xAF"
"\xC1\xC1\x07\xCD\xE1\x99\x7C\xA6\x03\x64\xAC\x19\x10\xFB\x33\xCE\x6B\xBB\x56\x0E\xFC\xE1\x41\x22\x13"
"\xAD\xE4\xD4\x8A\xE1\x42\xFD\x08\x90\xCF\xB9\x98\xD9\xA5\x03\xA9\x19\xF2\x48\x7D\x57\xA0\x77\xDD\x14"
"\x35\x25\x70\x3E\x8F\xC5\x22\xF5\x45\xB8\x1B\x45\x2E\x2F\x9A\x5C\xCE\xED\xE2\x1E\xC6\xED\x45\x74\xEF"
"\xE0\x4E\x62\x70\x24\x93\xC9\x7C\xD0\x8C\x6B\x48\xE0\x08\xFC\x40\x3E\x4A\x0D\x30\x08\xDB\x40\xFA\xBE"
"\x6C\x15\x8D\x2E\xB3\x8A\x25\x4D\xC0\xE7\xE9\xF8\xD0\x6C\xA6\x5C\x40\xD0\xA1\x13\x18\xD3\xD5\xD3\x91"
"\x1E\xF9\x01\xE8\xAE\x61\xC6\xDF\x2F\xD9\x76\xDD\xB6\xF0\x5E\x33\x07\x8C\x4F\xFD\x24\x72\x1F\x67\x7E"
"\x18\x28\x66\xB9\x3D\x17\xBD\x9A\x12\x28\xC7\x23\x11\x47\x36\x59\x04\xCE\x27\xFE\x02\x95\xDB\xC2\x9F"
"\x70\x7E\xF9\xA0\xC0\x4B\x02\x55\xA8\x43\xD9\x66\xC6\x9D\x86\x1F\x0E\x27\x75\x1C\x89\xB4\x45\xE2\x77"
"\x5A\x7A\xDD\x34\xEF\xC9\x11\x0D\xE6\xC0\x3B\xBE\x2C\x82\x58\x9F\xA3\xAB\x9A\x0D\x12\x18\x85\x60\x17"
"\xBE\x8B\x67\xC2\x4F\xE2\x1A\xBA\x31\xA3\xF8\xBE\x13\x04\x49\x9F\xA3\x5F\xC2\xA7\x2A\x3C\x05\x3A\xEE"
"\xF2\xB0\x04\xA3\x5E\x31\x8D\xFF\xC0\xC3\x56\x6E\x38\x6C\x4C\xF8\x70\x3E\xAC\xA3\x23\x0D\x46\x04\x34"
"\x9F\xE7\x28\xDE\xA6\x28\x5A\x44\xA0\xEC\xBE\x41\x20\x3B\x11\x68\x11\x81\x8C\xD5\xD2\x0F\xA4\x60\x42"
"\x2F\xE5\xC1\xF5\xC7\x4A\xA2\x46\x28\x4C\x55\x55\xED\x30\x34\x03\xBA\x6F\xAA\x9A\xCD\x13\x9B\x6A\xE1"
"\xF1\xD1\x9C\x63\xCF\xAE\x25\x81\xC0\x5D\x10\xD9\xBA\x90\x0E\xB9\x23\x9C\x3F\xCA\x49\x65\x51\x3B\x5D"
"\x98\xA7\x1F\x37\x33\x23\xA2\xF0\x1B\x18\xAD\x67\x38\x4B\xCD\xCA\x81\xA7\x1C\xB5\x06\xB3\x2E\x77\x12"
"\x31\x5A\x2C\x9E\x04\x0C\x4C\xA2\xD6\xBC\x31\xB5\xCA\xFE\x33\xEC\x85\x66\x53\x99\x0C\x17\xDD\x86\x3F"
"\xB0\xED\x21\x1D\xC7\x71\x40\x5D\xD3\xB1\xB0\x43\xC1\x84\x8E\x1F\x37\x85\xDF\xB2\x9D\x09\x7A\xC8\xAD"
"\xC0\xE9\xF8\x1E\xEC\x18\xE4\xEB\x89\x41\xB3\x10\x9A\xC5\xB2\x61\x2F\x42\x68\x16\xCF\xEC\x5E\x13\x9A"
"\x49\x7F\x66\xF3\xDA\x96\x3D\xA1\x78\x60\x3F\x11\x0F\x36\x0B\x9E\xC0\xFD\xB3\xDC\xE9\x14\x78\xE8\xC8"
"\xC8\xB6\xEC\xA1\x3F\xC8\x31\xC2\xFB\x5E\x3C\xC5\x66\xB2\xC5\xD9\xEF\x69\xD7\xE1\x41\xA2\x76\xF8\x33"
"\xFC\x15\x6A\x3A\x27\x02\x32\x46\x63\x39\x0E\x1D\x79\x0C\x7F\x49\xCD\x0D\xFD\x07\x8E\x8E\xF5\x5D\xCE"
"\x9D\xC1\x66\x0B\x94\x34\x6A\x86\x0A\x12\x76\x74\xA9\xD9\x0C\x3E\xA8\x6B\x3C\x90\x16\x6B\x85\x21\xDA"
"\x07\x18\x50\xC8\x19\xB7\xB1\xA6\xEA\xA0\x49\x66\xD9\x0A\xE2\xC6\x89\x13\xDE\x19\x28\x63\xED\x48\x32"
"\xD6\x16\x6F\x86\xCA\x9D\xE9\x81\x35\xB1\xEB\x4B\x20\xB7\x13\x45\x13\xB7\x9B\x13\x35\xBF\xD1\x6C\xE9"
"\x31\xDA\x7C\x9E\x1A\x62\xB0\x20\xDE\x98\xAB\xEC\x18\xFC\x18\x78\xD6\xC7\x31\x8B\x36\xEA\x4A\xA0\x03"
"\x9D\xB1\x39\xA0\xC8\x94\x15\x78\x0D\x35\x2F\x17\xCE\x15\x55\x76\xD2\x3A\x71\x62\x7B\x2D\xC5\x57\x10"
"\xCF\x88\x40\xAB\xA9\x45\x32\x88\x47\xF5\x0D\xA8\x82\x15\xE6\x33\xE5\x37\x03\x05\x11\xEA\x40\x1C\x0B"
"\x53\x01\x23\x18\x9A\x0C\x73\x3A\xB0\x21\x1D\xDD\xEC\x1E\x75\x20\xEE\x50\xC7\x0D\x51\x55\xD6\xD8\x0A"
"\x73\x57\x76\x50\x10\x17\xA2\x69\x63\x4D\x64\x9B\xF7\xD4\x8E\x47\x0C\xBB\x9C\x1A\xBB\x72\x4E\xCD\xE2"
"\xD0\xE6\x81\xE3\x64\xC7\x4D\xFD\x90\xDD\x9C\x15\xBE\xAA\xBE\x78\xE6\x07\x3E\x48\xD1\x18\xCF\xFD\xA4"
"\xC7\xDB\x89\xF4\x93\x3B\xDE\x15\xB2\x35\x1E\xF8\x9E\x5B\xF0\x03\xB1\xE2\xEF\x78\x20\x13\x27\x98\x09"
"\x5F\x86\x11\x06\xF3\x1B\xA3\x01\x1E\x77\x6B\x04\x66\x93\x16\xD7\x10\x08\x7F\x7F\xB7\x92\x38\x19\x07"
"\xF6\xC0\xEF\x8C\xC6\xA1\xDF\xB2\xB0\xBA\x74\x32\x2E\x4D\x07\xF3\xC5\xE4\x97\x68\x8E\x02\x9C\x84\x1A"
"\xCD\x12\xB0\xBD\x8B\x96\x17\xC3\x0E\x7E\x6B\xD3\x9A\xE0\x59\x8C\x1A\xC3\x37\xCB\x12\x67\x04\x02\xDF"
"\xCC\x26\x87\x6E\x88\xC4\xDF\xF9\x63\xBD\xA3\x34\x16\x06\x8B\x1D\x30\xCE\x42\x81\x43\x66\xBB\x01\x2A"
"\xF3\x87\x1D\xA8\x66\x37\x45\x20\x66\xFA\x49\x29\x93\xDE\xD9\x53\x03\xAA\x09\x54\x05\xF5\x2D\xAB\xE7"
"\x37\x68\x54\xCB\x27\x02\x67\x3B\xAD\x33\x25\x40\x4C\x83\xCE\x8B\x94\x1B\xE3\x85\x54\x88\x3F\xCB\x8D"
"\xB9\x15\x02\xC1\xD5\x8D\x63\x2F\xF6\xE4\xE0\x2C\x9D\xAA\x2C\x51\xA7\x14\x5F\x55\x0A\xBA\x9B\x06\x06"
"\x1F\xF9\x25\x15\x0A\x23\x12\xA1\xC5\x76\x24\x82\xAC\xD9\x6D\x11\x18\x49\x2F\x46\x0C\xA7\xF7\xD1\xFD"
"\x03\x62\x3A\x9D\xC2\x8B\xC3\x4B\x0D\xF3\xF9\x81\x94\xA5\x9F\x06\x54\x17\xAF\x04\x54\x67\x1E\x4D\x26"
"\x65\x01\xD5\x8C\xC0\x5B\xF1\x03\x29\x9B\x85\x20\x7D\x0C\xAE\xC8\xEC\x45\x14\x13\x0C\xCA\x75\x63\xA8"
"\x2C\x37\x8A\xE2\x9D\x7C\x6D\x4E\x64\x48\x1E\x33\x34\x6B\x79\xF6\x4D\xAE\x58\x47\x09\x42\x09\x14\xDE"
"\xC2\xCD\xE1\xB7\xEB\x36\xFC\x82\x64\xE5\x17\x1B\xE2\xD8\xD6\x4E\xD0\xEF\xC3\x88\x69\x78\xD9\x07\xC2"
"\xC0\x75\x8B\x62\x09\x0B\x3F\x37\x52\xBE\x29\x37\x06\xC7\x08\x40\xA0\x32\xA9\x79\x04\x62\x9E\x77\x6E"
"\x72\x5D\x58\xC5\x44\xC1\x25\x7E\x0C\x82\x45\xF3\x95\x1E\x8C\x47\x3D\xF9\x8D\x9E\x1D\xDC\x0B\xCF\xB9"
"\x51\x02\x41\x96\xC6\x49\xDC\x8C\xCE\x12\x4E\xD5\xA0\xAB\x4C\x20\x3A\x71\xF6\x6C\xC1\x6D\x30\x23\x9E"
"\x1F\x0B\xDF\xEB\xBE\xCA\x04\xE7\x4F\xD2\xFF\x25\xFC\x4E\xAF\xE8\x66\xDF\x10\x81\x70\x93\x81\x63\x9F"
"\x39\xD2\xCC\xB2\x9B\xCD\x5C\x9A\x10\xCE\x0B\x53\x5A\xAF\x65\x05\x4D\x34\x01\x9C\xF7\xA2\xC6\x2C\x7A"
"\xD3\x81\xE4\x6E\xBB\x31\xEE\xB2\xA2\x3A\xB8\x1D\x1D\xA8\xEE\xA7\xEA\x19\x3D\x28\x26\xC3\x7C\xB7\x53"
"\xCB\x1C\x78\xD0\xE7\x7D\xCC\x0D\xE2\x11\x0C\xDE\xCE\xBC\x9D\xCA\xB3\x9F\x27\x71\xDD\x16\x81\x97\x60"
"\x87\x22\x1F\x1F\xD0\x63\xE1\x86\xD7\xE7\x41\x53\xFC\xE4\xAE\xF7\xAA\xFA\xCB\x70\xEE\x95\xDF\x5A\x17"
"\xBE\x74\xE3\x60\x3A\xD3\x64\x53\x96\x11\x68\x75\xFD\x30\xC0\x29\xB9\x05\xBC\xC4\x3F\x8B\xAE\xCE\xD9"
"\x68\xE4\xD2\x99\xEB\x91\x5C\x04\xCE\x9B\x38\x0D\x3E\x54\x44\x9A\x72\xF4\x3B\xC4\xA0\xCB\x7B\x09\xA6"
"\xF9\x65\x41\x40\x65\x9E\x4F\x87\x5B\x97\x3A\x78\x5D\xBA\x30\x06\xF1\x30\x32\xAF\xC7\xAF\x68\x44\x78"
"\x6B\xC4\xC1\x73\x0C\xFB\x40\x1E\xA8\xC0\x9E\x77\xCA\x34\x05\x5D\xE7\xB8\x7D\x9E\x0B\xAA\xC2\xFB\x00"
"\xC7\xC3\xB5\x25\x10\x53\x5B\xB2\x21\x97\x22\xD0\x9A\xF9\x6D\xCE\xA9\x17\x97\x18\x04\xC7\xB0\x23\xFC"
"\xB8\x91\x8A\x2C\x18\x99\x8E\xF4\xE3\x99\xC3\xAB\xCE\x7B\x05\x81\xEC\x16\x1E\x3F\xC7\x1D\x39\x39\x11"
"\x88\x79\x42\x7C\xEC\xDF\x61\x5C\x79\x0E\x0C\x7A\xBF\x90\xC1\x58\x8F\x89\xEF\xFC\x64\x34\x6C\x48\x1D"
"\x57\x45\x0F\x1A\xDE\xB7\xFC\xAA\x45\x0F\x57\x19\x11\x6E\x07\x6F\x9B\xF8\x7F\x17\xAA\x5C\x99\x91\x0A"
"\xBA\xF0\xB4\xE8\x04\x32\x08\x32\x38\x95\xC0\xA0\xFB\x8B\x64\xD0\xA3\x18\xF3\x42\x4E\x30\x09\xE6\x31"
"\x6E\xA2\x4F\x89\xD1\x9A\x06\x66\xD1\x2C\xE4\xBC\xE2\x8B\xDE\x24\x10\xC4\x6F\xD8\x49\xE6\xD3\x6F\xC4"
"\x20\x63\x15\x41\x3D\x9C\x7C\xEB\x70\x35\x48\x49\xDD\x18\x3E\x3B\x31\x88\x8B\x6A\x7A\x09\x76\x47\xDE"
"\x8A\xFB\x7A\x16\xE9\x01\x2D\x09\x0F\x3D\x5B\x4F\x22\x9D\xFB\x3A\x15\x04\x9E\xAD\x97\x18\xF9\x18\xDF"
"\x78\xF8\x36\x0C\x32\x15\x1D\x2D\xA7\x58\x65\xD3\x6A\x00\x35\x16\x86\x5D\x14\x8B\xA6\x5E\xEC\x7A\xC0"
"\xA0\xDB\x72\xC0\x67\x4C\x0A\xF3\x98\xBC\x8F\xE6\x07\x4F\xE7\xF8\xA3\x2A\x02\x4B\x3A\xB0\xB4\xF4\x93"
"\xA2\x94\x18\xE2\x08\xBF\x0F\x7F\xCB\xE7\xD5\x7A\xB5\xB1\xCA\x46\x93\x5B\x9D\x78\x38\x9D\x3E\x4C\xA7"
"\xDD\x86\x8A\xC6\xA4\x0C\x46\xFE\xC4\x56\x0C\xF2\x94\x37\x4E\x13\xE7\x38\x93\x0E\xCA\xB3\xAD\xDE\xF7"
"\xC5\x15\x04\x42\xFB\x59\x33\x8F\x24\x51\x31\x36\xCF\xF9\x1E\x8F\x9F\x63\x7C\xBB\xDB\xED\xD7\xFB\xFD"
"\x6A\x59\xFA\xE4\x07\x66\x63\x11\xA4\xF0\x34\x81\x16\x6F\x20\x83\xF7\xC4\xA0\x0C\x69\x0F\xA5\x6E\xA0"
"\xBB\x4D\xB9\xD3\x60\x01\x3C\x4A\x5C\xB0\xC1\x19\x8F\xAE\x90\x40\x3B\xF4\x27\xAD\x3C\x26\x8A\xC0\x24"
"\xF8\xDB\xD4\x5C\xC9\xDF\x72\xBD\x7F\x5E\xB2\xED\x7A\x77\x38\x8F\xCA\xD8\xBF\x17\x8B\xC5\xCF\xC7\x5E"
"\x9A\xAD\x8B\x2E\x0A\xCE\x11\x29\x19\x5C\x4C\x55\x0E\xF4\x08\x73\x8C\xA0\xF7\xB5\xF4\x04\xFA\x58\x52"
"\x32\x91\x35\x90\xE7\x42\x54\x26\x10\x4D\xF6\xB4\x14\x4D\x1B\x48\x90\x3F\x39\xFA\x1E\x3A\x90\xF1\xE3"
"\xFE\x19\xC3\x9E\xC0\xE3\xF2\xE2\x92\xF3\xBB\xDC\x8A\xF5\x1C\x83\x34\xF8\x80\x3E\x1C\xFA\x77\x8E\xDD"
"\x6B\x29\x95\x07\x4A\x30\x91\x43\x27\x70\x07\x55\x2B\x3B\x4B\x43\x39\x34\xE1\xA3\xD2\x0F\xC7\x9D\x10"
"\x84\xBE\x61\x7F\x93\x1E\xCC\x56\x40\x1C\x76\xC0\xFF\xFC\xD7\x7F\x3F\x8D\x8A\xCF\x85\x1B\x8D\x9E\x9E"
"\x9E\xF0\xEF\x5C\x64\xB2\x04\xAA\x6E\x82\x0C\x0E\xB3\x87\xC5\xC1\x1D\x0F\x7C\x19\xFB\x32\x7D\xEA\x28"
"\x77\x43\x5F\xC0\xFB\x61\xB5\x23\x9D\xB3\xC2\x60\x68\xBC\xB0\xCC\x14\x08\x7E\x37\x5A\xFC\xF8\x1E\xFC"
"\xC1\xE5\xA2\xE4\xE1\x55\xFF\x8F\x2F\xE2\x6A\x08\x11\xE7\x82\xCA\x40\x76\x0B\xCC\x33\xCB\xCF\x73\xF0"
"\xC5\x68\x36\xCC\x66\x8E\xC0\x82\x2C\x46\xE3\xEA\xD5\xD7\x05\x02\xF9\x0F\xDE\xAA\x0A\x2D\xF0\xE2\xC8"
"\xFA\x5F\x0D\x66\xAD\xF6\x5B\xD2\x5C\x87\xDD\xC6\xAE\x00\x3E\x60\x14\x46\x22\xFD\x7C\xB7\xB3\x5A\x7E"
"\xAF\x10\xF3\xB7\x8A\x93\xA1\xE5\xF7\x05\x02\xA3\x4C\x07\x92\xA7\x54\xB9\x80\xFB\x8A\x7C\x93\x7F\x0B"
"\x18\xDF\x80\xFD\x85\xBB\xDD\xEC\xD7\x8C\x57\x3C\xF7\x96\xE4\xE1\x2E\x2E\x66\x41\x07\x53\xBB\xB4\xB0"
"\xB0\x14\xF8\xBB\x98\x73\x93\x37\x22\x68\xB7\x5B\xDF\x46\xD4\x2E\x81\x83\xE8\xAD\x8F\x9B\xC3\x6E\xB7"
"\xD1\xCA\x5C\xAD\x92\xA6\xFF\x74\x21\x31\x8A\x48\xE7\x59\xB0\xFE\x58\x41\x61\x86\x92\xCB\x95\x6C\xDB"
"\xC1\x3C\xBE\x81\xC7\x5D\x73\x76\xD8\x03\xD6\x9B\x57\xA6\x78\xF3\xB5\xB3\xD4\xAE\x3F\xFD\x36\x94\xC0"
"\x84\xE0\x79\x5E\x2C\x2E\x4D\x4B\x5D\x95\x35\xF6\x2F\x01\x88\xD3\x72\x73\xDC\xBC\xF2\xD8\xE9\xE2\xF3"
"\x85\x3F\xF8\x6D\xA0\xF6\x66\x60\xD7\x9F\xC8\xCA\x5F\x88\x4D\x57\x2C\x88\xFF\x37\x83\xB1\x8B\x2A\xFF"
"\x74\xD3\x8F\x9F\x46\x20\x2E\x1B\xBB\x90\x84\x93\xB5\x61\x9B\xE7\xE7\xCD\xF2\xFB\xF4\xEE\x37\x3A\x0C"
"\x38\x7A\x62\xF6\x27\xCA\x3E\x35\xB6\xF9\x53\xD9\xC9\x20\x97\x0C\x56\x6C\x9A\xDA\x96\xE5\x6A\xBF\xDB"
"\xED\xD6\x2F\xDF\x87\xC1\xB7\x88\xE0\x33\x39\xBD\x26\x15\xF3\x4D\x60\x44\x4C\xE9\xBD\x8B\x0A\x17\x0C"
"\xD4\x6A\x77\xD8\xBE\x1C\xF7\xEB\xE5\x77\x71\xA6\xDF\xBE\xEF\xA0\xE9\x8F\x54\xF5\x88\x1F\xA9\x7B\xA3"
"\xE7\x7C\x59\x16\x8E\xB2\xC8\xE7\xD1\x5E\x30\x4B\xC3\x54\xBA\x85\x0A\x3B\xD8\xEE\x04\xC6\x7B\xA9\xA7"
"\x5C\x3D\x6C\xB4\xF8\x76\xBF\xC2\xCF\x8E\xFB\xE3\xB7\xF7\x71\x52\xD0\x68\x4D\x34\x3F\x80\x24\xC1\x57"
"\xCF\xF7\x31\xD4\xB5\x48\xC2\x4E\xA7\x19\xC2\x7F\xCD\x30\x8F\x26\xEC\x86\x7D\xCD\x5F\xFF\x8B\xF4\x2E"
"\xF7\x87\x9B\x21\x10\x3B\xD6\x62\x34\x19\x0C\x06\x13\x7C\xA1\xBF\xB8\x35\xA1\xBF\x1A\xF9\x6D\xF5\xF1"
"\x60\x70\xDA\xA4\xBF\x0D\x1A\xEF\x71\x77\x90\x9D\xE9\xF4\xA1\x6E\x02\xAF\xF3\xFF\x23\x02\x5F\x80\xC0"
"\xBF\x7D\xDF\x9F\xCA\xE0\xE7\x80\x31\xEB\xAD\x53\xE9\x2E\xFC\xBC\x3B\xDE\x8C\x15\x21\x0A\x3F\x07\x96"
"\x1E\xE1\xBC\x06\x34\x22\xDB\xE7\x5B\x32\x22\x9F\x02\x76\xE5\x87\xCC\x02\x37\x06\xFC\x98\xF5\x37\x72"
"\x04\x3F\x1F\x7F\x7E\xEB\x68\xBF\xAD\x2D\x38\xD2\xAC\xCE\xFC\x7D\x14\x6F\x8C\x8D\x0C\xDE\x40\xD5\x6A"
"\x15\x03\x03\x03\x03\x03\x03\x03\x03\x83\xF7\xE2\xE4\x53\x55\x4D\x3E\x5E\x98\x8D\xCC\x7F\x74\x61\x1D"
"\xB1\xC5\x5E\xF1\xD7\xD8\x5B\x27\xBF\x74\x8D\x95\x07\xBC\x7A\x19\xFF\x34\xF8\x29\x96\x5C\x8C\x2A\xA7"
"\x21\xCF\xB3\xA6\xBC\xD4\xB4\x7A\x0E\x23\x0B\xD0\x54\xDD\x51\xFA\x61\x6E\x4C\x77\xF1\x3A\xAA\xF7\x14"
"\x0E\x28\x5E\xC5\xD7\x8E\x51\x78\x7F\x3A\x9D\x2E\x68\xEE\x88\x2D\x60\x33\x5B\xC3\xC5\xB8\x3B\xED\x4E"
"\xA7\xB9\x0C\x0C\xD8\x31\x9D\x76\x69\x7E\x8E\xC1\x27\xDD\x34\x7B\x03\x0F\xC3\x93\xF4\x58\x81\x90\xA0"
"\xDB\x1E\x8F\x86\x53\x87\x57\x25\xE3\xDB\xDD\xBB\xF1\xB8\xDD\xD5\x95\x91\x31\x1E\x8D\x67\x79\xA4\xC2"
"\x33\x78\x45\xC5\xC7\x82\xD1\x87\xA5\x7C\x36\xB8\xDA\x2E\x5C\x43\xFA\x85\xDC\x9E\x6A\xFC\x0E\x3E\x61"
"\x72\xE1\x6A\x60\x32\x8A\xF4\x13\xA4\x8D\x3B\x42\xCA\x5C\x2E\x8A\xDD\x94\x42\xF8\xB9\xE2\xEE\x7C\x80"
"\x0B\x86\x23\xCA\x92\x14\xB0\xA9\x9B\xDA\x09\x6C\x03\x44\x1C\x8E\x72\x8B\x47\xA2\x44\xD2\xFE\x78\x70"
"\x96\x05\xC3\x79\xD4\x54\xCB\x8F\x9B\x91\xE6\x9C\x07\x1E\xB6\x76\x55\xE1\x0E\xE1\x0F\x0A\x92\x8F\x1F"
"\x96\xD7\xD8\xBA\x70\x75\xC2\xEF\x66\x69\x0C\x5D\x75\x15\x58\xA4\xE0\xEE\xCF\x67\xF6\xFF\x84\x40\xE9"
"\xC5\x1D\xAA\x3C\xD7\xC3\x25\xFE\xA7\xC5\x0B\x0B\x81\xCB\x85\xBD\xD3\x9A\x2E\x3E\x81\x3D\x32\xC1\x8C"
"\xFC\x7E\x12\xC7\x19\x81\x21\x1C\x16\xD3\x44\xB8\x4C\x57\x68\x62\x06\x74\xAC\x76\xC7\x7E\xB7\x3C\xEB"
"\xCE\x70\x1D\xAD\x87\x9F\xC5\x7E\x43\xD7\xFE\x0D\x12\xCC\xFA\x9B\x20\xF5\x53\x81\x75\x06\xF2\x04\xF6"
"\xA1\xB1\x28\x11\x38\x92\x58\x8F\x60\x76\x22\x50\xA8\xF5\xF5\x74\xD2\xAF\x9B\x34\x4E\x09\xC4\x0B\xA7"
"\xEC\xE3\x13\x81\x63\x5A\xB0\x2E\xB3\x6C\x6E\xAC\x94\x8D\x3B\xB0\x44\xD8\x89\x40\x66\xD9\x1D\x4C\xD1"
"\x02\x79\xC2\x8B\x97\x5D\x55\x51\x8C\xCE\x05\x7B\x40\x30\xCB\xEB\xE6\x30\x11\x18\x3F\x14\x82\x96\x23"
"\xCF\xA8\x30\x85\x15\x50\xEA\xAE\x9C\xC2\xC9\x1F\x64\x91\x40\xFD\x7B\x15\x4E\xC3\x59\x87\x32\xC3\x9A"
"\x76\xFA\x28\x98\x05\x66\x8F\x91\xC8\xC7\x67\xBF\xD9\x3F\x4E\x60\x68\xF3\x12\x81\x70\x47\x4D\x95\xBC"
"\x96\xD5\xBD\x62\xD6\x80\x28\x15\x3D\x6E\x39\xF0\x3B\x0B\xB5\x64\x9F\x08\x14\x8D\x68\xF8\xD4\x81\x5B"
"\x90\x5E\x9F\xAB\x24\xAB\x58\x88\x3B\xD7\xED\xB6\x3B\xA5\x64\x7C\x4C\x9A\xC4\x76\x77\x3F\x1F\x47\x02"
"\x8E\x10\x8F\x2A\x95\x9A\xE4\x47\x74\x28\x27\xCB\x13\x93\x7C\xB6\x92\x75\x46\x20\x9C\x44\xE7\xD6\x65"
"\x22\x8F\x04\x26\x0B\xD7\x8D\xE0\x44\x59\x2E\xE2\x57\x10\x38\x95\x1E\xFC\x8E\x38\xBB\xD8\x13\x39\x02"
"\x61\x7F\x1C\x37\x93\xF8\x94\xFB\xA7\x25\x30\x96\x0D\xCE\x91\xC0\x38\x23\x50\xC4\xFE\x03\x5A\xC4\x99"
"\xA4\x05\xEE\x54\x18\xDF\x8F\x75\xB9\x0F\xE6\x16\x53\x24\x19\x6F\x41\x33\xAA\x19\x03\x9D\x15\xB9\xA7"
"\x03\x94\x04\xC6\x92\xD2\x5B\x89\xC0\x5C\xC2\x5C\x05\x81\xD8\x3F\x42\xD8\x3B\x4B\xAF\xB7\x2B\x95\x3C"
"\xF2\x86\xFC\xCA\x04\x60\x22\x4A\x36\xC9\x09\x70\x40\x2B\x8B\x5E\x7A\x41\x2D\xB8\x8E\x08\x5E\xB2\x54"
"\x70\x22\x50\xA8\x9B\xCF\x08\x04\x10\x81\x11\x07\x7B\xC8\x60\x4B\x0C\x38\xD5\x32\x41\x15\x18\x05\xB4"
"\x0E\xA7\xC4\x5F\xE0\x89\x38\xAD\xD5\x3D\x43\x45\x86\x8F\x95\x23\x02\x51\x20\x9B\xC1\x99\x04\x92\x0E"
"\x2C\x12\x08\xCD\x45\xEC\x4D\xBD\x2C\x5B\x9F\x08\x94\x09\x5A\xF5\x39\x5C\xF3\xDD\xD7\x12\x28\xBC\xF1"
"\x78\x3C\x9B\x35\x84\xEE\x97\x34\xD3\xEB\x81\x8E\x72\x86\x39\x75\xA4\x08\x84\xFE\x2A\xE7\xA7\x2E\x6C"
"\xD1\xE2\xE1\x58\xDE\xAB\xB5\x33\xC0\x47\xD2\x47\x02\x51\x31\xC0\x0D\xB5\x86\x0E\x2F\x6B\x40\xEC\x6B"
"\x69\xAD\x6E\x14\x73\xDA\x46\x46\x84\x07\xE6\x08\x7A\x5F\x04\x5F\x3A\x29\x5A\xE1\x92\x04\xAA\x9F\x7D"
"\xCE\x07\xF4\xD3\xA9\x0B\x46\xC5\xE0\xDD\x0D\x87\x2D\xFC\x21\xBE\x6E\xC1\x22\x26\xE4\x69\xE5\x4B\xEA"
"\x37\x23\x10\xEF\x62\xCE\x5D\xC5\xA9\xBE\x0F\xD0\x81\x32\xA2\x8B\x46\x8D\x25\xF3\x04\x3E\x10\x81\x5D"
"\xA1\x2F\x9E\x83\x0F\x84\x67\x83\x73\x36\xCA\x0B\x67\xF0\x0B\xD5\x39\x19\x9D\x5F\x4E\x89\x40\x4F\x0A"
"\xEF\x1E\x2C\xF9\xAF\x60\x2A\xCB\x56\xF8\x9C\x40\xE8\xA7\x7E\x1B\x7F\x30\xBD\x64\x2F\x35\x22\x3E\x78"
"\x53\x22\x9E\x7E\xDD\x94\x3B\x7A\x5D\x85\x84\x67\xC5\xCA\x0F\x90\x36\x4F\xDE\xF1\x20\x84\x3F\xD9\x63"
"\x1A\x80\x40\x7F\xB1\x00\xED\x16\x3A\xC9\x39\x81\x5A\x0F\x11\x81\xF4\x7C\x25\x41\x3E\x85\x2C\x3E\x20"
"\x84\xEC\x8B\xEE\x78\x8A\x40\x41\x2B\xC0\xFA\x1E\xEC\x76\xC6\x3E\x74\xBF\x6E\x46\x4B\x7A\x48\x99\x40"
"\x52\x21\xA0\x49\xF0\xF0\x58\x9F\x6A\xA1\xAB\xDC\x00\x81\x5E\xF4\x95\x04\x92\x40\x08\xF4\xE3\xBC\x8C"
"\x40\xB2\xC8\x48\x05\x6F\x83\x3E\x1A\xE8\xE1\x02\x91\x3A\xE5\xC0\xA9\x18\x81\x80\x89\xA2\x0E\x64\xBA"
"\x47\xA6\x15\xE1\x83\xE1\x5C\x90\x6B\x23\xE6\xF9\x01\x0A\x56\x45\x81\xEF\xE9\xE9\xAA\xE7\x52\x49\xA0"
"\x76\x63\x1C\x07\xB5\xE0\x1D\x08\x7A\x91\xC0\x92\x11\x41\x0D\x11\x63\xED\x15\x3E\x47\x45\xAD\xBE\x8F"
"\x7E\xBC\xCE\x7C\x9E\xA0\x25\xFB\x6A\x23\x92\xB8\x8E\xE3\xF4\x17\xDE\x89\xC0\x21\x69\xC6\x51\x9B\x4A"
"\xC7\x68\xA6\x34\x81\x5D\x72\xF8\x44\xD9\x88\x80\x39\x06\xE7\x36\xA6\x35\x99\x64\x20\x38\xEB\x45\xB3"
"\xD3\x8F\x92\x7D\x61\x46\x1A\xA9\xCA\x93\x0E\xA4\x86\xE4\x1E\x83\x10\xBD\x41\x60\x0B\x84\x3E\x6C\x8F"
"\xDA\x40\xA0\x6A\xAA\xD4\x07\x38\xF9\xB6\xFD\x84\x7A\xE4\xCB\x16\x82\x69\x2B\x4C\x81\x03\xE7\x24\x81"
"\x6C\x2E\x94\x73\x8C\x7D\x24\xFD\x3D\x91\x40\x5C\x37\xD4\x90\xF9\xDE\x4E\x7E\x20\x59\x61\x4E\x1D\x5B"
"\xF9\x8D\x2A\x88\xC0\x79\x37\x2E\x3B\x20\x24\x6B\x52\x95\x59\x85\xB1\x0D\xDE\xB5\x75\x22\x10\xBD\x4F"
"\xFC\xEA\x6A\x02\x75\xEE\x02\xAE\x45\xC6\xCB\x93\xB4\xF4\x42\xF9\xA3\xCA\x0F\x0C\x98\x7D\xD6\xDF\xBF"
"\x80\x40\xED\x48\xA3\x1F\x98\x6A\x30\x32\x01\xFA\x9F\x0C\x2D\x7A\xEE\x11\x5A\x61\x24\xD0\x55\x2B\x46"
"\xE4\xCF\x93\x04\x4A\xF4\x03\xDD\x50\xC6\x69\x67\x7E\x9C\x74\xA9\xB4\x3E\x89\x5B\x41\x02\xD1\x77\x01"
"\xEB\x12\xE1\xA7\x58\x9D\x4B\xD7\x0E\x20\x02\x7B\x9C\x86\x80\x71\x5C\x1E\x89\xA0\x2E\x7D\x4C\xA3\x43"
"\x4C\x37\xD2\x97\x87\x19\x5D\x5A\x07\x36\xF1\x3B\x49\xAF\x7E\xD9\x50\x44\xE9\xC0\x30\x1B\xCA\xE9\x9F"
"\xB3\x8D\x0A\xC5\xF3\x12\xCF\xFB\x95\x79\xD7\xA9\x0E\xB4\x79\xC3\x2F\x10\x08\x46\x24\x1E\x8C\x67\x13"
"\x1C\xBA\x89\x39\x3D\x9A\x81\x3F\xF8\xB2\x39\x8E\xA6\x43\x34\xC6\x49\x50\xB4\x22\xF4\xEB\xC4\x8D\xFB"
"\xFB\x06\xFD\x12\x6A\x05\x5D\xA0\x7D\x76\xBB\x79\x81\xC0\x58\x3F\x34\xB6\xAF\xAC\x19\x5D\x5E\x02\xBE"
"\x16\x29\x43\x46\x3A\x30\x4E\xBA\x8B\xC5\x3D\xFE\x8C\x5F\xF7\x54\x17\x3D\x12\xA1\x5E\x94\x7A\xC7\xE8"
"\x11\x83\x43\x36\x0E\x9C\xBE\x13\xB8\xDA\xED\xB5\x54\x30\x81\x7C\x8E\x9E\x77\xEA\xC2\x4C\x11\x28\x94"
"\x17\x24\x3D\x6D\x1D\xC0\x0B\xC2\x5D\x60\x45\x3C\xBF\x94\xFF\xAB\xBC\xEC\x6C\xD8\xDA\x56\x9D\x99\x08"
"\xC4\xF5\xD9\x53\x12\xFE\x73\x2B\x4C\x5F\x81\x01\x1B\x0B\xA3\x1E\x20\xF3\x70\x79\x7D\x3B\xD2\x3A\x5A"
"\xBB\x31\x42\x0F\xB0\x07\x5F\x16\x8E\x49\xC7\xC2\xC8\x4F\x2F\xCE\x5F\x8C\xF8\xA9\x72\x45\xC1\xE3\x12"
"\x24\xA1\x8C\x08\xA4\x68\x56\x5B\xE6\x86\xCD\x76\xA8\x1D\x08\xF0\xC2\xC2\xCC\x8D\xF4\x63\x6D\xD8\xFD"
"\x79\x50\x8E\x8D\xB0\x99\xD4\x66\x5F\xC8\xF4\x81\x4A\xC4\x11\x95\x4D\x9E\x4B\x22\x30\x7F\x8D\x6A\xA0"
"\x1C\x53\x70\x07\xBB\x39\x5C\x32\x45\x11\x38\x1E\x46\x03\x37\x1C\x1C\xA7\xD1\x18\xE1\x27\xEE\x17\x12"
"\x08\x5E\x85\xE8\x58\x2A\xC8\x27\x55\x87\xA2\x91\xAC\x22\x4D\x8D\x54\xA4\x2A\x08\x3D\xF1\x95\xF9\x04"
"\x55\x2F\x4F\x46\x84\x85\xE8\xBC\x82\x1B\xDC\x6C\x4D\x75\xC6\x0F\x63\x76\x34\xC0\xBA\x83\x52\x36\xDB"
"\x76\xB9\x37\x61\x7F\x53\x9F\xC6\x83\xF4\x51\x74\x16\x38\xD2\xD4\x85\x41\x7D\xC6\x99\x29\x4A\xD1\x47"
"\xC3\x2C\x28\xF4\x80\x7A\x72\xEE\xC7\x24\xD6\x78\x4D\x60\xD1\x7C\xF4\x93\xC8\x8D\x21\x99\xF6\xC2\xA7"
"\xAF\x5C\x9F\xC3\x6D\xD7\x75\x1D\x8A\x04\x33\xD8\xEA\xD1\xE8\xD5\xC1\x7D\x96\x12\x0D\x0B\xAB\x06\x52"
"\x3C\x80\x3B\xBF\xF3\x5B\x6E\x5A\xBA\xC8\xA1\xC2\x82\x3D\xC7\x3E\x85\xE8\xD1\x00\x3B\xDD\x68\x78\xFF"
"\x68\x57\x05\xA4\xB1\x3E\xD9\xC3\x70\x38\xED\x65\xE3\x3C\x46\x5F\xAE\x26\x0B\x7A\xB0\xD9\x2F\x1E\xD0"
"\x3B\x15\x30\x84\x53\xE3\xBB\x40\x5F\x5E\xA0\x8E\x03\x4D\x92\x36\xC0\xEB\xF8\xCA\xA0\x7E\xD5\x5C\x44"
"\x7E\xBA\xA1\xF4\xF9\x79\x83\x6C\x36\x22\xB7\x62\x81\x62\x82\xAF\xAE\xF5\xA8\x9C\x13\xB1\xCE\x4F\x5E"
"\xFC\x0A\xF5\x41\xFE\xBC\xA5\x6B\x2A\x5D\xC7\x97\xA0\x62\x36\xAC\x30\xB9\x55\x35\x5B\x96\x35\x60\xE9"
"\x9B\xEA\x99\xB4\x57\x4A\x58\x56\x4D\xAA\x95\xB7\x4A\xAD\xD3\x43\x8A\x4B\x48\x0A\x17\x6D\xB2\xB6\x0C"
"\xDE\x03\x23\x2E\x1F\xA4\xE0\xC2\xA2\xE1\xBF\x7D\x53\xFF\x2C\x68\xC5\x70\xC5\xB6\x56\x87\xA7\x37\xF9"
"\x56\x56\xA1\x55\xB6\xFF\x5C\x6D\x96\x0E\x4D\x9B\xDD\x90\xA8\x32\xBD\x68\x4B\x6F\x9F\x32\x0F\xC8\x30"
"\xE6\x2C\x69\xBE\x95\x95\xB7\xE9\xD6\x69\xB3\x6C\x6D\xA9\x0A\xA1\x7A\xAC\x8B\x6A\x7A\x5A\x35\xF2\xB7"
"\xEF\xFB\xF3\xF8\xDB\x1E\x56\xAB\x8D\x8E\xB0\x6E\x0E\xAB\xC3\x46\x0F\x25\x36\xAB\x2D\xE7\xC7\x83\x4A"
"\x5C\x80\x77\x6B\x78\xAF\x5A\x2D\x0F\xAA\xF2\x91\x5A\x69\xB9\x49\xC3\xB3\xCB\x03\x22\xB7\x10\x19\x8F"
"\x7A\x81\xF3\x53\x0B\xCE\x0E\x47\x1A\x96\xBF\xAC\xA0\xD5\xEA\xF9\x46\x72\xCA\xE1\x1E\x77\xEB\xC3\x7A"
"\x47\x65\x8C\xD4\xF6\x7E\xA3\x28\x3B\xE0\x02\xA2\xD5\x9E\x6A\x01\x60\xA5\x85\x03\xAE\x65\xC3\x0F\x5E"
"\xF6\xFB\xC3\x6A\x77\xA0\x6E\xC8\xB7\xE9\xFA\x22\xD8\xBF\xDB\xAD\x56\x45\x02\x8F\xFB\x97\xA5\x5E\x00"
"\xC2\xD9\x7E\x45\x7F\xB7\xEB\xF5\x7E\x0D\x04\xFE\xED\x5B\xFF\x1C\x70\x75\x7F\x2F\xD4\xC5\xD8\x1A\xB6"
"\xA9\x22\x0F\x72\xF6\xBC\xDF\x3F\xF3\x15\x96\xA6\x40\x36\x77\x5B\xCE\x96\x2A\xAE\x80\xDB\x40\xEF\x96"
"\x5A\x15\x08\x3C\x96\xB3\x99\x8E\xFB\xED\x6A\xB7\x54\x3F\xC8\x52\xFF\x00\xB8\xF5\x7C\x2B\x5D\x18\x08"
"\xD8\x63\x67\xE2\x7A\x1B\xC8\x20\x7E\xB4\x04\xEE\x97\x87\xBD\x22\x10\x65\x73\xCB\x55\x69\x8A\xF5\x9A"
"\xA1\x48\x1E\x69\x38\x4D\xC7\x58\xC4\xCB\xCB\x7E\x75\x3C\x1C\x0B\xD1\xFE\xE3\x9E\xAA\xAC\x90\x15\x59"
"\xD2\x62\x42\x3C\x66\xB9\xBB\x95\x0E\x9C\x92\xA6\x8B\x75\x28\x02\x9F\xB5\x6C\x1D\xF6\x2F\xFB\x03\x12"
"\x48\x96\x79\xB3\x86\x8E\x4B\xD5\x3D\x96\xFB\x15\xBC\x2A\xE2\xD2\xE3\x2D\xD5\xB5\xA1\x73\x1E\x4A\x04"
"\xEE\xF7\xBA\x3A\x48\x4A\x20\xC9\xE2\xCD\x2C\x2B\xC4\x7E\xB7\xD2\xA3\x4D\x94\x8C\x03\x6C\xAF\xF6\x2F"
"\x9A\x40\xB6\x01\x4A\x96\xE9\x38\x78\xA9\x8A\x46\x41\x47\x07\x52\xF9\x71\xA7\x4C\xC3\x96\xFA\xAD\x3A"
"\x7C\x5F\x12\x2C\x24\x70\x43\xA7\x43\xB9\x63\xEB\x83\x36\x4F\x37\x44\x20\xD5\xD2\x3A\xBE\x6C\xA8\x16"
"\x1E\x72\x77\x5C\x1E\x77\x2B\xE5\x74\x3C\xEF\x97\x6C\xBD\x23\x1D\x08\xE6\xE5\xB0\x7D\x59\x51\xD1\x28"
"\xF8\x60\x77\x78\x01\x81\x5C\x92\x4F\xB2\xDD\x1F\x36\x9B\x2D\x9E\x0A\xBB\x30\x6C\xE6\xCB\x81\x00\x81"
"\xCB\xED\x6E\xA5\x4E\xC1\xF6\x2B\x2B\x25\xF0\xF9\x66\x96\x56\xAB\x8A\x0F\x7A\xA5\x29\x18\x90\xDD\x7E"
"\xB7\xD2\x4A\xFF\x00\xDA\x7F\xBB\xD7\x04\x3E\xEF\x77\x3B\x25\x37\xF0\x3F\xBE\x59\x6F\x95\x5C\x6D\x71"
"\xA1\xE5\x8A\x6B\x2B\xBC\xDB\xEF\x73\xA5\x23\x18\xC9\xE9\x11\xBA\x2E\x27\x73\xB5\x4A\xDD\xA0\xDD\xED"
"\x10\x88\x35\x47\xB6\xA9\xD8\x30\xCB\xDE\x6E\x5F\xD2\xED\xE5\x0B\xD8\x96\x97\x17\xD5\x8A\x2D\x37\x9B"
"\x65\xE6\x53\xBF\xE8\x23\xB0\xE7\x6E\x5F\x5E\x5E\x54\x2D\x47\xB6\xC5\xED\xC2\x6C\xC9\x72\x0B\x72\xFA"
"\xA2\x4E\xC9\xB6\xE9\x09\x70\xEB\x56\xF8\xCB\xAA\xDE\x28\x9A\x58\x2E\xA4\xC7\x79\x3E\x91\x28\x1F\x09"
"\x64\xF9\x37\xD9\xB0\x82\x9D\xC7\xFD\x54\xA9\x56\x55\x89\x82\x59\xF9\x31\xCB\xED\xF0\xA7\x78\xAB\xDA"
"\x66\xC5\xB1\xF0\xC5\x56\xD5\x99\xFE\xB9\x86\xA7\x8F\x0B\xA7\x36\x30\x30\x30\x30\x30\x30\x30\x30\x30"
"\x30\x30\x30\x30\x30\xA8\x17\x4C\x3C\xE0\x83\x30\x04\x7E\x0C\x26\x22\xF5\x06\x0A\x55\x28\xDF\x2E\x53"
"\x99\x1E\x94\x1D\x4C\x7F\xEA\x4C\xF3\x7B\xEA\xA4\xEA\x43\x58\x1A\x69\x3E\x6D\xD4\xB6\x2A\x20\xE3\xCB"
"\xE3\xF3\xF3\xF3\xF1\x88\xAF\xCF\xEA\x35\xC3\x11\xF7\x6B\xE0\xFB\x53\xED\xC9\xAD\x9E\x8F\xD2\x93\x1E"
"\x38\x27\x52\xD3\xBA\x94\x98\xE0\x81\xA0\x79\x36\xFC\xAB\x5E\x76\x84\x7D\x19\x07\xBD\x72\xEC\x59\xCD"
"\xA2\xE3\x44\x1F\xE6\x8B\xD0\x03\xB0\x56\xEC\x46\x92\x38\xDE\x05\x4A\xE5\xD8\x5F\x0F\xF5\x90\xA1\xE5"
"\x1E\xF9\xA2\xB4\x8F\x35\xCD\xFC\x02\xA3\x98\xAA\x54\x43\x11\xA4\xE9\xDE\xEB\x91\xCE\x2A\xEF\x48\x18"
"\x31\xE1\x68\x4F\x8F\x7B\x01\x26\xF7\xBB\x6D\x1D\x09\xB4\x70\xF2\xFC\x7A\xA4\x19\x85\xDB\xD5\x81\x64"
"\x91\x6D\x56\x47\x35\xA5\x77\x5C\x6D\xEA\xD8\x83\x11\xA0\xFF\xB7\x34\x51\x7E\x7A\x55\x3B\xF4\x7B\xDC"
"\x78\x51\x1F\x2C\xF3\xF9\xAD\x2C\xDD\xB0\xF4\x4C\xF1\xDF\xBE\x91\xBF\x05\xF6\x0E\x37\xE6\x6C\xEE\x38"
"\xBF\xD2\xE3\x6F\xDF\xC8\x5F\xC3\x5B\xCE\x33\x3B\x95\x79\xBF\x7C\x8E\xBF\x7D\x13\x06\x06\x06\x06\x06"
"\x06\x06\x06\x06\x06\x06\x06\x06\x06\x06\x06\x06\x06\x06\x06\x06\x06\x06\x06\x06\x06\x06\x06\x06\x06"
"\x06\x06\x06\x06\x06\x06\x06\x9F\x8F\xFF\x07\x4F\x0D\x46\x92\x78\x46\x2E\xF9\x00\x00\x00\x00\x49\x45"
"\x4E\x44\xAE\x42\x60\x82"
}
};


const binfile_t *builtin_images[] = {&background_a26,
&background_col,
&background_collections,
&background_doom,
&background_favorite,
&background_gb,
&background_gba,
&background_gbc,
&background_gg,
&background_gw,
&background_lnx,
&background_md,
&background_msx,
&background_nes,
&background_ngp,
&background_pce,
&background_recent,
&background_sg1,
&background_sms,
&background_snes,
&banner_a26,
&banner_col,
&banner_doom,
&banner_favorite,
&banner_gb,
&banner_gba,
&banner_gbc,
&banner_gg,
&banner_gw,
&banner_lnx,
&banner_md,
&banner_msx,
&banner_nes,
&banner_ngp,
&banner_pce,
&banner_recent,
&banner_sg1,
&banner_sms,
&banner_snes,
&logo_a26,
&logo_col,
&logo_doom,
&logo_favorite,
&logo_gb,
&logo_gba,
&logo_gbc,
&logo_gg,
&logo_gw,
&logo_lnx,
&logo_md,
&logo_msx,
&logo_nes,
&logo_ngp,
&logo_pce,
&logo_recent,
&logo_sg1,
&logo_sms,
&logo_snes,
&splash,

0
};
